$FLYS,1
$VAR,FIRMWARE_VER,v2023.09.22.1
$VAR,DEVICE_ID,004b0042484e501320353131
$VAR,SESSION_ID,2ac3867861d1e7a4cfffdccf
$COL,GNSS,time,lat,lon,hMSL,velN,velE,velD,hAcc,vAcc,sAcc,numSV
$UNIT,GNSS,,deg,deg,m,m/s,m/s,m/s,m,m,m/s,
$DATA
$GNSS,2024-10-11T18:16:19.800Z,34.7332738,-76.6555266,12.160,-0.54,0.14,-0.45,109.801,214.926,3.67,5
$GNSS,2024-10-11T18:16:20.000Z,34.7332894,-76.6555299,8.891,-0.04,0.24,-0.37,65.028,105.046,3.01,5
$GNSS,2024-10-11T18:16:20.200Z,34.7333498,-76.6555659,20.078,0.03,0.17,0.23,41.630,63.989,2.01,7
$GNSS,2024-10-11T18:16:20.400Z,34.7333567,-76.6555632,19.992,0.17,0.08,0.11,34.273,52.969,1.65,7
$GNSS,2024-10-11T18:16:20.600Z,34.7333616,-76.6555642,18.866,0.10,0.08,0.55,29.967,45.405,1.64,7
$GNSS,2024-10-11T18:16:20.800Z,34.7333706,-76.6555578,16.579,-0.10,-0.11,0.34,26.525,39.594,1.15,8
$GNSS,2024-10-11T18:16:21.000Z,34.7333702,-76.6555522,16.138,-0.47,-0.36,0.27,23.562,35.003,0.75,11
$GNSS,2024-10-11T18:16:21.200Z,34.7333758,-76.6555534,15.080,-0.50,-0.20,0.26,21.071,31.039,0.72,13
$GNSS,2024-10-11T18:16:21.400Z,34.7333795,-76.6555427,14.496,-0.34,-0.06,0.52,18.948,27.714,0.92,14
$GNSS,2024-10-11T18:16:21.600Z,34.7333841,-76.6555351,13.832,-0.07,0.18,0.56,16.722,24.715,1.08,16
$GNSS,2024-10-11T18:16:21.800Z,34.7333899,-76.6555313,13.434,-0.35,0.44,0.30,14.809,22.284,0.67,16
$GNSS,2024-10-11T18:16:22.000Z,34.7333851,-76.6555350,13.426,-0.29,0.74,0.56,12.543,18.995,0.65,19
$GNSS,2024-10-11T18:16:22.200Z,34.7333822,-76.6555385,13.732,-0.52,0.49,0.17,11.081,16.810,0.38,20
$GNSS,2024-10-11T18:16:22.400Z,34.7333820,-76.6555408,12.775,-0.18,-0.05,0.10,10.143,15.253,0.44,19
$GNSS,2024-10-11T18:16:22.600Z,34.7333790,-76.6555432,12.243,0.02,0.14,0.11,9.477,14.214,0.62,20
$GNSS,2024-10-11T18:16:22.800Z,34.7333763,-76.6555438,11.654,0.23,0.45,0.16,8.945,13.380,0.57,20
$GNSS,2024-10-11T18:16:23.000Z,34.7333747,-76.6555429,10.925,-0.02,-0.06,0.02,8.516,12.626,0.47,20
$GNSS,2024-10-11T18:16:23.200Z,34.7333736,-76.6555421,10.329,0.55,-0.12,-0.06,8.108,11.850,0.47,22
$GNSS,2024-10-11T18:16:23.400Z,34.7333738,-76.6555435,10.028,0.65,0.09,0.03,7.649,11.179,0.46,22
$GNSS,2024-10-11T18:16:23.600Z,34.7333739,-76.6555439,9.581,1.28,-0.07,0.33,7.281,10.661,0.54,23
$GNSS,2024-10-11T18:16:23.800Z,34.7333742,-76.6555441,9.363,1.41,0.42,-0.17,6.947,10.241,0.60,22
$GNSS,2024-10-11T18:16:24.000Z,34.7333751,-76.6555435,9.178,0.91,0.11,-0.44,6.673,9.910,0.76,22
$GNSS,2024-10-11T18:16:24.200Z,34.7333752,-76.6555430,8.942,0.44,0.18,-0.13,6.361,9.538,0.61,22
$GNSS,2024-10-11T18:16:24.400Z,34.7333759,-76.6555408,8.579,0.51,0.66,0.24,6.133,9.219,0.60,22
$GNSS,2024-10-11T18:16:24.600Z,34.7333761,-76.6555377,8.334,0.22,1.02,-0.03,5.942,8.926,0.50,24
$GNSS,2024-10-11T18:16:24.800Z,34.7333756,-76.6555346,7.991,-0.52,0.87,0.31,5.753,8.637,0.62,24
$GNSS,2024-10-11T18:16:25.000Z,34.7333750,-76.6555320,7.682,-0.15,0.56,0.52,5.597,8.363,0.65,24
$GNSS,2024-10-11T18:16:25.200Z,34.7333748,-76.6555294,7.453,0.01,0.96,0.15,5.447,8.066,0.58,24
$GNSS,2024-10-11T18:16:25.400Z,34.7333746,-76.6555276,7.410,-0.07,0.42,0.25,5.306,7.814,0.60,24
$GNSS,2024-10-11T18:16:25.600Z,34.7333740,-76.6555256,7.077,-0.38,0.80,0.75,5.175,7.542,0.58,24
$GNSS,2024-10-11T18:16:25.800Z,34.7333733,-76.6555237,6.861,0.09,1.14,0.51,5.054,7.341,0.62,24
$GNSS,2024-10-11T18:16:26.000Z,34.7333726,-76.6555225,6.821,0.27,0.98,0.00,4.936,7.187,0.55,23
$GNSS,2024-10-11T18:16:26.200Z,34.7333729,-76.6555214,6.808,0.37,0.50,0.20,4.845,7.056,0.63,23
$GNSS,2024-10-11T18:16:26.400Z,34.7333733,-76.6555201,6.701,0.01,0.78,0.25,4.764,6.933,0.69,23
$GNSS,2024-10-11T18:16:26.600Z,34.7333737,-76.6555189,6.722,0.13,0.40,0.08,4.692,6.826,0.70,23
$GNSS,2024-10-11T18:16:26.800Z,34.7333741,-76.6555184,6.703,0.39,0.21,-0.10,4.612,6.709,0.46,23
$GNSS,2024-10-11T18:16:27.000Z,34.7333742,-76.6555188,6.888,0.15,-0.24,-0.27,4.543,6.606,0.75,23
$GNSS,2024-10-11T18:16:27.200Z,34.7333738,-76.6555196,7.030,-0.05,-0.23,-0.28,4.480,6.509,0.72,23
$GNSS,2024-10-11T18:16:27.400Z,34.7333734,-76.6555188,6.851,-0.16,0.40,0.01,4.418,6.420,0.65,23
$GNSS,2024-10-11T18:16:27.600Z,34.7333728,-76.6555179,6.784,-0.26,0.52,0.12,4.351,6.336,0.60,23
$GNSS,2024-10-11T18:16:27.800Z,34.7333716,-76.6555165,6.753,-0.33,0.81,0.28,4.279,6.243,0.62,23
$GNSS,2024-10-11T18:16:28.000Z,34.7333701,-76.6555158,7.055,-0.03,0.10,-0.47,4.211,6.132,0.53,23
$GNSS,2024-10-11T18:16:28.200Z,34.7333703,-76.6555171,7.172,0.52,-0.95,-0.71,4.155,6.037,0.65,23
$GNSS,2024-10-11T18:16:28.400Z,34.7333702,-76.6555208,7.073,-0.68,-2.18,-0.32,4.096,5.950,0.60,23
$GNSS,2024-10-11T18:16:28.600Z,34.7333695,-76.6555233,6.906,-0.30,-0.54,0.26,4.052,5.879,0.57,23
$GNSS,2024-10-11T18:16:28.800Z,34.7333693,-76.6555235,6.726,-0.17,0.13,0.17,4.009,5.811,0.64,23
$GNSS,2024-10-11T18:16:29.000Z,34.7333685,-76.6555236,6.694,-0.28,-0.19,-0.01,3.964,5.746,0.60,23
$GNSS,2024-10-11T18:16:29.200Z,34.7333684,-76.6555234,6.632,0.29,0.14,-0.04,3.915,5.672,0.49,23
$GNSS,2024-10-11T18:16:29.400Z,34.7333680,-76.6555227,6.798,-0.06,0.18,-0.09,3.866,5.593,0.52,24
$GNSS,2024-10-11T18:16:29.600Z,34.7333678,-76.6555217,6.880,0.36,0.21,0.18,3.817,5.514,0.51,24
$GNSS,2024-10-11T18:16:29.800Z,34.7333675,-76.6555210,6.968,-0.03,0.15,0.31,3.768,5.437,0.60,24
$GNSS,2024-10-11T18:16:30.000Z,34.7333671,-76.6555203,7.072,0.10,0.02,0.26,3.720,5.369,0.58,25
$GNSS,2024-10-11T18:16:30.200Z,34.7333676,-76.6555194,7.111,0.42,0.18,0.31,3.671,5.305,0.51,25
$GNSS,2024-10-11T18:16:30.400Z,34.7333676,-76.6555186,7.197,0.20,0.17,0.32,3.623,5.234,0.52,24
$GNSS,2024-10-11T18:16:30.600Z,34.7333671,-76.6555181,7.270,0.05,0.09,0.16,3.572,5.160,0.51,24
$GNSS,2024-10-11T18:16:30.800Z,34.7333669,-76.6555175,7.248,0.08,0.05,0.17,3.521,5.083,0.48,24
$GNSS,2024-10-11T18:16:31.000Z,34.7333663,-76.6555173,7.309,-0.20,0.13,0.24,3.473,5.012,0.49,25
$GNSS,2024-10-11T18:16:31.200Z,34.7333659,-76.6555169,7.310,0.07,0.20,0.23,3.425,4.943,0.47,25
$GNSS,2024-10-11T18:16:31.400Z,34.7333661,-76.6555169,7.289,0.30,0.03,0.40,3.379,4.876,0.39,25
$GNSS,2024-10-11T18:16:31.600Z,34.7333657,-76.6555171,7.226,-0.48,0.08,0.12,3.334,4.810,0.39,25
$GNSS,2024-10-11T18:16:31.800Z,34.7333653,-76.6555172,7.165,0.11,0.16,0.14,3.295,4.758,0.47,25
$GNSS,2024-10-11T18:16:32.000Z,34.7333656,-76.6555171,7.088,0.15,0.08,0.19,3.258,4.709,0.49,25
$GNSS,2024-10-11T18:16:32.200Z,34.7333657,-76.6555172,7.058,0.12,0.14,0.18,3.220,4.662,0.49,25
$GNSS,2024-10-11T18:16:32.400Z,34.7333659,-76.6555172,6.996,0.04,-0.05,0.15,3.185,4.618,0.48,25
$GNSS,2024-10-11T18:16:32.600Z,34.7333660,-76.6555177,7.048,0.19,-0.07,0.09,3.149,4.577,0.34,25
$GNSS,2024-10-11T18:16:32.800Z,34.7333659,-76.6555183,7.135,-0.02,-0.15,0.00,3.120,4.544,0.40,25
$GNSS,2024-10-11T18:16:33.000Z,34.7333660,-76.6555185,7.190,0.09,0.13,0.12,3.089,4.511,0.54,25
$GNSS,2024-10-11T18:16:33.200Z,34.7333662,-76.6555183,7.206,0.14,0.06,0.11,3.063,4.479,0.50,24
$GNSS,2024-10-11T18:16:33.400Z,34.7333661,-76.6555186,7.244,0.02,0.09,0.14,3.037,4.449,0.58,25
$GNSS,2024-10-11T18:16:33.600Z,34.7333659,-76.6555189,7.281,-0.06,0.10,0.11,3.013,4.418,0.51,25
$GNSS,2024-10-11T18:16:33.800Z,34.7333656,-76.6555193,7.330,0.04,0.19,0.10,2.990,4.385,0.50,25
$GNSS,2024-10-11T18:16:34.000Z,34.7333652,-76.6555193,7.320,0.02,0.15,0.29,2.962,4.348,0.55,25
$GNSS,2024-10-11T18:16:34.200Z,34.7333650,-76.6555192,7.269,0.08,0.11,0.25,2.936,4.315,0.55,25
$GNSS,2024-10-11T18:16:34.400Z,34.7333646,-76.6555192,7.218,0.00,0.07,0.19,2.910,4.283,0.55,25
$GNSS,2024-10-11T18:16:34.600Z,34.7333641,-76.6555197,7.180,-0.07,-0.10,0.14,2.883,4.250,0.39,25
$GNSS,2024-10-11T18:16:34.800Z,34.7333636,-76.6555202,7.147,0.04,0.02,0.00,2.858,4.219,0.34,25
$GNSS,2024-10-11T18:16:35.000Z,34.7333631,-76.6555204,7.111,0.06,0.03,0.19,2.833,4.189,0.49,25
$GNSS,2024-10-11T18:16:35.200Z,34.7333626,-76.6555209,7.097,0.05,-0.01,0.13,2.809,4.159,0.46,25
$GNSS,2024-10-11T18:16:35.400Z,34.7333621,-76.6555210,7.061,0.00,0.14,0.25,2.787,4.130,0.52,25
$GNSS,2024-10-11T18:16:35.600Z,34.7333616,-76.6555209,7.037,0.06,0.29,0.29,2.766,4.102,0.50,25
$GNSS,2024-10-11T18:16:35.800Z,34.7333614,-76.6555208,6.977,0.19,0.19,0.25,2.744,4.077,0.44,25
$GNSS,2024-10-11T18:16:36.000Z,34.7333612,-76.6555205,6.903,0.05,0.17,0.44,2.724,4.049,0.51,25
$GNSS,2024-10-11T18:16:36.200Z,34.7333609,-76.6555201,6.859,0.01,0.22,0.20,2.704,4.021,0.50,25
$GNSS,2024-10-11T18:16:36.400Z,34.7333606,-76.6555198,6.788,0.03,-0.05,0.20,2.685,3.994,0.49,25
$GNSS,2024-10-11T18:16:36.600Z,34.7333603,-76.6555198,6.689,0.01,-0.03,0.23,2.668,3.972,0.53,25
$GNSS,2024-10-11T18:16:36.800Z,34.7333600,-76.6555196,6.587,-0.02,0.11,0.12,2.650,3.951,0.52,25
$GNSS,2024-10-11T18:16:37.000Z,34.7333599,-76.6555193,6.429,0.02,0.08,0.12,2.633,3.929,0.55,25
$GNSS,2024-10-11T18:16:37.200Z,34.7333598,-76.6555191,6.293,0.08,0.12,0.21,2.617,3.909,0.53,25
$GNSS,2024-10-11T18:16:37.400Z,34.7333598,-76.6555187,6.159,0.06,0.11,0.11,2.602,3.890,0.53,25
$GNSS,2024-10-11T18:16:37.600Z,34.7333598,-76.6555184,6.024,0.17,0.07,0.15,2.589,3.876,0.50,25
$GNSS,2024-10-11T18:16:37.800Z,34.7333598,-76.6555184,5.937,0.17,-0.04,0.08,2.576,3.861,0.44,25
$GNSS,2024-10-11T18:16:38.000Z,34.7333599,-76.6555185,5.873,0.21,-0.12,0.02,2.562,3.845,0.44,25
$GNSS,2024-10-11T18:16:38.200Z,34.7333600,-76.6555187,5.829,0.12,-0.02,0.17,2.548,3.829,0.47,25
$GNSS,2024-10-11T18:16:38.400Z,34.7333599,-76.6555188,5.754,0.02,-0.04,0.16,2.535,3.813,0.48,25
$GNSS,2024-10-11T18:16:38.600Z,34.7333599,-76.6555191,5.695,0.10,-0.18,0.12,2.522,3.796,0.42,25
$GNSS,2024-10-11T18:16:38.800Z,34.7333598,-76.6555192,5.623,0.02,0.00,0.28,2.509,3.781,0.53,25
$GNSS,2024-10-11T18:16:39.000Z,34.7333595,-76.6555190,5.568,-0.10,0.03,0.29,2.497,3.765,0.54,25
$GNSS,2024-10-11T18:16:39.200Z,34.7333593,-76.6555191,5.511,0.08,-0.15,0.02,2.485,3.750,0.47,25
$GNSS,2024-10-11T18:16:39.400Z,34.7333591,-76.6555192,5.410,-0.04,0.01,0.30,2.474,3.736,0.53,25
$GNSS,2024-10-11T18:16:39.600Z,34.7333587,-76.6555191,5.392,-0.07,-0.03,0.07,2.463,3.723,0.43,25
$GNSS,2024-10-11T18:16:39.800Z,34.7333583,-76.6555190,5.349,0.06,0.03,0.25,2.451,3.707,0.50,25
$GNSS,2024-10-11T18:16:40.000Z,34.7333579,-76.6555188,5.304,-0.11,0.06,0.20,2.440,3.691,0.56,25
$GNSS,2024-10-11T18:16:40.200Z,34.7333576,-76.6555189,5.340,0.05,-0.04,0.05,2.431,3.680,0.47,25
$GNSS,2024-10-11T18:16:40.400Z,34.7333578,-76.6555193,5.323,0.41,-0.26,0.16,2.422,3.665,0.45,25
$GNSS,2024-10-11T18:16:40.600Z,34.7333582,-76.6555199,5.362,0.17,-0.22,-0.09,2.410,3.647,0.47,25
$GNSS,2024-10-11T18:16:40.800Z,34.7333576,-76.6555206,5.417,-0.26,-0.58,-0.10,2.401,3.633,0.47,25
$GNSS,2024-10-11T18:16:41.000Z,34.7333566,-76.6555209,5.467,-0.27,0.13,-0.05,2.390,3.618,0.38,25
$GNSS,2024-10-11T18:16:41.200Z,34.7333554,-76.6555201,5.474,-0.59,0.34,0.20,2.379,3.604,0.38,25
$GNSS,2024-10-11T18:16:41.400Z,34.7333538,-76.6555190,5.530,-0.80,0.61,-0.11,2.368,3.589,0.38,25
$GNSS,2024-10-11T18:16:41.600Z,34.7333527,-76.6555174,5.531,-0.26,0.71,-0.08,2.357,3.572,0.40,25
$GNSS,2024-10-11T18:16:41.800Z,34.7333521,-76.6555156,5.453,-0.11,0.79,0.07,2.345,3.550,0.38,25
$GNSS,2024-10-11T18:16:42.000Z,34.7333520,-76.6555141,5.339,-0.10,0.71,0.21,2.334,3.535,0.39,25
$GNSS,2024-10-11T18:16:42.200Z,34.7333522,-76.6555124,5.248,0.22,0.86,-0.04,2.324,3.521,0.41,25
$GNSS,2024-10-11T18:16:42.400Z,34.7333522,-76.6555107,5.209,-0.13,0.92,-0.05,2.314,3.503,0.39,25
$GNSS,2024-10-11T18:16:42.600Z,34.7333518,-76.6555088,5.166,-0.17,0.99,0.18,2.303,3.482,0.38,25
$GNSS,2024-10-11T18:16:42.800Z,34.7333511,-76.6555069,5.149,-0.56,1.06,0.12,2.294,3.469,0.34,25
$GNSS,2024-10-11T18:16:43.000Z,34.7333505,-76.6555052,5.225,0.08,0.84,-0.27,2.285,3.453,0.39,25
$GNSS,2024-10-11T18:16:43.200Z,34.7333506,-76.6555035,5.192,0.23,0.85,0.09,2.276,3.436,0.41,25
$GNSS,2024-10-11T18:16:43.400Z,34.7333508,-76.6555018,5.176,0.40,0.86,0.03,2.267,3.418,0.38,25
$GNSS,2024-10-11T18:16:43.600Z,34.7333510,-76.6555001,5.181,0.19,0.80,-0.08,2.257,3.401,0.38,25
$GNSS,2024-10-11T18:16:43.800Z,34.7333514,-76.6554984,5.144,0.32,0.89,0.16,2.250,3.386,0.45,25
$GNSS,2024-10-11T18:16:44.000Z,34.7333514,-76.6554969,5.148,0.12,0.94,0.31,2.243,3.372,0.39,25
$GNSS,2024-10-11T18:16:44.200Z,34.7333518,-76.6554949,5.119,0.33,1.11,-0.02,2.236,3.359,0.41,25
$GNSS,2024-10-11T18:16:44.400Z,34.7333528,-76.6554930,5.125,0.72,0.85,0.02,2.230,3.347,0.47,25
$GNSS,2024-10-11T18:16:44.600Z,34.7333540,-76.6554919,5.134,0.71,0.60,0.32,2.225,3.334,0.45,25
$GNSS,2024-10-11T18:16:44.800Z,34.7333551,-76.6554912,5.241,0.86,0.60,-0.06,2.217,3.319,0.39,25
$GNSS,2024-10-11T18:16:45.000Z,34.7333563,-76.6554900,5.338,0.65,0.70,-0.08,2.209,3.306,0.44,25
$GNSS,2024-10-11T18:16:45.200Z,34.7333576,-76.6554891,5.367,0.83,0.46,0.28,2.204,3.293,0.47,25
$GNSS,2024-10-11T18:16:45.400Z,34.7333587,-76.6554881,5.398,0.60,0.87,0.29,2.197,3.281,0.43,25
$GNSS,2024-10-11T18:16:45.600Z,34.7333599,-76.6554868,5.504,0.91,0.76,-0.04,2.190,3.269,0.41,25
$GNSS,2024-10-11T18:16:45.800Z,34.7333613,-76.6554857,5.482,0.70,0.32,0.37,2.184,3.257,0.44,25
$GNSS,2024-10-11T18:16:46.000Z,34.7333627,-76.6554852,5.437,0.91,0.19,0.28,2.178,3.245,0.43,25
$GNSS,2024-10-11T18:16:46.200Z,34.7333642,-76.6554851,5.490,0.92,0.12,-0.24,2.173,3.235,0.43,25
$GNSS,2024-10-11T18:16:46.400Z,34.7333658,-76.6554845,5.475,0.89,0.28,0.14,2.168,3.224,0.44,25
$GNSS,2024-10-11T18:16:46.600Z,34.7333674,-76.6554838,5.416,0.91,0.38,0.26,2.163,3.214,0.45,25
$GNSS,2024-10-11T18:16:46.800Z,34.7333691,-76.6554831,5.463,1.16,0.45,-0.21,2.158,3.202,0.39,25
$GNSS,2024-10-11T18:16:47.000Z,34.7333710,-76.6554820,5.462,0.95,0.47,0.07,2.153,3.191,0.44,25
$GNSS,2024-10-11T18:16:47.200Z,34.7333720,-76.6554816,5.421,0.33,-0.04,0.18,2.150,3.181,0.44,25
$GNSS,2024-10-11T18:16:47.400Z,34.7333724,-76.6554818,5.414,0.32,-0.03,0.20,2.146,3.171,0.45,25
$GNSS,2024-10-11T18:16:47.600Z,34.7333731,-76.6554818,5.392,0.60,-0.06,0.19,2.142,3.161,0.43,25
$GNSS,2024-10-11T18:16:47.800Z,34.7333740,-76.6554820,5.432,0.70,0.02,0.03,2.137,3.150,0.42,25
$GNSS,2024-10-11T18:16:48.000Z,34.7333750,-76.6554815,5.479,0.65,0.46,-0.04,2.133,3.140,0.45,25
$GNSS,2024-10-11T18:16:48.200Z,34.7333759,-76.6554803,5.486,0.69,0.55,0.21,2.128,3.129,0.46,25
$GNSS,2024-10-11T18:16:48.400Z,34.7333772,-76.6554791,5.472,0.85,0.51,-0.01,2.124,3.123,0.48,25
$GNSS,2024-10-11T18:16:48.600Z,34.7333786,-76.6554782,5.473,0.88,0.38,0.06,2.120,3.119,0.48,25
$GNSS,2024-10-11T18:16:48.800Z,34.7333796,-76.6554775,5.440,0.59,0.13,0.14,2.117,3.114,0.52,25
$GNSS,2024-10-11T18:16:49.000Z,34.7333806,-76.6554774,5.384,0.67,-0.12,0.44,2.114,3.108,0.47,25
$GNSS,2024-10-11T18:16:49.200Z,34.7333821,-76.6554776,5.360,1.08,-0.14,0.06,2.111,3.102,0.51,25
$GNSS,2024-10-11T18:16:49.400Z,34.7333830,-76.6554776,5.384,0.25,0.04,0.25,2.108,3.096,0.49,25
$GNSS,2024-10-11T18:16:49.600Z,34.7333838,-76.6554773,5.328,0.79,0.22,0.40,2.107,3.091,0.53,25
$GNSS,2024-10-11T18:16:49.800Z,34.7333851,-76.6554762,5.328,0.84,0.80,0.28,2.106,3.085,0.50,25
$GNSS,2024-10-11T18:16:50.000Z,34.7333864,-76.6554750,5.370,0.65,0.47,-0.03,2.103,3.077,0.49,24
$GNSS,2024-10-11T18:16:50.200Z,34.7333876,-76.6554740,5.380,0.88,0.60,0.45,2.100,3.070,0.51,24
$GNSS,2024-10-11T18:16:50.400Z,34.7333892,-76.6554728,5.356,0.99,0.54,0.09,2.097,3.062,0.47,24
$GNSS,2024-10-11T18:16:50.600Z,34.7333907,-76.6554716,5.380,0.83,0.74,0.01,2.094,3.053,0.45,24
$GNSS,2024-10-11T18:16:50.800Z,34.7333921,-76.6554698,5.343,0.88,0.85,0.49,2.090,3.042,0.45,24
$GNSS,2024-10-11T18:16:51.000Z,34.7333931,-76.6554678,5.328,0.57,0.98,0.05,2.086,3.035,0.46,25
$GNSS,2024-10-11T18:16:51.200Z,34.7333939,-76.6554664,5.444,0.77,0.55,-0.16,2.082,3.027,0.44,25
$GNSS,2024-10-11T18:16:51.400Z,34.7333955,-76.6554649,5.388,1.05,0.63,0.36,2.078,3.019,0.44,25
$GNSS,2024-10-11T18:16:51.600Z,34.7333975,-76.6554631,5.406,1.27,1.05,0.00,2.075,3.011,0.45,25
$GNSS,2024-10-11T18:16:51.800Z,34.7333989,-76.6554608,5.439,0.58,1.16,-0.16,2.071,3.004,0.44,25
$GNSS,2024-10-11T18:16:52.000Z,34.7333999,-76.6554584,5.334,0.58,0.86,0.34,2.067,2.998,0.46,25
$GNSS,2024-10-11T18:16:52.200Z,34.7334004,-76.6554568,5.402,0.43,1.07,0.18,2.065,2.992,0.48,25
$GNSS,2024-10-11T18:16:52.400Z,34.7334013,-76.6554551,5.513,0.98,0.89,-0.17,2.062,2.984,0.43,25
$GNSS,2024-10-11T18:16:52.600Z,34.7334025,-76.6554535,5.506,0.62,0.86,0.43,2.060,2.977,0.45,25
$GNSS,2024-10-11T18:16:52.800Z,34.7334037,-76.6554517,5.522,0.86,1.02,-0.07,2.057,2.971,0.44,25
$GNSS,2024-10-11T18:16:53.000Z,34.7334043,-76.6554499,5.597,0.29,1.07,0.23,2.054,2.967,0.45,25
$GNSS,2024-10-11T18:16:53.200Z,34.7334048,-76.6554479,5.555,0.28,0.98,0.38,2.052,2.962,0.48,25
$GNSS,2024-10-11T18:16:53.400Z,34.7334049,-76.6554456,5.508,0.07,1.09,0.12,2.051,2.958,0.44,25
$GNSS,2024-10-11T18:16:53.600Z,34.7334054,-76.6554433,5.442,0.56,0.95,0.18,2.048,2.953,0.41,25
$GNSS,2024-10-11T18:16:53.800Z,34.7334062,-76.6554417,5.450,0.61,0.77,0.31,2.046,2.950,0.43,25
$GNSS,2024-10-11T18:16:54.000Z,34.7334071,-76.6554404,5.517,0.58,0.70,-0.10,2.044,2.945,0.46,25
$GNSS,2024-10-11T18:16:54.200Z,34.7334080,-76.6554386,5.538,0.39,0.84,-0.22,2.043,2.943,0.51,25
$GNSS,2024-10-11T18:16:54.400Z,34.7334088,-76.6554366,5.530,0.44,0.97,0.11,2.043,2.941,0.49,25
$GNSS,2024-10-11T18:16:54.600Z,34.7334092,-76.6554345,5.512,0.13,0.96,0.02,2.042,2.940,0.50,25
$GNSS,2024-10-11T18:16:54.800Z,34.7334101,-76.6554325,5.527,0.80,0.81,-0.18,2.042,2.937,0.48,25
$GNSS,2024-10-11T18:16:55.000Z,34.7334113,-76.6554314,5.572,0.69,0.52,0.08,2.042,2.934,0.48,25
$GNSS,2024-10-11T18:16:55.200Z,34.7334124,-76.6554308,5.634,0.64,0.36,-0.18,2.043,2.932,0.47,25
$GNSS,2024-10-11T18:16:55.400Z,34.7334135,-76.6554304,5.700,0.62,0.26,-0.10,2.044,2.930,0.41,25
$GNSS,2024-10-11T18:16:55.600Z,34.7334143,-76.6554298,5.683,0.25,0.26,0.00,2.045,2.927,0.48,25
$GNSS,2024-10-11T18:16:55.800Z,34.7334150,-76.6554288,5.586,0.14,0.15,-0.19,2.046,2.926,0.51,25
$GNSS,2024-10-11T18:16:56.000Z,34.7334154,-76.6554282,5.573,0.34,0.22,0.04,2.045,2.923,0.41,25
$GNSS,2024-10-11T18:16:56.200Z,34.7334163,-76.6554275,5.566,0.60,0.28,-0.11,2.044,2.920,0.43,25
$GNSS,2024-10-11T18:16:56.400Z,34.7334180,-76.6554267,5.493,1.04,0.12,-0.05,2.044,2.918,0.41,25
$GNSS,2024-10-11T18:16:56.600Z,34.7334196,-76.6554266,5.569,0.90,0.16,-0.24,2.044,2.915,0.43,25
$GNSS,2024-10-11T18:16:56.800Z,34.7334208,-76.6554261,5.625,0.55,0.29,-0.27,2.045,2.912,0.47,25
$GNSS,2024-10-11T18:16:57.000Z,34.7334216,-76.6554254,5.652,0.41,0.40,0.07,2.045,2.909,0.49,25
$GNSS,2024-10-11T18:16:57.200Z,34.7334224,-76.6554245,5.749,0.48,0.58,-0.31,2.045,2.905,0.50,25
$GNSS,2024-10-11T18:16:57.400Z,34.7334230,-76.6554234,5.880,0.39,0.66,-0.31,2.045,2.905,0.53,25
$GNSS,2024-10-11T18:16:57.600Z,34.7334240,-76.6554221,5.889,0.58,0.32,-0.17,2.047,2.904,0.48,25
$GNSS,2024-10-11T18:16:57.800Z,34.7334253,-76.6554215,5.904,0.72,0.08,-0.17,2.047,2.903,0.40,25
$GNSS,2024-10-11T18:16:58.000Z,34.7334268,-76.6554210,5.965,1.05,0.35,-0.10,2.046,2.901,0.43,25
$GNSS,2024-10-11T18:16:58.200Z,34.7334282,-76.6554201,6.018,0.71,0.52,-0.01,2.043,2.897,0.51,25
$GNSS,2024-10-11T18:16:58.400Z,34.7334294,-76.6554189,5.968,0.78,0.54,0.32,2.041,2.895,0.50,24
$GNSS,2024-10-11T18:16:58.600Z,34.7334309,-76.6554177,5.987,0.79,0.59,-0.30,2.040,2.892,0.53,24
$GNSS,2024-10-11T18:16:58.800Z,34.7334327,-76.6554168,6.063,1.30,0.46,-0.07,2.038,2.889,0.54,24
$GNSS,2024-10-11T18:16:59.000Z,34.7334352,-76.6554161,6.148,1.70,0.42,-0.01,2.035,2.886,0.52,24
$GNSS,2024-10-11T18:16:59.200Z,34.7334374,-76.6554158,6.287,1.07,0.01,-0.16,2.033,2.883,0.53,25
$GNSS,2024-10-11T18:16:59.400Z,34.7334390,-76.6554153,6.275,0.75,0.05,0.06,2.030,2.879,0.53,25
$GNSS,2024-10-11T18:16:59.600Z,34.7334403,-76.6554147,6.318,0.72,0.23,0.12,2.026,2.874,0.49,25
$GNSS,2024-10-11T18:16:59.800Z,34.7334417,-76.6554135,6.297,0.86,0.50,0.31,2.022,2.869,0.49,25
$GNSS,2024-10-11T18:17:00.000Z,34.7334432,-76.6554126,6.275,0.79,0.09,0.01,2.019,2.865,0.50,25
$GNSS,2024-10-11T18:17:00.200Z,34.7334443,-76.6554121,6.195,0.51,0.01,0.36,2.016,2.860,0.43,25
$GNSS,2024-10-11T18:17:00.400Z,34.7334453,-76.6554121,6.127,0.60,-0.28,0.27,2.012,2.855,0.38,25
$GNSS,2024-10-11T18:17:00.600Z,34.7334462,-76.6554128,6.099,0.37,-0.48,0.15,2.009,2.851,0.33,25
$GNSS,2024-10-11T18:17:00.800Z,34.7334470,-76.6554136,6.078,0.52,-0.37,0.07,2.007,2.847,0.40,25
$GNSS,2024-10-11T18:17:01.000Z,34.7334476,-76.6554140,6.082,0.28,-0.15,0.02,2.004,2.843,0.40,25
$GNSS,2024-10-11T18:17:01.200Z,34.7334481,-76.6554140,6.046,0.18,-0.14,0.08,2.002,2.838,0.31,25
$GNSS,2024-10-11T18:17:01.400Z,34.7334484,-76.6554138,5.995,0.06,0.02,0.01,2.000,2.832,0.49,25
$GNSS,2024-10-11T18:17:01.600Z,34.7334486,-76.6554136,6.010,-0.06,0.04,0.02,1.999,2.827,0.39,25
$GNSS,2024-10-11T18:17:01.800Z,34.7334486,-76.6554134,5.998,-0.08,-0.04,0.03,1.997,2.822,0.46,25
$GNSS,2024-10-11T18:17:02.000Z,34.7334486,-76.6554132,6.003,-0.08,0.18,0.10,1.996,2.817,0.41,25
$GNSS,2024-10-11T18:17:02.200Z,34.7334483,-76.6554126,5.994,-0.19,0.35,0.14,1.994,2.812,0.39,25
$GNSS,2024-10-11T18:17:02.400Z,34.7334480,-76.6554120,5.992,-0.09,0.20,0.11,1.994,2.810,0.42,25
$GNSS,2024-10-11T18:17:02.600Z,34.7334478,-76.6554112,5.909,-0.16,0.29,0.30,1.993,2.808,0.44,25
$GNSS,2024-10-11T18:17:02.800Z,34.7334479,-76.6554104,5.852,0.20,0.28,0.33,1.992,2.804,0.48,25
$GNSS,2024-10-11T18:17:03.000Z,34.7334480,-76.6554100,5.827,-0.13,0.16,0.28,1.990,2.799,0.46,25
$GNSS,2024-10-11T18:17:03.200Z,34.7334478,-76.6554097,5.798,-0.05,0.16,0.30,1.987,2.796,0.47,25
$GNSS,2024-10-11T18:17:03.400Z,34.7334479,-76.6554091,5.768,0.04,0.37,0.26,1.985,2.796,0.48,25
$GNSS,2024-10-11T18:17:03.600Z,34.7334480,-76.6554088,5.750,0.00,0.04,0.31,1.984,2.798,0.52,25
$GNSS,2024-10-11T18:17:03.800Z,34.7334478,-76.6554087,5.692,-0.24,0.03,0.54,1.983,2.800,0.56,25
$GNSS,2024-10-11T18:17:04.000Z,34.7334477,-76.6554085,5.610,-0.08,0.13,0.53,1.984,2.803,0.56,25
$GNSS,2024-10-11T18:17:04.200Z,34.7334477,-76.6554084,5.566,-0.08,0.03,0.42,1.984,2.806,0.53,25
$GNSS,2024-10-11T18:17:04.400Z,34.7334476,-76.6554084,5.499,-0.07,0.02,0.45,1.985,2.808,0.53,25
$GNSS,2024-10-11T18:17:04.600Z,34.7334478,-76.6554086,5.441,0.17,-0.11,0.38,1.985,2.810,0.44,25
$GNSS,2024-10-11T18:17:04.800Z,34.7334482,-76.6554087,5.372,0.20,0.09,0.40,1.985,2.810,0.49,25
$GNSS,2024-10-11T18:17:05.000Z,34.7334482,-76.6554086,5.346,-0.16,0.18,0.29,1.985,2.810,0.52,25
$GNSS,2024-10-11T18:17:05.200Z,34.7334479,-76.6554084,5.363,-0.15,0.28,0.26,1.984,2.808,0.47,25
$GNSS,2024-10-11T18:17:05.400Z,34.7334478,-76.6554080,5.339,-0.05,0.10,0.24,1.984,2.807,0.51,25
$GNSS,2024-10-11T18:17:05.600Z,34.7334478,-76.6554078,5.289,0.04,0.04,0.12,1.982,2.806,0.51,25
$GNSS,2024-10-11T18:17:05.800Z,34.7334478,-76.6554073,5.249,-0.12,0.37,0.11,1.982,2.805,0.39,25
$GNSS,2024-10-11T18:17:06.000Z,34.7334477,-76.6554069,5.256,0.08,0.12,0.05,1.982,2.806,0.52,25
$GNSS,2024-10-11T18:17:06.200Z,34.7334481,-76.6554063,5.198,0.30,0.09,0.10,1.981,2.808,0.55,25
$GNSS,2024-10-11T18:17:06.400Z,34.7334486,-76.6554064,5.140,0.13,-0.30,0.04,1.979,2.810,0.49,25
$GNSS,2024-10-11T18:17:06.600Z,34.7334490,-76.6554065,5.040,0.20,-0.12,0.14,1.977,2.812,0.50,25
$GNSS,2024-10-11T18:17:06.800Z,34.7334493,-76.6554065,5.046,0.16,-0.02,0.21,1.975,2.813,0.49,25
$GNSS,2024-10-11T18:17:07.000Z,34.7334495,-76.6554063,5.027,0.10,0.11,0.21,1.973,2.812,0.54,25
$GNSS,2024-10-11T18:17:07.200Z,34.7334496,-76.6554059,5.001,0.09,0.13,0.33,1.970,2.809,0.53,25
$GNSS,2024-10-11T18:17:07.400Z,34.7334497,-76.6554056,4.959,0.10,-0.05,0.16,1.966,2.806,0.45,25
$GNSS,2024-10-11T18:17:07.600Z,34.7334499,-76.6554054,4.934,0.01,0.00,0.24,1.962,2.804,0.49,25
$GNSS,2024-10-11T18:17:07.800Z,34.7334499,-76.6554051,4.927,-0.01,0.06,0.34,1.959,2.802,0.51,25
$GNSS,2024-10-11T18:17:08.000Z,34.7334501,-76.6554048,4.904,0.16,0.01,0.30,1.956,2.801,0.49,25
$GNSS,2024-10-11T18:17:08.200Z,34.7334504,-76.6554044,4.923,0.20,0.12,0.24,1.953,2.800,0.51,25
$GNSS,2024-10-11T18:17:08.400Z,34.7334507,-76.6554038,4.931,0.13,0.16,0.17,1.950,2.799,0.53,25
$GNSS,2024-10-11T18:17:08.600Z,34.7334510,-76.6554034,4.887,0.04,-0.03,0.25,1.947,2.800,0.49,25
$GNSS,2024-10-11T18:17:08.800Z,34.7334508,-76.6554032,4.899,-0.24,0.00,0.25,1.944,2.800,0.41,25
$GNSS,2024-10-11T18:17:09.000Z,34.7334504,-76.6554034,4.791,-0.46,-0.40,0.28,1.940,2.799,0.34,25
$GNSS,2024-10-11T18:17:09.200Z,34.7334495,-76.6554038,4.813,-0.50,-0.26,0.28,1.937,2.798,0.38,25
$GNSS,2024-10-11T18:17:09.400Z,34.7334486,-76.6554039,4.836,-0.33,-0.03,0.31,1.935,2.797,0.41,25
$GNSS,2024-10-11T18:17:09.600Z,34.7334482,-76.6554036,4.812,-0.10,0.01,0.26,1.932,2.795,0.46,25
$GNSS,2024-10-11T18:17:09.800Z,34.7334480,-76.6554035,4.824,-0.02,-0.04,0.26,1.930,2.793,0.47,25
$GNSS,2024-10-11T18:17:10.000Z,34.7334482,-76.6554032,4.793,0.08,0.03,0.20,1.927,2.789,0.51,25
$GNSS,2024-10-11T18:17:10.200Z,34.7334483,-76.6554030,4.787,0.06,-0.04,0.21,1.924,2.786,0.47,25
$GNSS,2024-10-11T18:17:10.400Z,34.7334484,-76.6554027,4.759,0.02,0.12,0.10,1.920,2.783,0.52,25
$GNSS,2024-10-11T18:17:10.600Z,34.7334484,-76.6554022,4.766,0.06,0.09,0.07,1.917,2.780,0.50,25
$GNSS,2024-10-11T18:17:10.800Z,34.7334484,-76.6554018,4.738,-0.08,0.06,0.00,1.913,2.776,0.35,25
$GNSS,2024-10-11T18:17:11.000Z,34.7334483,-76.6554013,4.683,-0.07,0.03,0.08,1.910,2.774,0.42,25
$GNSS,2024-10-11T18:17:11.200Z,34.7334483,-76.6554009,4.647,0.08,0.03,-0.01,1.908,2.772,0.43,25
$GNSS,2024-10-11T18:17:11.400Z,34.7334484,-76.6554004,4.620,-0.08,0.21,0.05,1.906,2.772,0.43,25
$GNSS,2024-10-11T18:17:11.600Z,34.7334482,-76.6553998,4.582,-0.07,0.09,-0.01,1.904,2.771,0.40,25
$GNSS,2024-10-11T18:17:11.800Z,34.7334480,-76.6553996,4.572,-0.20,-0.08,-0.02,1.902,2.771,0.43,25
$GNSS,2024-10-11T18:17:12.000Z,34.7334479,-76.6553994,4.503,-0.07,0.06,0.01,1.900,2.773,0.51,24
$GNSS,2024-10-11T18:17:12.200Z,34.7334480,-76.6553985,4.452,0.10,0.53,-0.08,1.900,2.775,0.43,24
$GNSS,2024-10-11T18:17:12.400Z,34.7334484,-76.6553972,4.394,0.23,0.47,0.01,1.900,2.777,0.45,24
$GNSS,2024-10-11T18:17:12.600Z,34.7334485,-76.6553959,4.413,-0.02,0.55,0.11,1.900,2.777,0.45,25
$GNSS,2024-10-11T18:17:12.800Z,34.7334486,-76.6553949,4.417,0.13,0.24,0.00,1.900,2.779,0.45,24
$GNSS,2024-10-11T18:17:13.000Z,34.7334488,-76.6553943,4.336,0.04,0.13,0.10,1.899,2.779,0.50,24
$GNSS,2024-10-11T18:17:13.200Z,34.7334487,-76.6553941,4.292,-0.11,-0.09,0.07,1.900,2.780,0.50,24
$GNSS,2024-10-11T18:17:13.400Z,34.7334485,-76.6553941,4.315,-0.08,-0.20,0.12,1.900,2.778,0.37,25
$GNSS,2024-10-11T18:17:13.600Z,34.7334486,-76.6553944,4.258,0.08,-0.24,0.04,1.899,2.776,0.34,25
$GNSS,2024-10-11T18:17:13.800Z,34.7334487,-76.6553946,4.227,-0.01,-0.15,0.12,1.899,2.775,0.34,25
$GNSS,2024-10-11T18:17:14.000Z,34.7334487,-76.6553949,4.205,-0.05,-0.25,0.18,1.899,2.774,0.36,25
$GNSS,2024-10-11T18:17:14.200Z,34.7334488,-76.6553954,4.182,0.11,-0.30,0.14,1.899,2.772,0.31,25
$GNSS,2024-10-11T18:17:14.400Z,34.7334490,-76.6553958,4.176,0.08,-0.10,0.16,1.899,2.769,0.35,25
$GNSS,2024-10-11T18:17:14.600Z,34.7334492,-76.6553959,4.137,0.04,-0.06,0.14,1.898,2.764,0.38,25
$GNSS,2024-10-11T18:17:14.800Z,34.7334493,-76.6553957,4.128,0.03,0.12,0.08,1.897,2.760,0.45,25
$GNSS,2024-10-11T18:17:15.000Z,34.7334494,-76.6553949,4.089,-0.07,0.42,0.09,1.897,2.756,0.38,25
$GNSS,2024-10-11T18:17:15.200Z,34.7334492,-76.6553942,4.034,-0.16,0.22,0.20,1.896,2.753,0.44,25
$GNSS,2024-10-11T18:17:15.400Z,34.7334491,-76.6553935,3.998,0.06,0.34,0.39,1.898,2.754,0.52,25
$GNSS,2024-10-11T18:17:15.600Z,34.7334492,-76.6553930,3.986,0.01,0.17,0.32,1.900,2.755,0.53,25
$GNSS,2024-10-11T18:17:15.800Z,34.7334493,-76.6553928,3.989,0.02,0.07,0.45,1.902,2.755,0.50,25
$GNSS,2024-10-11T18:17:16.000Z,34.7334495,-76.6553926,3.935,0.20,0.10,0.44,1.904,2.754,0.52,25
$GNSS,2024-10-11T18:17:16.200Z,34.7334496,-76.6553926,3.943,-0.01,0.07,0.35,1.903,2.752,0.50,25
$GNSS,2024-10-11T18:17:16.400Z,34.7334495,-76.6553927,3.956,0.02,0.03,0.28,1.902,2.750,0.48,25
$GNSS,2024-10-11T18:17:16.600Z,34.7334493,-76.6553928,3.908,-0.09,-0.07,0.32,1.901,2.748,0.44,25
$GNSS,2024-10-11T18:17:16.800Z,34.7334492,-76.6553928,3.858,0.01,0.00,0.19,1.900,2.747,0.49,24
$GNSS,2024-10-11T18:17:17.000Z,34.7334490,-76.6553929,3.872,-0.10,0.01,0.09,1.899,2.745,0.46,25
$GNSS,2024-10-11T18:17:17.200Z,34.7334488,-76.6553927,3.866,-0.05,0.15,0.03,1.898,2.743,0.38,24
$GNSS,2024-10-11T18:17:17.400Z,34.7334487,-76.6553925,3.875,0.08,0.05,-0.04,1.897,2.741,0.43,24
$GNSS,2024-10-11T18:17:17.600Z,34.7334487,-76.6553923,3.879,0.08,0.14,-0.16,1.895,2.739,0.38,24
$GNSS,2024-10-11T18:17:17.800Z,34.7334486,-76.6553921,3.868,-0.05,0.06,-0.13,1.895,2.738,0.39,24
$GNSS,2024-10-11T18:17:18.000Z,34.7334485,-76.6553921,3.892,0.05,-0.01,-0.18,1.895,2.737,0.49,24
$GNSS,2024-10-11T18:17:18.200Z,34.7334487,-76.6553921,3.889,0.15,-0.01,-0.05,1.893,2.735,0.48,25
$GNSS,2024-10-11T18:17:18.400Z,34.7334489,-76.6553919,3.859,0.00,0.09,0.00,1.892,2.733,0.36,25
$GNSS,2024-10-11T18:17:18.600Z,34.7334489,-76.6553917,3.829,-0.03,0.08,0.01,1.890,2.730,0.39,25
$GNSS,2024-10-11T18:17:18.800Z,34.7334487,-76.6553917,3.857,-0.07,0.03,0.06,1.888,2.727,0.51,25
$GNSS,2024-10-11T18:17:19.000Z,34.7334486,-76.6553916,3.840,-0.01,-0.03,0.06,1.886,2.726,0.39,25
$GNSS,2024-10-11T18:17:19.200Z,34.7334486,-76.6553917,3.845,-0.04,-0.04,0.04,1.884,2.725,0.39,25
$GNSS,2024-10-11T18:17:19.400Z,34.7334486,-76.6553919,3.855,-0.01,-0.06,0.08,1.882,2.723,0.35,25
$GNSS,2024-10-11T18:17:19.600Z,34.7334486,-76.6553918,3.809,-0.04,0.06,0.19,1.881,2.721,0.50,25
$GNSS,2024-10-11T18:17:19.800Z,34.7334485,-76.6553917,3.806,-0.01,0.08,0.17,1.880,2.720,0.50,25
$GNSS,2024-10-11T18:17:20.000Z,34.7334485,-76.6553915,3.848,0.01,0.18,0.07,1.879,2.718,0.43,25
$GNSS,2024-10-11T18:17:20.200Z,34.7334485,-76.6553912,3.839,-0.05,0.14,0.21,1.879,2.718,0.52,25
$GNSS,2024-10-11T18:17:20.400Z,34.7334484,-76.6553909,3.827,0.00,0.17,0.25,1.879,2.718,0.51,24
$GNSS,2024-10-11T18:17:20.600Z,34.7334483,-76.6553905,3.837,-0.01,0.23,0.25,1.880,2.718,0.50,24
$GNSS,2024-10-11T18:17:20.800Z,34.7334481,-76.6553901,3.785,-0.15,0.11,0.21,1.879,2.716,0.55,25
$GNSS,2024-10-11T18:17:21.000Z,34.7334478,-76.6553900,3.824,-0.14,0.05,0.30,1.878,2.714,0.53,25
$GNSS,2024-10-11T18:17:21.200Z,34.7334475,-76.6553897,3.804,-0.15,0.23,0.47,1.877,2.712,0.55,25
$GNSS,2024-10-11T18:17:21.400Z,34.7334472,-76.6553894,3.805,-0.15,0.11,0.31,1.877,2.711,0.56,25
$GNSS,2024-10-11T18:17:21.600Z,34.7334472,-76.6553891,3.831,-0.02,0.17,0.18,1.878,2.711,0.53,24
$GNSS,2024-10-11T18:17:21.800Z,34.7334471,-76.6553888,3.783,-0.05,0.06,0.16,1.878,2.709,0.55,24
$GNSS,2024-10-11T18:17:22.000Z,34.7334475,-76.6553889,3.805,0.31,-0.19,0.08,1.878,2.707,0.47,24
$GNSS,2024-10-11T18:17:22.200Z,34.7334479,-76.6553892,3.792,0.24,-0.15,0.09,1.879,2.707,0.46,24
$GNSS,2024-10-11T18:17:22.400Z,34.7334483,-76.6553893,3.803,0.12,-0.01,0.06,1.879,2.706,0.50,24
$GNSS,2024-10-11T18:17:22.600Z,34.7334487,-76.6553896,3.789,0.33,-0.31,-0.06,1.879,2.705,0.46,25
$GNSS,2024-10-11T18:17:22.800Z,34.7334493,-76.6553900,3.748,0.26,-0.13,-0.04,1.880,2.705,0.50,25
$GNSS,2024-10-11T18:17:23.000Z,34.7334496,-76.6553901,3.721,0.04,-0.05,0.13,1.881,2.706,0.44,25
$GNSS,2024-10-11T18:17:23.200Z,34.7334499,-76.6553903,3.689,0.20,-0.16,0.05,1.882,2.705,0.41,25
$GNSS,2024-10-11T18:17:23.400Z,34.7334500,-76.6553910,3.724,-0.09,-0.43,0.18,1.882,2.704,0.37,25
$GNSS,2024-10-11T18:17:23.600Z,34.7334497,-76.6553909,3.731,-0.09,0.42,-0.10,1.881,2.700,0.36,25
$GNSS,2024-10-11T18:17:23.800Z,34.7334498,-76.6553893,3.619,0.07,0.75,0.09,1.880,2.697,0.41,25
$GNSS,2024-10-11T18:17:24.000Z,34.7334501,-76.6553874,3.540,0.23,0.82,0.22,1.880,2.696,0.44,25
$GNSS,2024-10-11T18:17:24.200Z,34.7334509,-76.6553853,3.513,0.49,1.04,0.02,1.881,2.696,0.43,25
$GNSS,2024-10-11T18:17:24.400Z,34.7334513,-76.6553834,3.598,0.16,0.80,0.06,1.882,2.697,0.42,25
$GNSS,2024-10-11T18:17:24.600Z,34.7334520,-76.6553817,3.511,0.45,0.52,0.25,1.882,2.698,0.49,25
$GNSS,2024-10-11T18:17:24.800Z,34.7334530,-76.6553807,3.491,0.69,0.42,0.06,1.883,2.698,0.48,25
$GNSS,2024-10-11T18:17:25.000Z,34.7334543,-76.6553794,3.429,0.71,0.57,0.20,1.883,2.697,0.46,25
$GNSS,2024-10-11T18:17:25.200Z,34.7334554,-76.6553780,3.394,0.46,0.66,0.24,1.882,2.696,0.46,25
$GNSS,2024-10-11T18:17:25.400Z,34.7334559,-76.6553767,3.405,0.38,0.69,0.49,1.881,2.696,0.48,25
$GNSS,2024-10-11T18:17:25.600Z,34.7334567,-76.6553749,3.385,0.68,1.02,0.03,1.881,2.699,0.49,25
$GNSS,2024-10-11T18:17:25.800Z,34.7334576,-76.6553733,3.398,0.74,0.70,0.44,1.883,2.701,0.50,25
$GNSS,2024-10-11T18:17:26.000Z,34.7334590,-76.6553720,3.394,0.97,0.58,0.22,1.885,2.703,0.47,25
$GNSS,2024-10-11T18:17:26.200Z,34.7334603,-76.6553707,3.433,0.73,0.72,-0.05,1.887,2.702,0.48,25
$GNSS,2024-10-11T18:17:26.400Z,34.7334615,-76.6553687,3.338,0.54,1.03,0.26,1.889,2.703,0.56,25
$GNSS,2024-10-11T18:17:26.600Z,34.7334623,-76.6553662,3.274,0.44,1.24,0.21,1.891,2.705,0.54,25
$GNSS,2024-10-11T18:17:26.800Z,34.7334631,-76.6553638,3.365,0.74,1.08,-0.40,1.893,2.706,0.53,25
$GNSS,2024-10-11T18:17:27.000Z,34.7334644,-76.6553615,3.291,0.67,0.97,0.30,1.895,2.705,0.54,25
$GNSS,2024-10-11T18:17:27.200Z,34.7334658,-76.6553593,3.329,0.88,1.09,-0.30,1.895,2.701,0.48,25
$GNSS,2024-10-11T18:17:27.400Z,34.7334671,-76.6553567,3.375,0.55,1.28,-0.35,1.895,2.698,0.47,25
$GNSS,2024-10-11T18:17:27.600Z,34.7334681,-76.6553542,3.348,0.56,0.98,0.20,1.895,2.696,0.44,25
$GNSS,2024-10-11T18:17:27.800Z,34.7334690,-76.6553522,3.347,0.37,0.81,-0.25,1.894,2.694,0.48,25
$GNSS,2024-10-11T18:17:28.000Z,34.7334698,-76.6553504,3.416,0.74,0.99,-0.21,1.895,2.692,0.48,25
$GNSS,2024-10-11T18:17:28.200Z,34.7334711,-76.6553482,3.431,0.73,1.14,0.05,1.895,2.690,0.47,25
$GNSS,2024-10-11T18:17:28.400Z,34.7334723,-76.6553457,3.505,0.61,1.16,-0.49,1.895,2.688,0.46,25
$GNSS,2024-10-11T18:17:28.600Z,34.7334734,-76.6553436,3.563,0.55,0.84,-0.19,1.896,2.688,0.47,25
$GNSS,2024-10-11T18:17:28.800Z,34.7334742,-76.6553414,3.635,0.42,1.37,-0.22,1.896,2.686,0.45,25
$GNSS,2024-10-11T18:17:29.000Z,34.7334755,-76.6553388,3.738,0.97,1.14,-0.48,1.896,2.685,0.48,25
$GNSS,2024-10-11T18:17:29.200Z,34.7334772,-76.6553364,3.665,0.81,0.85,0.31,1.897,2.683,0.47,25
$GNSS,2024-10-11T18:17:29.400Z,34.7334786,-76.6553346,3.780,0.96,1.22,-0.34,1.897,2.681,0.49,25
$GNSS,2024-10-11T18:17:29.600Z,34.7334799,-76.6553320,3.806,0.47,1.09,-0.15,1.899,2.681,0.52,25
$GNSS,2024-10-11T18:17:29.800Z,34.7334806,-76.6553297,3.731,0.36,1.11,0.52,1.902,2.681,0.50,25
$GNSS,2024-10-11T18:17:30.000Z,34.7334812,-76.6553277,3.847,0.51,1.27,-0.33,1.904,2.681,0.49,25
$GNSS,2024-10-11T18:17:30.200Z,34.7334827,-76.6553251,3.854,1.10,1.08,-0.06,1.905,2.679,0.50,25
$GNSS,2024-10-11T18:17:30.400Z,34.7334841,-76.6553232,3.919,0.74,1.04,0.08,1.906,2.677,0.52,25
$GNSS,2024-10-11T18:17:30.600Z,34.7334854,-76.6553211,3.950,0.77,1.03,-0.16,1.909,2.678,0.54,25
$GNSS,2024-10-11T18:17:30.800Z,34.7334867,-76.6553188,3.772,0.47,0.86,0.75,1.911,2.679,0.52,25
$GNSS,2024-10-11T18:17:31.000Z,34.7334875,-76.6553168,3.725,0.47,1.07,0.08,1.913,2.679,0.50,25
$GNSS,2024-10-11T18:17:31.200Z,34.7334883,-76.6553150,3.757,0.52,0.81,0.04,1.916,2.682,0.54,25
$GNSS,2024-10-11T18:17:31.400Z,34.7334892,-76.6553136,3.733,0.62,0.64,0.32,1.919,2.684,0.54,25
$GNSS,2024-10-11T18:17:31.600Z,34.7334901,-76.6553125,3.726,0.42,0.44,0.09,1.923,2.685,0.54,25
$GNSS,2024-10-11T18:17:31.800Z,34.7334910,-76.6553112,3.739,0.56,0.68,-0.07,1.927,2.686,0.58,25
$GNSS,2024-10-11T18:17:32.000Z,34.7334921,-76.6553097,3.695,0.51,0.64,0.18,1.933,2.690,0.58,25
$GNSS,2024-10-11T18:17:32.200Z,34.7334928,-76.6553085,3.655,0.22,0.61,0.30,1.937,2.693,0.56,25
$GNSS,2024-10-11T18:17:32.400Z,34.7334928,-76.6553071,3.750,-0.11,0.95,-0.15,1.941,2.693,0.47,25
$GNSS,2024-10-11T18:17:32.600Z,34.7334925,-76.6553058,3.848,-0.10,0.38,-0.49,1.945,2.697,0.45,25
$GNSS,2024-10-11T18:17:32.800Z,34.7334925,-76.6553050,3.892,0.10,0.29,-0.21,1.950,2.702,0.52,25
$GNSS,2024-10-11T18:17:33.000Z,34.7334927,-76.6553048,3.942,0.23,0.00,0.11,1.957,2.706,0.47,25
$GNSS,2024-10-11T18:17:33.200Z,34.7334928,-76.6553052,4.178,0.30,0.08,-0.72,1.964,2.708,0.46,25
$GNSS,2024-10-11T18:17:33.400Z,34.7334931,-76.6553051,4.295,0.10,-0.03,-0.56,1.970,2.709,0.49,25
$GNSS,2024-10-11T18:17:33.600Z,34.7334932,-76.6553047,4.277,-0.08,0.22,0.09,1.974,2.710,0.49,25
$GNSS,2024-10-11T18:17:33.800Z,34.7334927,-76.6553038,4.382,-0.40,0.55,-0.68,1.979,2.711,0.42,25
$GNSS,2024-10-11T18:17:34.000Z,34.7334918,-76.6553038,4.638,-0.23,0.01,-0.68,1.986,2.717,0.50,25
$GNSS,2024-10-11T18:17:34.200Z,34.7334919,-76.6553030,4.683,0.20,0.46,-0.13,1.992,2.720,0.52,25
$GNSS,2024-10-11T18:17:34.400Z,34.7334926,-76.6553024,4.747,0.60,0.34,0.02,1.998,2.726,0.49,25
$GNSS,2024-10-11T18:17:34.600Z,34.7334933,-76.6553024,4.937,0.64,0.37,-0.24,2.006,2.734,0.52,25
$GNSS,2024-10-11T18:17:34.800Z,34.7334940,-76.6553021,5.021,0.16,-0.03,-0.38,2.014,2.744,0.56,25
$GNSS,2024-10-11T18:17:35.000Z,34.7334940,-76.6553019,5.050,0.11,0.63,0.50,2.022,2.755,0.60,25
$GNSS,2024-10-11T18:17:35.200Z,34.7334944,-76.6553010,4.961,0.45,0.26,0.52,2.031,2.769,0.62,25
$GNSS,2024-10-11T18:17:35.400Z,34.7334947,-76.6553002,4.864,-0.07,0.34,0.39,2.042,2.785,0.68,25
$GNSS,2024-10-11T18:17:35.600Z,34.7334941,-76.6552997,4.784,-0.67,-0.07,0.08,2.055,2.802,0.60,25
$GNSS,2024-10-11T18:17:35.800Z,34.7334926,-76.6552985,4.643,-1.14,0.54,0.23,2.067,2.821,0.64,25
$GNSS,2024-10-11T18:17:36.000Z,34.7334907,-76.6552983,4.699,-0.73,0.16,0.33,2.080,2.841,0.75,25
$GNSS,2024-10-11T18:17:36.200Z,34.7334897,-76.6552986,4.658,-0.33,-0.16,0.56,2.097,2.863,0.83,25
$GNSS,2024-10-11T18:17:36.400Z,34.7334896,-76.6552991,4.522,0.00,-0.47,0.56,2.115,2.885,0.72,25
$GNSS,2024-10-11T18:17:36.600Z,34.7334895,-76.6552995,4.567,0.08,0.38,0.43,2.134,2.912,0.82,25
$GNSS,2024-10-11T18:17:36.800Z,34.7334893,-76.6552992,4.570,-0.18,0.03,0.10,2.153,2.942,0.82,25
$GNSS,2024-10-11T18:17:37.000Z,34.7334892,-76.6552991,4.575,-0.01,0.12,0.23,2.169,2.970,0.86,25
$GNSS,2024-10-11T18:17:37.200Z,34.7334896,-76.6552988,4.498,0.38,0.13,0.58,2.186,2.999,0.91,25
$GNSS,2024-10-11T18:17:37.400Z,34.7334895,-76.6552989,4.391,-0.19,-0.01,0.88,2.203,3.030,0.87,25
$GNSS,2024-10-11T18:17:37.600Z,34.7334894,-76.6552979,3.934,-0.25,0.13,1.28,2.217,3.062,0.91,25
$GNSS,2024-10-11T18:17:37.800Z,34.7334892,-76.6552972,3.703,-0.22,0.14,0.77,2.230,3.097,0.92,25
$GNSS,2024-10-11T18:17:38.000Z,34.7334888,-76.6552971,3.675,-0.17,0.19,0.59,2.241,3.130,0.88,25
$GNSS,2024-10-11T18:17:38.200Z,34.7334888,-76.6552967,3.590,0.18,0.34,0.95,2.253,3.166,0.89,25
$GNSS,2024-10-11T18:17:38.400Z,34.7334895,-76.6552958,3.671,0.55,0.77,0.48,2.267,3.201,0.83,25
$GNSS,2024-10-11T18:17:38.600Z,34.7334898,-76.6552948,3.792,0.08,0.55,0.20,2.283,3.237,0.82,25
$GNSS,2024-10-11T18:17:38.800Z,34.7334899,-76.6552951,3.948,0.14,-0.20,0.01,2.300,3.270,0.75,25
$GNSS,2024-10-11T18:17:39.000Z,34.7334907,-76.6552959,4.014,0.63,-0.36,-0.01,2.319,3.306,0.79,25
$GNSS,2024-10-11T18:17:39.200Z,34.7334913,-76.6552969,4.202,0.28,-0.27,-0.41,2.339,3.345,0.87,25
$GNSS,2024-10-11T18:17:39.400Z,34.7334915,-76.6552970,4.338,0.03,0.14,-0.46,2.361,3.386,0.90,25
$GNSS,2024-10-11T18:17:39.600Z,34.7334925,-76.6552976,4.396,0.80,-0.51,-0.34,2.383,3.429,0.84,25
$GNSS,2024-10-11T18:17:39.800Z,34.7334939,-76.6552991,4.448,0.66,-0.79,-0.45,2.406,3.475,0.86,25
$GNSS,2024-10-11T18:17:40.000Z,34.7334949,-76.6552991,4.345,0.37,0.14,-0.18,2.428,3.516,0.92,25
$GNSS,2024-10-11T18:17:40.200Z,34.7334953,-76.6552989,4.276,0.08,-0.11,-0.01,2.449,3.557,0.80,25
$GNSS,2024-10-11T18:17:40.400Z,34.7334952,-76.6552988,4.354,-0.07,0.10,-0.28,2.471,3.599,0.94,25
$GNSS,2024-10-11T18:17:40.600Z,34.7334960,-76.6552976,4.123,0.34,0.34,0.15,2.493,3.644,1.00,24
$GNSS,2024-10-11T18:17:40.800Z,34.7334961,-76.6552969,3.877,-0.17,0.03,0.52,2.514,3.685,0.95,24
$GNSS,2024-10-11T18:17:41.000Z,34.7334960,-76.6552964,3.663,-0.13,0.13,0.63,2.534,3.724,0.95,24
$GNSS,2024-10-11T18:17:41.200Z,34.7334964,-76.6552964,3.749,0.44,0.12,0.37,2.553,3.761,1.03,24
$GNSS,2024-10-11T18:17:41.400Z,34.7334968,-76.6552953,3.635,0.05,0.51,0.21,2.572,3.799,0.89,24
$GNSS,2024-10-11T18:17:41.600Z,34.7334973,-76.6552941,3.685,0.33,0.50,-0.35,2.590,3.837,0.92,23
$GNSS,2024-10-11T18:17:41.800Z,34.7334978,-76.6552936,3.713,0.17,0.00,-0.23,2.608,3.873,0.93,24
$GNSS,2024-10-11T18:17:42.000Z,34.7334986,-76.6552929,3.854,0.49,0.49,-0.38,2.627,3.911,0.94,24
$GNSS,2024-10-11T18:17:42.200Z,34.7334986,-76.6552930,4.049,0.00,-0.01,-0.30,2.647,3.948,0.98,23
$GNSS,2024-10-11T18:17:42.400Z,34.7334985,-76.6552926,4.005,-0.26,0.13,-0.31,2.666,3.985,0.98,23
$GNSS,2024-10-11T18:17:42.600Z,34.7334989,-76.6552913,3.925,0.18,0.53,-0.24,2.684,4.018,0.86,24
$GNSS,2024-10-11T18:17:42.800Z,34.7334999,-76.6552900,3.958,0.48,0.31,-0.80,2.701,4.052,0.90,24
$GNSS,2024-10-11T18:17:43.000Z,34.7335005,-76.6552898,4.230,0.35,0.12,-0.71,2.718,4.081,0.92,24
$GNSS,2024-10-11T18:17:43.200Z,34.7335008,-76.6552898,4.345,-0.02,-0.04,-0.53,2.736,4.116,0.99,24
$GNSS,2024-10-11T18:17:43.400Z,34.7335010,-76.6552902,4.607,0.30,-0.08,-0.50,2.756,4.152,0.94,24
$GNSS,2024-10-11T18:17:43.600Z,34.7335018,-76.6552900,4.563,0.30,0.13,0.03,2.775,4.182,1.00,24
$GNSS,2024-10-11T18:17:43.800Z,34.7335021,-76.6552901,4.599,0.16,-0.03,0.26,2.791,4.210,0.99,24
$GNSS,2024-10-11T18:17:44.000Z,34.7335028,-76.6552906,4.590,0.46,-0.30,0.21,2.805,4.239,0.85,24
$GNSS,2024-10-11T18:17:44.200Z,34.7335033,-76.6552912,4.529,0.07,-0.35,0.08,2.820,4.266,0.80,24
$GNSS,2024-10-11T18:17:44.400Z,34.7335044,-76.6552914,4.367,0.66,-0.33,0.04,2.835,4.294,0.91,24
$GNSS,2024-10-11T18:17:44.600Z,34.7335055,-76.6552920,4.218,0.39,-0.45,0.20,2.853,4.325,0.87,24
$GNSS,2024-10-11T18:17:44.800Z,34.7335064,-76.6552926,3.947,0.33,-0.58,0.42,2.869,4.352,0.90,24
$GNSS,2024-10-11T18:17:45.000Z,34.7335065,-76.6552927,3.745,-0.25,-0.05,0.26,2.886,4.383,0.94,24
$GNSS,2024-10-11T18:17:45.200Z,34.7335061,-76.6552921,3.590,-0.42,0.17,0.15,2.904,4.412,0.95,24
$GNSS,2024-10-11T18:17:45.400Z,34.7335050,-76.6552915,3.512,-0.81,0.20,0.17,2.921,4.441,0.99,24
$GNSS,2024-10-11T18:17:45.600Z,34.7335035,-76.6552911,3.664,-0.83,0.39,-0.03,2.938,4.467,0.95,24
$GNSS,2024-10-11T18:17:45.800Z,34.7335029,-76.6552906,3.575,-0.33,-0.04,0.00,2.953,4.496,1.03,24
$GNSS,2024-10-11T18:17:46.000Z,34.7335029,-76.6552903,3.597,0.02,0.25,-0.02,2.970,4.526,0.90,24
$GNSS,2024-10-11T18:17:46.200Z,34.7335037,-76.6552884,3.346,0.34,0.73,0.18,2.986,4.556,0.97,25
$GNSS,2024-10-11T18:17:46.400Z,34.7335041,-76.6552869,3.212,-0.03,0.44,0.09,3.002,4.587,0.88,25
$GNSS,2024-10-11T18:17:46.600Z,34.7335040,-76.6552865,3.250,-0.05,0.14,-0.06,3.019,4.619,0.87,25
$GNSS,2024-10-11T18:17:46.800Z,34.7335046,-76.6552858,3.031,0.23,-0.04,0.10,3.036,4.649,1.06,25
$GNSS,2024-10-11T18:17:47.000Z,34.7335047,-76.6552862,3.131,-0.02,-0.25,-0.38,3.053,4.679,1.04,25
$GNSS,2024-10-11T18:17:47.200Z,34.7335054,-76.6552859,3.165,0.33,0.10,-0.50,3.071,4.710,1.02,25
$GNSS,2024-10-11T18:17:47.400Z,34.7335059,-76.6552843,3.319,0.21,1.05,-0.35,3.090,4.739,1.00,24
$GNSS,2024-10-11T18:17:47.600Z,34.7335061,-76.6552833,3.464,0.05,0.39,-0.21,3.108,4.770,0.96,24
$GNSS,2024-10-11T18:17:47.800Z,34.7335067,-76.6552827,3.313,0.19,0.11,0.27,3.125,4.799,1.11,24
$GNSS,2024-10-11T18:17:48.000Z,34.7335071,-76.6552828,3.307,0.13,0.08,0.49,3.141,4.826,1.07,24
$GNSS,2024-10-11T18:17:48.200Z,34.7335078,-76.6552828,3.192,0.28,-0.01,0.60,3.156,4.850,1.05,24
$GNSS,2024-10-11T18:17:48.400Z,34.7335083,-76.6552823,3.272,0.14,0.46,0.26,3.171,4.876,1.03,24
$GNSS,2024-10-11T18:17:48.600Z,34.7335083,-76.6552823,3.405,-0.12,0.00,-0.05,3.186,4.902,1.07,24
$GNSS,2024-10-11T18:17:48.800Z,34.7335078,-76.6552817,3.122,-0.63,0.04,0.24,3.200,4.925,1.04,24
$GNSS,2024-10-11T18:17:49.000Z,34.7335068,-76.6552821,3.079,-0.64,-0.46,-0.19,3.215,4.951,1.15,24
$GNSS,2024-10-11T18:17:49.200Z,34.7335063,-76.6552829,3.052,-0.41,-0.49,-0.28,3.232,4.974,1.12,24
$GNSS,2024-10-11T18:17:49.400Z,34.7335063,-76.6552831,3.006,-0.15,-0.09,-0.25,3.246,4.992,1.07,24
$GNSS,2024-10-11T18:17:49.600Z,34.7335071,-76.6552820,2.838,0.34,0.43,0.01,3.258,5.007,1.04,24
$GNSS,2024-10-11T18:17:49.800Z,34.7335077,-76.6552808,2.752,0.13,0.30,-0.12,3.270,5.023,0.96,24
$GNSS,2024-10-11T18:17:50.000Z,34.7335088,-76.6552797,2.753,0.55,0.47,-0.23,3.281,5.038,1.05,24
$GNSS,2024-10-11T18:17:50.200Z,34.7335093,-76.6552785,2.725,0.01,0.34,-0.27,3.292,5.054,0.90,25
$GNSS,2024-10-11T18:17:50.400Z,34.7335089,-76.6552777,2.597,-0.52,0.09,-0.21,3.305,5.068,1.05,24
$GNSS,2024-10-11T18:17:50.600Z,34.7335076,-76.6552775,2.425,-0.96,-0.14,0.14,3.319,5.088,1.15,24
$GNSS,2024-10-11T18:17:50.800Z,34.7335065,-76.6552772,2.230,-0.75,-0.06,0.27,3.337,5.110,1.15,24
$GNSS,2024-10-11T18:17:51.000Z,34.7335054,-76.6552769,2.085,-0.71,0.08,0.36,3.354,5.134,1.07,24
$GNSS,2024-10-11T18:17:51.200Z,34.7335046,-76.6552772,1.935,-0.55,-0.13,0.79,3.372,5.158,1.07,24
$GNSS,2024-10-11T18:17:51.400Z,34.7335044,-76.6552771,1.613,-0.19,0.01,1.12,3.390,5.183,1.06,24
$GNSS,2024-10-11T18:17:51.600Z,34.7335048,-76.6552759,1.305,0.13,0.24,0.64,3.410,5.212,1.12,24
$GNSS,2024-10-11T18:17:51.800Z,34.7335062,-76.6552739,0.913,0.68,0.55,0.60,3.430,5.238,1.24,24
$GNSS,2024-10-11T18:17:52.000Z,34.7335071,-76.6552732,0.792,0.34,0.16,0.44,3.450,5.265,1.21,25
$GNSS,2024-10-11T18:17:52.200Z,34.7335075,-76.6552735,0.642,0.03,-0.30,0.50,3.466,5.287,1.01,25
$GNSS,2024-10-11T18:17:52.400Z,34.7335072,-76.6552739,0.713,-0.44,0.13,0.47,3.479,5.310,1.05,25
$GNSS,2024-10-11T18:17:52.600Z,34.7335071,-76.6552740,0.752,-0.08,-0.01,0.13,3.493,5.338,1.05,24
$GNSS,2024-10-11T18:17:52.800Z,34.7335077,-76.6552741,0.831,0.19,0.00,-0.12,3.507,5.363,1.05,24
$GNSS,2024-10-11T18:17:53.000Z,34.7335080,-76.6552731,0.687,-0.01,0.36,-0.15,3.521,5.388,0.96,23
$GNSS,2024-10-11T18:17:53.200Z,34.7335083,-76.6552723,0.463,0.08,0.13,0.03,3.533,5.406,1.10,23
$GNSS,2024-10-11T18:17:53.400Z,34.7335088,-76.6552721,0.403,0.19,0.09,0.09,3.542,5.417,1.13,24
$GNSS,2024-10-11T18:17:53.600Z,34.7335097,-76.6552723,0.412,0.49,0.05,0.10,3.548,5.428,1.08,24
$GNSS,2024-10-11T18:17:53.800Z,34.7335098,-76.6552728,0.397,-0.15,-0.27,-0.03,3.554,5.438,1.01,24
$GNSS,2024-10-11T18:17:54.000Z,34.7335092,-76.6552738,0.439,-0.45,-0.42,-0.31,3.558,5.444,1.05,24
$GNSS,2024-10-11T18:17:54.200Z,34.7335089,-76.6552745,0.549,-0.18,-0.10,-0.36,3.562,5.452,1.04,24
$GNSS,2024-10-11T18:17:54.400Z,34.7335092,-76.6552754,0.687,0.19,-0.30,-0.36,3.567,5.461,0.94,24
$GNSS,2024-10-11T18:17:54.600Z,34.7335099,-76.6552755,0.693,0.35,0.06,-0.46,3.574,5.473,0.93,24
$GNSS,2024-10-11T18:17:54.800Z,34.7335105,-76.6552752,0.668,0.13,0.20,-0.33,3.582,5.483,0.96,24
$GNSS,2024-10-11T18:17:55.000Z,34.7335108,-76.6552746,0.759,0.16,0.44,-0.32,3.590,5.491,0.96,25
$GNSS,2024-10-11T18:17:55.200Z,34.7335107,-76.6552741,0.802,-0.28,0.29,-0.17,3.597,5.499,0.94,25
$GNSS,2024-10-11T18:17:55.400Z,34.7335108,-76.6552733,0.753,0.01,0.40,-0.08,3.606,5.512,0.97,24
$GNSS,2024-10-11T18:17:55.600Z,34.7335111,-76.6552726,0.575,0.04,0.15,0.01,3.617,5.526,1.04,24
$GNSS,2024-10-11T18:17:55.800Z,34.7335115,-76.6552725,0.588,0.12,-0.01,-0.15,3.629,5.541,1.00,25
$GNSS,2024-10-11T18:17:56.000Z,34.7335113,-76.6552727,0.711,-0.23,0.16,-0.26,3.646,5.564,1.15,23
$GNSS,2024-10-11T18:17:56.200Z,34.7335110,-76.6552729,0.689,-0.26,-0.09,-0.05,3.667,5.587,1.36,23
$GNSS,2024-10-11T18:17:56.400Z,34.7335111,-76.6552742,0.591,-0.04,-0.75,0.20,3.690,5.615,1.06,23
$GNSS,2024-10-11T18:17:56.600Z,34.7335117,-76.6552759,0.670,0.37,-0.63,-0.08,3.712,5.642,1.13,23
$GNSS,2024-10-11T18:17:56.800Z,34.7335124,-76.6552770,0.791,0.35,-0.33,-0.24,3.734,5.669,1.17,23
$GNSS,2024-10-11T18:17:57.000Z,34.7335125,-76.6552776,0.834,-0.06,-0.30,-0.54,3.756,5.696,1.17,23
$GNSS,2024-10-11T18:17:57.200Z,34.7335125,-76.6552783,0.936,-0.12,-0.27,-0.46,3.777,5.723,1.20,23
$GNSS,2024-10-11T18:17:57.400Z,34.7335122,-76.6552794,0.943,-0.29,-0.63,-0.45,3.798,5.750,1.23,24
$GNSS,2024-10-11T18:17:57.600Z,34.7335128,-76.6552804,0.946,0.22,-0.58,-0.64,3.819,5.778,1.19,23
$GNSS,2024-10-11T18:17:57.800Z,34.7335132,-76.6552825,1.210,0.24,-0.83,-0.75,3.844,5.812,1.23,23
$GNSS,2024-10-11T18:17:58.000Z,34.7335127,-76.6552821,1.361,-0.41,0.37,-0.77,3.869,5.843,1.18,23
$GNSS,2024-10-11T18:17:58.200Z,34.7335121,-76.6552799,1.339,-0.54,0.99,-0.50,3.891,5.870,1.18,22
$GNSS,2024-10-11T18:17:58.400Z,34.7335113,-76.6552778,1.271,-0.59,0.83,-0.30,3.910,5.896,1.19,23
$GNSS,2024-10-11T18:17:58.600Z,34.7335099,-76.6552762,1.186,-0.96,0.62,-0.25,3.926,5.920,1.25,23
$GNSS,2024-10-11T18:17:58.800Z,34.7335086,-76.6552757,1.325,-0.72,0.39,-0.10,3.944,5.947,1.24,23
$GNSS,2024-10-11T18:17:59.000Z,34.7335089,-76.6552755,1.381,0.12,0.34,0.06,3.963,5.977,1.21,20
$GNSS,2024-10-11T18:17:59.200Z,34.7335086,-76.6552765,1.674,-0.17,-0.19,-0.36,3.980,6.003,1.21,20
$GNSS,2024-10-11T18:17:59.400Z,34.7335088,-76.6552774,1.729,0.01,-0.23,-0.23,3.996,6.030,1.15,21
$GNSS,2024-10-11T18:17:59.600Z,34.7335094,-76.6552782,1.908,0.31,-0.14,-0.44,4.010,6.054,1.08,21
$GNSS,2024-10-11T18:17:59.800Z,34.7335093,-76.6552789,1.828,-0.37,-0.50,-0.46,4.019,6.072,1.13,22
$GNSS,2024-10-11T18:18:00.000Z,34.7335093,-76.6552791,1.554,-0.27,-0.20,0.04,4.027,6.089,1.09,22
$GNSS,2024-10-11T18:18:00.200Z,34.7335093,-76.6552797,1.537,-0.17,-0.20,0.11,4.034,6.106,1.03,23
$GNSS,2024-10-11T18:18:00.400Z,34.7335096,-76.6552801,1.479,0.09,-0.31,-0.26,4.040,6.125,1.09,23
$GNSS,2024-10-11T18:18:00.600Z,34.7335098,-76.6552798,1.286,-0.16,0.05,-0.14,4.047,6.143,1.20,23
$GNSS,2024-10-11T18:18:00.800Z,34.7335093,-76.6552801,1.309,-0.48,-0.09,-0.22,4.055,6.165,1.24,22
$GNSS,2024-10-11T18:18:01.000Z,34.7335093,-76.6552808,1.390,-0.12,-0.18,-0.08,4.063,6.187,1.17,22
$GNSS,2024-10-11T18:18:01.200Z,34.7335094,-76.6552821,1.820,0.06,-0.10,-0.20,4.070,6.205,1.06,22
$GNSS,2024-10-11T18:18:01.400Z,34.7335092,-76.6552835,1.933,-0.28,-0.62,-0.29,4.076,6.222,1.12,22
$GNSS,2024-10-11T18:18:01.600Z,34.7335088,-76.6552858,2.109,-0.46,-0.64,-0.21,4.078,6.230,1.09,22
$GNSS,2024-10-11T18:18:01.800Z,34.7335087,-76.6552864,1.826,-0.36,-0.38,-0.12,4.077,6.238,1.12,22
$GNSS,2024-10-11T18:18:02.000Z,34.7335083,-76.6552867,1.600,-0.60,-0.27,-0.13,4.077,6.241,1.13,21
$GNSS,2024-10-11T18:18:02.200Z,34.7335077,-76.6552860,1.046,-0.83,-0.14,0.14,4.080,6.249,1.10,21
$GNSS,2024-10-11T18:18:02.400Z,34.7335071,-76.6552851,0.488,-0.68,-0.19,0.16,4.083,6.262,1.09,21
$GNSS,2024-10-11T18:18:02.600Z,34.7335074,-76.6552847,0.363,0.08,0.26,0.25,4.087,6.275,1.16,21
$GNSS,2024-10-11T18:18:02.800Z,34.7335072,-76.6552844,0.280,-0.33,0.09,0.21,4.091,6.284,1.08,21
$GNSS,2024-10-11T18:18:03.000Z,34.7335068,-76.6552855,0.378,-0.32,-0.61,-0.18,4.093,6.291,1.06,21
$GNSS,2024-10-11T18:18:03.200Z,34.7335072,-76.6552863,0.203,0.12,-0.41,-0.01,4.095,6.296,1.01,21
$GNSS,2024-10-11T18:18:03.400Z,34.7335083,-76.6552863,0.149,0.54,0.09,-0.20,4.098,6.300,1.07,21
$GNSS,2024-10-11T18:18:03.600Z,34.7335096,-76.6552870,0.049,0.57,-0.55,-0.12,4.100,6.304,1.08,21
$GNSS,2024-10-11T18:18:03.800Z,34.7335107,-76.6552877,-0.195,0.29,-0.44,-0.05,4.101,6.306,0.99,21
$GNSS,2024-10-11T18:18:04.000Z,34.7335110,-76.6552879,-0.415,-0.11,-0.05,0.17,4.103,6.313,1.00,22
$GNSS,2024-10-11T18:18:04.200Z,34.7335105,-76.6552886,-0.256,-0.41,0.01,-0.10,4.104,6.318,1.16,22
$GNSS,2024-10-11T18:18:04.400Z,34.7335107,-76.6552887,-0.340,0.03,-0.04,-0.33,4.105,6.322,1.03,22
$GNSS,2024-10-11T18:18:04.600Z,34.7335116,-76.6552883,-0.467,0.34,0.21,-0.13,4.106,6.324,1.06,22
$GNSS,2024-10-11T18:18:04.800Z,34.7335122,-76.6552886,-0.431,0.12,-0.10,-0.04,4.107,6.326,0.94,22
$GNSS,2024-10-11T18:18:05.000Z,34.7335131,-76.6552893,-0.394,0.46,-0.35,-0.20,4.106,6.321,0.93,22
$GNSS,2024-10-11T18:18:05.200Z,34.7335148,-76.6552895,-0.493,0.74,-0.08,-0.04,4.104,6.313,1.09,22
$GNSS,2024-10-11T18:18:05.400Z,34.7335168,-76.6552895,-0.615,0.94,0.04,0.10,4.101,6.305,1.13,22
$GNSS,2024-10-11T18:18:05.600Z,34.7335184,-76.6552887,-0.924,0.44,0.10,0.08,4.099,6.297,1.20,22
$GNSS,2024-10-11T18:18:05.800Z,34.7335191,-76.6552888,-0.902,0.28,-0.06,-0.05,4.097,6.287,1.13,22
$GNSS,2024-10-11T18:18:06.000Z,34.7335202,-76.6552881,-1.082,0.37,0.11,-0.29,4.095,6.275,0.99,22
$GNSS,2024-10-11T18:18:06.200Z,34.7335212,-76.6552874,-1.278,0.24,0.02,-0.14,4.090,6.258,0.99,23
$GNSS,2024-10-11T18:18:06.400Z,34.7335217,-76.6552874,-1.343,0.02,-0.12,0.07,4.083,6.240,0.73,23
$GNSS,2024-10-11T18:18:06.600Z,34.7335224,-76.6552880,-1.392,0.17,-0.27,0.43,4.076,6.223,0.88,23
$GNSS,2024-10-11T18:18:06.800Z,34.7335230,-76.6552881,-1.478,0.11,-0.04,0.14,4.070,6.210,1.00,23
$GNSS,2024-10-11T18:18:07.000Z,34.7335233,-76.6552878,-1.513,-0.03,0.09,0.00,4.064,6.198,0.74,23
$GNSS,2024-10-11T18:18:07.200Z,34.7335235,-76.6552868,-1.708,-0.17,0.21,0.00,4.058,6.185,0.85,23
$GNSS,2024-10-11T18:18:07.400Z,34.7335233,-76.6552862,-1.884,-0.39,-0.12,0.11,4.053,6.175,1.05,23
$GNSS,2024-10-11T18:18:07.600Z,34.7335233,-76.6552856,-2.109,-0.20,0.01,0.15,4.048,6.166,0.98,23
$GNSS,2024-10-11T18:18:07.800Z,34.7335240,-76.6552849,-2.237,0.27,0.27,0.23,4.045,6.163,1.10,22
$GNSS,2024-10-11T18:18:08.000Z,34.7335245,-76.6552838,-2.375,0.01,0.30,0.16,4.042,6.157,0.91,22
$GNSS,2024-10-11T18:18:08.200Z,34.7335247,-76.6552829,-2.416,-0.07,0.23,-0.32,4.039,6.153,0.88,22
$GNSS,2024-10-11T18:18:08.400Z,34.7335248,-76.6552826,-2.359,-0.11,0.11,-0.25,4.037,6.148,0.93,22
$GNSS,2024-10-11T18:18:08.600Z,34.7335246,-76.6552829,-2.264,-0.27,-0.15,-0.20,4.031,6.137,1.03,22
$GNSS,2024-10-11T18:18:08.800Z,34.7335250,-76.6552832,-2.176,0.10,-0.08,-0.17,4.024,6.128,0.89,22
$GNSS,2024-10-11T18:18:09.000Z,34.7335256,-76.6552827,-2.269,0.07,0.10,-0.08,4.017,6.120,0.88,22
$GNSS,2024-10-11T18:18:09.200Z,34.7335259,-76.6552826,-2.299,-0.10,-0.15,0.10,4.009,6.110,0.89,22
$GNSS,2024-10-11T18:18:09.400Z,34.7335265,-76.6552824,-2.452,0.17,-0.04,0.35,4.002,6.102,0.96,22
$GNSS,2024-10-11T18:18:09.600Z,34.7335269,-76.6552822,-2.455,-0.09,-0.02,-0.10,3.995,6.091,1.03,22
$GNSS,2024-10-11T18:18:09.800Z,34.7335268,-76.6552827,-2.239,-0.17,-0.07,-0.14,3.989,6.083,1.10,22
$GNSS,2024-10-11T18:18:10.000Z,34.7335272,-76.6552827,-2.108,0.11,0.01,-0.34,3.984,6.077,0.95,22
$GNSS,2024-10-11T18:18:10.200Z,34.7335269,-76.6552834,-1.919,-0.36,-0.38,-0.35,3.983,6.076,1.17,22
$GNSS,2024-10-11T18:18:10.400Z,34.7335267,-76.6552837,-1.970,-0.29,-0.55,-0.49,3.985,6.077,1.09,22
$GNSS,2024-10-11T18:18:10.600Z,34.7335268,-76.6552838,-2.035,-0.18,-0.22,-0.30,3.986,6.078,1.12,22
$GNSS,2024-10-11T18:18:10.800Z,34.7335272,-76.6552840,-2.107,0.00,-0.35,-0.20,3.987,6.080,1.01,23
$GNSS,2024-10-11T18:18:11.000Z,34.7335275,-76.6552844,-2.010,0.07,-0.19,-0.36,3.989,6.081,1.01,22
$GNSS,2024-10-11T18:18:11.200Z,34.7335275,-76.6552844,-2.187,-0.26,-0.35,-0.09,3.991,6.084,1.09,22
$GNSS,2024-10-11T18:18:11.400Z,34.7335280,-76.6552837,-2.358,0.14,0.24,0.20,3.991,6.084,1.06,23
$GNSS,2024-10-11T18:18:11.600Z,34.7335280,-76.6552833,-2.607,-0.20,-0.29,0.17,3.990,6.084,0.98,23
$GNSS,2024-10-11T18:18:11.800Z,34.7335280,-76.6552836,-2.652,-0.13,-0.13,0.11,3.988,6.081,0.97,23
$GNSS,2024-10-11T18:18:12.000Z,34.7335280,-76.6552841,-2.583,-0.13,-0.12,-0.01,3.984,6.076,1.05,23
$GNSS,2024-10-11T18:18:12.200Z,34.7335281,-76.6552848,-2.398,-0.03,-0.19,-0.25,3.979,6.068,0.98,23
$GNSS,2024-10-11T18:18:12.400Z,34.7335289,-76.6552841,-2.564,0.22,0.27,0.02,3.975,6.066,1.04,23
$GNSS,2024-10-11T18:18:12.600Z,34.7335296,-76.6552835,-2.628,0.16,0.09,-0.04,3.972,6.062,1.03,23
$GNSS,2024-10-11T18:18:12.800Z,34.7335296,-76.6552841,-2.402,-0.19,-0.25,-0.26,3.969,6.058,1.06,23
$GNSS,2024-10-11T18:18:13.000Z,34.7335294,-76.6552851,-2.227,-0.20,-0.38,-0.29,3.967,6.054,1.04,23
$GNSS,2024-10-11T18:18:13.200Z,34.7335294,-76.6552855,-2.203,-0.23,-0.11,-0.22,3.966,6.052,1.20,23
$GNSS,2024-10-11T18:18:13.400Z,34.7335289,-76.6552856,-2.204,-0.46,-0.06,-0.03,3.966,6.050,1.14,23
$GNSS,2024-10-11T18:18:13.600Z,34.7335291,-76.6552859,-2.202,0.08,-0.26,0.03,3.967,6.050,0.84,23
$GNSS,2024-10-11T18:18:13.800Z,34.7335296,-76.6552855,-2.272,0.09,0.22,-0.04,3.967,6.050,0.97,23
$GNSS,2024-10-11T18:18:14.000Z,34.7335298,-76.6552850,-2.487,-0.08,-0.26,-0.08,3.969,6.051,1.01,23
$GNSS,2024-10-11T18:18:14.200Z,34.7335297,-76.6552847,-2.662,-0.35,0.02,0.14,3.971,6.053,1.06,23
$GNSS,2024-10-11T18:18:14.400Z,34.7335295,-76.6552840,-2.744,-0.27,0.16,-0.09,3.972,6.053,1.00,23
$GNSS,2024-10-11T18:18:14.600Z,34.7335295,-76.6552831,-2.998,-0.17,0.09,0.09,3.974,6.055,0.99,23
$GNSS,2024-10-11T18:18:14.800Z,34.7335294,-76.6552819,-3.342,-0.36,0.26,0.39,3.979,6.060,1.04,23
$GNSS,2024-10-11T18:18:15.000Z,34.7335295,-76.6552808,-3.431,0.06,0.33,0.16,3.986,6.067,1.06,23
$GNSS,2024-10-11T18:18:15.200Z,34.7335305,-76.6552806,-3.400,0.55,-0.09,0.04,3.995,6.074,1.25,23
$GNSS,2024-10-11T18:18:15.400Z,34.7335326,-76.6552801,-3.597,1.04,0.01,0.19,4.003,6.082,1.21,23
$GNSS,2024-10-11T18:18:15.600Z,34.7335342,-76.6552797,-3.629,0.73,0.04,-0.10,4.010,6.089,1.16,23
$GNSS,2024-10-11T18:18:15.800Z,34.7335351,-76.6552797,-3.563,0.34,-0.11,-0.36,4.015,6.095,1.03,23
$GNSS,2024-10-11T18:18:16.000Z,34.7335363,-76.6552803,-3.371,0.62,-0.28,-0.33,4.019,6.102,1.04,23
$GNSS,2024-10-11T18:18:16.200Z,34.7335370,-76.6552817,-3.143,0.30,-0.65,-0.41,4.021,6.106,1.00,23
$GNSS,2024-10-11T18:18:16.400Z,34.7335370,-76.6552834,-2.849,-0.12,-0.69,-0.75,4.023,6.113,1.08,23
$GNSS,2024-10-11T18:18:16.600Z,34.7335371,-76.6552838,-2.815,-0.11,-0.18,-0.58,4.027,6.120,1.07,23
$GNSS,2024-10-11T18:18:16.800Z,34.7335376,-76.6552842,-2.589,0.23,-0.13,-0.57,4.031,6.126,1.00,23
$GNSS,2024-10-11T18:18:17.000Z,34.7335385,-76.6552843,-2.415,0.47,-0.06,-0.53,4.034,6.130,0.99,23
$GNSS,2024-10-11T18:18:17.200Z,34.7335392,-76.6552844,-2.297,0.12,-0.17,-0.72,4.036,6.132,1.02,23
$GNSS,2024-10-11T18:18:17.400Z,34.7335394,-76.6552840,-2.228,-0.12,0.07,-0.60,4.037,6.133,1.03,23
$GNSS,2024-10-11T18:18:17.600Z,34.7335390,-76.6552841,-2.077,-0.46,-0.29,-1.11,4.039,6.136,1.13,23
$GNSS,2024-10-11T18:18:17.800Z,34.7335393,-76.6552839,-1.977,0.02,-0.11,-1.24,4.043,6.139,1.07,23
$GNSS,2024-10-11T18:18:18.000Z,34.7335392,-76.6552833,-1.967,-0.39,-0.07,-1.25,4.047,6.142,1.13,23
$GNSS,2024-10-11T18:18:18.200Z,34.7335388,-76.6552834,-2.132,-0.60,-0.64,-0.72,4.049,6.142,1.16,23
$GNSS,2024-10-11T18:18:18.400Z,34.7335389,-76.6552835,-2.380,-0.29,-0.41,-0.24,4.050,6.142,1.12,23
$GNSS,2024-10-11T18:18:18.600Z,34.7335390,-76.6552841,-2.500,-0.13,-0.56,-0.06,4.051,6.137,1.02,23
$GNSS,2024-10-11T18:18:18.800Z,34.7335387,-76.6552851,-2.722,-0.49,-0.73,0.36,4.051,6.134,1.00,23
$GNSS,2024-10-11T18:18:19.000Z,34.7335382,-76.6552865,-2.697,-0.37,-0.89,-0.27,4.051,6.130,1.05,23
$GNSS,2024-10-11T18:18:19.200Z,34.7335382,-76.6552872,-2.724,-0.13,-0.48,-0.51,4.052,6.126,1.07,23
$GNSS,2024-10-11T18:18:19.400Z,34.7335382,-76.6552874,-2.512,-0.14,0.04,-0.80,4.052,6.115,1.02,23
$GNSS,2024-10-11T18:18:19.600Z,34.7335379,-76.6552875,-2.282,-0.35,-0.06,-0.73,4.049,6.102,1.08,23
$GNSS,2024-10-11T18:18:19.800Z,34.7335385,-76.6552865,-2.433,0.07,0.04,-0.63,4.045,6.089,0.97,23
$GNSS,2024-10-11T18:18:20.000Z,34.7335395,-76.6552861,-2.495,0.37,-0.11,-0.19,4.041,6.081,0.91,23
$GNSS,2024-10-11T18:18:20.200Z,34.7335400,-76.6552866,-2.413,-0.01,-0.23,0.01,4.036,6.068,0.79,23
$GNSS,2024-10-11T18:18:20.400Z,34.7335409,-76.6552862,-2.602,0.30,-0.12,0.30,4.031,6.058,1.01,23
$GNSS,2024-10-11T18:18:20.600Z,34.7335413,-76.6552867,-2.551,0.06,-0.28,0.18,4.027,6.049,0.79,23
$GNSS,2024-10-11T18:18:20.800Z,34.7335413,-76.6552874,-2.454,-0.12,-0.34,0.07,4.023,6.042,0.87,23
$GNSS,2024-10-11T18:18:21.000Z,34.7335422,-76.6552879,-2.434,0.44,-0.28,0.20,4.018,6.036,0.89,23
$GNSS,2024-10-11T18:18:21.200Z,34.7335427,-76.6552890,-2.397,0.04,-0.70,0.12,4.015,6.033,0.87,23
$GNSS,2024-10-11T18:18:21.400Z,34.7335432,-76.6552900,-2.443,0.15,-0.55,0.14,4.013,6.031,0.88,23
$GNSS,2024-10-11T18:18:21.600Z,34.7335439,-76.6552900,-2.594,0.13,-0.19,0.13,4.013,6.031,0.96,23
$GNSS,2024-10-11T18:18:21.800Z,34.7335437,-76.6552902,-2.643,-0.34,-0.19,0.21,4.016,6.039,1.09,23
$GNSS,2024-10-11T18:18:22.000Z,34.7335428,-76.6552904,-2.615,-0.76,-0.02,0.21,4.022,6.049,1.12,23
$GNSS,2024-10-11T18:18:22.200Z,34.7335418,-76.6552903,-2.559,-0.59,-0.04,-0.16,4.029,6.061,1.21,23
$GNSS,2024-10-11T18:18:22.400Z,34.7335416,-76.6552904,-2.476,-0.13,-0.22,-0.49,4.036,6.075,1.18,23
$GNSS,2024-10-11T18:18:22.600Z,34.7335416,-76.6552902,-2.470,-0.17,-0.12,-0.57,4.042,6.091,1.18,23
$GNSS,2024-10-11T18:18:22.800Z,34.7335418,-76.6552904,-2.391,0.07,-0.30,-0.75,4.046,6.103,1.09,23
$GNSS,2024-10-11T18:18:23.000Z,34.7335424,-76.6552909,-2.182,0.21,-0.35,-1.05,4.048,6.112,1.06,24
$GNSS,2024-10-11T18:18:23.200Z,34.7335428,-76.6552922,-2.007,0.09,-0.88,-1.10,4.050,6.122,1.04,23
$GNSS,2024-10-11T18:18:23.400Z,34.7335430,-76.6552932,-1.859,-0.11,-0.38,-0.78,4.051,6.130,1.08,24
$GNSS,2024-10-11T18:18:23.600Z,34.7335431,-76.6552931,-1.756,-0.20,-0.05,-1.10,4.051,6.138,1.07,24
$GNSS,2024-10-11T18:18:23.800Z,34.7335431,-76.6552920,-1.840,-0.34,0.12,-1.03,4.050,6.146,1.06,24
$GNSS,2024-10-11T18:18:24.000Z,34.7335430,-76.6552914,-1.992,-0.30,-0.13,-0.51,4.049,6.151,1.07,24
$GNSS,2024-10-11T18:18:24.200Z,34.7335430,-76.6552918,-1.991,-0.06,-0.30,-0.11,4.047,6.157,0.99,24
$GNSS,2024-10-11T18:18:24.400Z,34.7335433,-76.6552914,-2.345,-0.14,-0.21,0.32,4.045,6.164,0.99,24
$GNSS,2024-10-11T18:18:24.600Z,34.7335435,-76.6552912,-2.764,-0.12,-0.39,0.59,4.044,6.172,0.98,24
$GNSS,2024-10-11T18:18:24.800Z,34.7335436,-76.6552909,-2.932,-0.09,0.05,0.34,4.043,6.183,1.11,24
$GNSS,2024-10-11T18:18:25.000Z,34.7335434,-76.6552903,-3.133,-0.20,0.08,0.42,4.042,6.191,1.10,24
$GNSS,2024-10-11T18:18:25.200Z,34.7335440,-76.6552897,-3.453,0.20,-0.11,0.51,4.042,6.199,1.08,24
$GNSS,2024-10-11T18:18:25.400Z,34.7335442,-76.6552893,-3.616,0.00,0.05,0.52,4.043,6.206,1.10,24
$GNSS,2024-10-11T18:18:25.600Z,34.7335446,-76.6552884,-3.830,0.15,0.18,0.54,4.043,6.212,1.14,24
$GNSS,2024-10-11T18:18:25.800Z,34.7335459,-76.6552870,-4.196,0.52,0.24,0.49,4.043,6.216,1.11,24
$GNSS,2024-10-11T18:18:26.000Z,34.7335465,-76.6552870,-4.073,0.34,0.04,0.22,4.044,6.226,1.11,24
$GNSS,2024-10-11T18:18:26.200Z,34.7335465,-76.6552870,-3.936,-0.08,0.09,0.01,4.046,6.235,0.99,24
$GNSS,2024-10-11T18:18:26.400Z,34.7335457,-76.6552867,-3.809,-0.52,0.16,-0.10,4.046,6.239,1.04,24
$GNSS,2024-10-11T18:18:26.600Z,34.7335452,-76.6552865,-3.652,-0.13,0.04,-0.36,4.047,6.248,1.11,24
$GNSS,2024-10-11T18:18:26.800Z,34.7335447,-76.6552876,-3.400,-0.16,-0.56,-0.22,4.047,6.254,1.06,24
$GNSS,2024-10-11T18:18:27.000Z,34.7335448,-76.6552884,-3.287,0.16,-0.37,-0.29,4.045,6.259,1.01,24
$GNSS,2024-10-11T18:18:27.200Z,34.7335451,-76.6552881,-3.351,0.08,0.11,-0.01,4.042,6.264,1.01,24
$GNSS,2024-10-11T18:18:27.400Z,34.7335446,-76.6552872,-3.211,-0.30,0.41,-0.35,4.039,6.267,1.02,24
$GNSS,2024-10-11T18:18:27.600Z,34.7335441,-76.6552859,-3.360,-0.39,0.23,-0.07,4.038,6.269,1.06,24
$GNSS,2024-10-11T18:18:27.800Z,34.7335437,-76.6552848,-3.366,-0.20,0.31,-0.34,4.040,6.275,1.04,24
$GNSS,2024-10-11T18:18:28.000Z,34.7335429,-76.6552828,-3.592,-0.64,0.58,-0.14,4.041,6.283,1.01,24
$GNSS,2024-10-11T18:18:28.200Z,34.7335418,-76.6552815,-3.769,-0.75,0.13,-0.04,4.043,6.291,1.11,24
$GNSS,2024-10-11T18:18:28.400Z,34.7335414,-76.6552814,-3.634,0.06,-0.05,-0.18,4.045,6.298,1.05,24
$GNSS,2024-10-11T18:18:28.600Z,34.7335417,-76.6552810,-3.554,0.23,0.25,-0.13,4.046,6.304,1.02,24
$GNSS,2024-10-11T18:18:28.800Z,34.7335424,-76.6552802,-3.569,0.37,0.17,-0.16,4.046,6.307,1.03,24
$GNSS,2024-10-11T18:18:29.000Z,34.7335431,-76.6552798,-3.591,0.38,0.02,0.15,4.045,6.309,1.13,24
$GNSS,2024-10-11T18:18:29.200Z,34.7335439,-76.6552796,-3.611,0.51,-0.08,-0.15,4.045,6.313,1.04,24
$GNSS,2024-10-11T18:18:29.400Z,34.7335448,-76.6552795,-3.575,0.46,-0.04,-0.10,4.044,6.314,1.05,24
$GNSS,2024-10-11T18:18:29.600Z,34.7335456,-76.6552791,-3.500,0.45,0.21,-0.18,4.042,6.313,1.06,24
$GNSS,2024-10-11T18:18:29.800Z,34.7335463,-76.6552796,-3.242,0.43,-0.27,-0.44,4.040,6.310,0.97,24
$GNSS,2024-10-11T18:18:30.000Z,34.7335477,-76.6552796,-3.394,0.66,-0.40,-0.39,4.038,6.311,0.97,24
$GNSS,2024-10-11T18:18:30.200Z,34.7335494,-76.6552792,-3.243,0.98,0.32,-0.60,4.038,6.315,1.03,24
$GNSS,2024-10-11T18:18:30.400Z,34.7335508,-76.6552787,-3.247,0.65,-0.10,-0.46,4.036,6.314,0.96,24
$GNSS,2024-10-11T18:18:30.600Z,34.7335520,-76.6552782,-3.275,0.50,0.02,-0.60,4.033,6.314,0.96,24
$GNSS,2024-10-11T18:18:30.800Z,34.7335535,-76.6552777,-3.296,0.71,-0.10,-0.49,4.031,6.318,1.00,24
$GNSS,2024-10-11T18:18:31.000Z,34.7335557,-76.6552776,-3.394,1.10,-0.30,-0.43,4.031,6.319,0.98,24
$GNSS,2024-10-11T18:18:31.200Z,34.7335581,-76.6552786,-3.285,1.33,-0.56,0.06,4.032,6.325,1.04,24
$GNSS,2024-10-11T18:18:31.400Z,34.7335601,-76.6552790,-3.090,1.00,0.07,-0.23,4.033,6.327,1.04,24
$GNSS,2024-10-11T18:18:31.600Z,34.7335620,-76.6552789,-2.637,1.28,0.46,-0.34,4.033,6.329,1.06,24
$GNSS,2024-10-11T18:18:31.800Z,34.7335638,-76.6552781,-2.417,0.83,0.38,-0.54,4.036,6.333,1.06,24
$GNSS,2024-10-11T18:18:32.000Z,34.7335660,-76.6552773,-2.193,1.26,0.39,-0.32,4.038,6.335,1.08,24
$GNSS,2024-10-11T18:18:32.200Z,34.7335685,-76.6552757,-2.170,1.22,0.63,-0.22,4.039,6.338,1.14,24
$GNSS,2024-10-11T18:18:32.400Z,34.7335707,-76.6552737,-2.253,0.86,0.63,-0.30,4.039,6.337,1.05,24
$GNSS,2024-10-11T18:18:32.600Z,34.7335727,-76.6552725,-2.305,0.89,0.17,-0.69,4.038,6.336,1.02,24
$GNSS,2024-10-11T18:18:32.800Z,34.7335752,-76.6552713,-2.260,1.27,0.44,-0.59,4.038,6.334,1.04,24
$GNSS,2024-10-11T18:18:33.000Z,34.7335785,-76.6552697,-2.367,1.62,0.43,-0.51,4.039,6.335,1.06,24
$GNSS,2024-10-11T18:18:33.200Z,34.7335814,-76.6552686,-2.379,1.41,0.37,-0.19,4.040,6.341,1.11,24
$GNSS,2024-10-11T18:18:33.400Z,34.7335838,-76.6552685,-2.401,1.19,-0.22,0.06,4.044,6.347,1.11,24
$GNSS,2024-10-11T18:18:33.600Z,34.7335866,-76.6552673,-2.748,1.24,0.35,0.29,4.046,6.353,1.14,24
$GNSS,2024-10-11T18:18:33.800Z,34.7335897,-76.6552664,-2.769,1.56,0.20,-0.48,4.045,6.355,1.04,24
$GNSS,2024-10-11T18:18:34.000Z,34.7335930,-76.6552657,-2.709,1.79,0.27,-0.34,4.043,6.353,1.05,24
$GNSS,2024-10-11T18:18:34.200Z,34.7335968,-76.6552642,-2.812,1.82,0.50,-0.56,4.041,6.348,1.03,24
$GNSS,2024-10-11T18:18:34.400Z,34.7336012,-76.6552623,-3.188,2.16,0.27,-0.32,4.038,6.345,1.08,24
$GNSS,2024-10-11T18:18:34.600Z,34.7336059,-76.6552607,-3.432,2.29,0.41,-0.34,4.036,6.339,1.05,24
$GNSS,2024-10-11T18:18:34.800Z,34.7336108,-76.6552589,-3.646,2.47,0.68,0.00,4.032,6.333,1.11,24
$GNSS,2024-10-11T18:18:35.000Z,34.7336158,-76.6552570,-3.846,2.53,0.54,-0.26,4.030,6.327,1.10,24
$GNSS,2024-10-11T18:18:35.200Z,34.7336204,-76.6552556,-3.991,2.29,0.35,-0.13,4.026,6.321,1.09,24
$GNSS,2024-10-11T18:18:35.400Z,34.7336246,-76.6552544,-4.115,2.06,0.37,-0.31,4.024,6.317,1.14,24
$GNSS,2024-10-11T18:18:35.600Z,34.7336294,-76.6552521,-4.156,2.56,1.05,-0.48,4.020,6.310,1.10,24
$GNSS,2024-10-11T18:18:35.800Z,34.7336340,-76.6552510,-3.867,2.51,0.46,-0.53,4.017,6.310,1.08,24
$GNSS,2024-10-11T18:18:36.000Z,34.7336398,-76.6552492,-3.954,3.20,0.64,-0.35,4.014,6.310,1.06,24
$GNSS,2024-10-11T18:18:36.200Z,34.7336455,-76.6552479,-3.953,3.07,0.41,-0.43,4.011,6.308,1.01,24
$GNSS,2024-10-11T18:18:36.400Z,34.7336512,-76.6552467,-3.896,3.12,0.48,-0.47,4.006,6.302,0.96,24
$GNSS,2024-10-11T18:18:36.600Z,34.7336569,-76.6552458,-3.724,3.19,0.39,-0.53,4.000,6.294,0.99,24
$GNSS,2024-10-11T18:18:36.800Z,34.7336621,-76.6552451,-3.463,2.87,0.40,-0.83,3.995,6.284,0.95,24
$GNSS,2024-10-11T18:18:37.000Z,34.7336679,-76.6552448,-3.287,3.26,-0.06,-0.77,3.989,6.272,0.94,24
$GNSS,2024-10-11T18:18:37.200Z,34.7336741,-76.6552445,-3.325,3.23,-0.04,-0.50,3.985,6.259,1.06,24
$GNSS,2024-10-11T18:18:37.400Z,34.7336798,-76.6552444,-3.267,3.06,-0.16,-0.71,3.981,6.243,0.98,24
$GNSS,2024-10-11T18:18:37.600Z,34.7336858,-76.6552440,-3.286,3.11,0.08,-0.63,3.976,6.230,0.99,24
$GNSS,2024-10-11T18:18:37.800Z,34.7336912,-76.6552430,-3.277,2.73,0.34,-0.85,3.969,6.210,0.95,23
$GNSS,2024-10-11T18:18:38.000Z,34.7336964,-76.6552417,-3.285,2.73,0.41,-0.90,3.964,6.197,1.03,23
$GNSS,2024-10-11T18:18:38.200Z,34.7337017,-76.6552411,-3.172,2.77,0.12,-0.79,3.961,6.188,1.04,24
$GNSS,2024-10-11T18:18:38.400Z,34.7337075,-76.6552402,-3.304,3.03,0.12,-0.52,3.957,6.179,1.02,24
$GNSS,2024-10-11T18:18:38.600Z,34.7337136,-76.6552405,-3.205,3.31,-0.26,-0.55,3.954,6.172,1.03,24
$GNSS,2024-10-11T18:18:38.800Z,34.7337191,-76.6552422,-2.946,2.94,-0.80,-0.71,3.951,6.165,1.01,24
$GNSS,2024-10-11T18:18:39.000Z,34.7337249,-76.6552432,-2.872,3.10,-0.44,-0.95,3.949,6.161,1.00,24
$GNSS,2024-10-11T18:18:39.200Z,34.7337312,-76.6552429,-2.898,3.34,0.23,-0.66,3.947,6.158,1.07,24
$GNSS,2024-10-11T18:18:39.400Z,34.7337382,-76.6552421,-2.940,3.79,0.28,-0.39,3.945,6.154,1.08,24
$GNSS,2024-10-11T18:18:39.600Z,34.7337456,-76.6552412,-2.959,3.94,0.36,-0.29,3.944,6.151,1.10,23
$GNSS,2024-10-11T18:18:39.800Z,34.7337530,-76.6552398,-3.084,3.92,0.51,-0.13,3.945,6.148,1.15,23
$GNSS,2024-10-11T18:18:40.000Z,34.7337601,-76.6552391,-3.112,3.87,0.14,-0.28,3.947,6.148,1.16,23
$GNSS,2024-10-11T18:18:40.200Z,34.7337673,-76.6552383,-3.234,3.86,0.18,-0.36,3.952,6.152,1.16,23
$GNSS,2024-10-11T18:18:40.400Z,34.7337741,-76.6552372,-3.229,3.68,0.46,-0.68,3.955,6.152,1.08,23
$GNSS,2024-10-11T18:18:40.600Z,34.7337816,-76.6552361,-3.033,4.18,0.63,-0.73,3.957,6.154,1.12,23
$GNSS,2024-10-11T18:18:40.800Z,34.7337895,-76.6552350,-2.575,4.48,0.88,-0.95,3.959,6.158,1.16,23
$GNSS,2024-10-11T18:18:41.000Z,34.7337971,-76.6552336,-2.324,4.07,0.68,-0.85,3.963,6.161,1.16,23
$GNSS,2024-10-11T18:18:41.200Z,34.7338048,-76.6552321,-2.430,4.19,0.32,-0.62,3.966,6.159,1.10,23
$GNSS,2024-10-11T18:18:41.400Z,34.7338126,-76.6552315,-2.494,4.26,0.05,-0.53,3.968,6.158,1.06,23
$GNSS,2024-10-11T18:18:41.600Z,34.7338204,-76.6552302,-2.577,4.19,0.53,-0.55,3.968,6.155,1.07,23
$GNSS,2024-10-11T18:18:41.800Z,34.7338282,-76.6552293,-2.660,4.29,0.13,-0.40,3.968,6.156,1.14,23
$GNSS,2024-10-11T18:18:42.000Z,34.7338353,-76.6552291,-2.500,3.78,0.20,-0.42,3.969,6.156,1.14,23
$GNSS,2024-10-11T18:18:42.200Z,34.7338426,-76.6552278,-2.544,3.99,0.55,-0.39,3.971,6.156,1.15,23
$GNSS,2024-10-11T18:18:42.400Z,34.7338506,-76.6552271,-2.559,4.39,0.12,-0.62,3.975,6.157,1.19,23
$GNSS,2024-10-11T18:18:42.600Z,34.7338586,-76.6552268,-2.507,4.41,0.10,-0.58,3.978,6.154,1.11,23
$GNSS,2024-10-11T18:18:42.800Z,34.7338669,-76.6552263,-2.667,4.50,-0.03,-0.79,3.980,6.153,1.10,23
$GNSS,2024-10-11T18:18:43.000Z,34.7338753,-76.6552265,-2.544,4.62,-0.19,-0.77,3.981,6.152,1.08,23
$GNSS,2024-10-11T18:18:43.200Z,34.7338826,-76.6552271,-2.312,3.88,-0.13,-0.66,3.981,6.148,1.00,23
$GNSS,2024-10-11T18:18:43.400Z,34.7338898,-76.6552278,-2.179,4.02,-0.40,-0.75,3.981,6.145,0.98,23
$GNSS,2024-10-11T18:18:43.600Z,34.7338966,-76.6552288,-2.038,3.56,-0.43,-0.72,3.979,6.141,0.98,23
$GNSS,2024-10-11T18:18:43.800Z,34.7339031,-76.6552294,-1.885,3.51,-0.27,-1.13,3.978,6.138,0.98,23
$GNSS,2024-10-11T18:18:44.000Z,34.7339102,-76.6552289,-1.908,3.79,0.21,-0.78,3.978,6.137,1.04,23
$GNSS,2024-10-11T18:18:44.200Z,34.7339173,-76.6552289,-1.777,3.96,-0.16,-0.71,3.979,6.139,1.05,23
$GNSS,2024-10-11T18:18:44.400Z,34.7339245,-76.6552288,-1.803,3.79,-0.10,-0.71,3.981,6.142,1.06,23
$GNSS,2024-10-11T18:18:44.600Z,34.7339314,-76.6552291,-1.837,3.69,-0.30,-0.48,3.983,6.144,1.12,23
$GNSS,2024-10-11T18:18:44.800Z,34.7339382,-76.6552289,-1.845,3.66,0.02,-0.48,3.985,6.145,1.12,23
$GNSS,2024-10-11T18:18:45.000Z,34.7339467,-76.6552289,-1.943,4.79,-0.37,-0.32,3.987,6.147,1.15,23
$GNSS,2024-10-11T18:18:45.200Z,34.7339556,-76.6552293,-1.800,4.96,-0.08,-0.61,3.988,6.148,1.13,23
$GNSS,2024-10-11T18:18:45.400Z,34.7339641,-76.6552303,-1.684,4.52,-0.62,-0.42,3.989,6.147,1.08,23
$GNSS,2024-10-11T18:18:45.600Z,34.7339727,-76.6552314,-1.729,4.66,-0.56,-0.16,3.991,6.147,1.08,23
$GNSS,2024-10-11T18:18:45.800Z,34.7339813,-76.6552326,-1.645,4.76,-0.50,-0.27,3.994,6.148,1.08,23
$GNSS,2024-10-11T18:18:46.000Z,34.7339902,-76.6552334,-1.680,4.86,-0.47,-0.31,3.996,6.150,1.13,23
$GNSS,2024-10-11T18:18:46.200Z,34.7339999,-76.6552337,-1.809,5.26,-0.30,-0.41,4.000,6.155,1.15,23
$GNSS,2024-10-11T18:18:46.400Z,34.7340101,-76.6552339,-2.057,5.51,-0.41,-0.11,4.003,6.158,1.09,23
$GNSS,2024-10-11T18:18:46.600Z,34.7340205,-76.6552338,-2.190,5.63,0.02,-0.06,4.005,6.160,1.10,23
$GNSS,2024-10-11T18:18:46.800Z,34.7340309,-76.6552336,-2.228,5.59,0.10,0.22,4.008,6.163,1.13,23
$GNSS,2024-10-11T18:18:47.000Z,34.7340409,-76.6552328,-2.429,5.33,0.25,0.23,4.013,6.167,1.18,22
$GNSS,2024-10-11T18:18:47.200Z,34.7340503,-76.6552325,-2.433,5.09,0.11,-0.14,4.019,6.174,1.16,22
$GNSS,2024-10-11T18:18:47.400Z,34.7340599,-76.6552325,-2.393,5.33,-0.08,-0.27,4.026,6.183,1.16,22
$GNSS,2024-10-11T18:18:47.600Z,34.7340707,-76.6552321,-2.504,5.92,-0.01,-0.07,4.033,6.191,1.15,22
$GNSS,2024-10-11T18:18:47.800Z,34.7340805,-76.6552313,-2.533,5.23,0.51,-0.14,4.040,6.200,1.22,22
$GNSS,2024-10-11T18:18:48.000Z,34.7340896,-76.6552305,-2.591,4.88,0.16,-0.21,4.050,6.213,1.20,22
$GNSS,2024-10-11T18:18:48.200Z,34.7340980,-76.6552312,-2.636,4.57,-0.53,-0.21,4.060,6.223,1.14,22
$GNSS,2024-10-11T18:18:48.400Z,34.7341078,-76.6552305,-2.899,5.32,0.11,0.10,4.069,6.231,1.19,22
$GNSS,2024-10-11T18:18:48.600Z,34.7341175,-76.6552291,-3.167,5.18,0.50,0.32,4.076,6.235,1.18,22
$GNSS,2024-10-11T18:18:48.800Z,34.7341271,-76.6552281,-3.271,5.34,0.32,0.02,4.080,6.237,1.11,22
$GNSS,2024-10-11T18:18:49.000Z,34.7341372,-76.6552273,-3.233,5.69,0.32,-0.14,4.082,6.236,1.13,22
$GNSS,2024-10-11T18:18:49.200Z,34.7341470,-76.6552262,-3.146,5.34,0.57,-0.31,4.083,6.232,1.12,22
$GNSS,2024-10-11T18:18:49.400Z,34.7341564,-76.6552251,-3.114,5.27,0.33,-0.56,4.084,6.225,1.12,21
$GNSS,2024-10-11T18:18:49.600Z,34.7341666,-76.6552247,-3.037,5.85,0.09,-0.53,4.085,6.220,1.20,21
$GNSS,2024-10-11T18:18:49.800Z,34.7341767,-76.6552244,-2.905,5.60,0.14,-0.44,4.091,6.221,1.30,21
$GNSS,2024-10-11T18:18:50.000Z,34.7341868,-76.6552241,-3.080,5.59,-0.16,-0.22,4.098,6.221,1.31,21
$GNSS,2024-10-11T18:18:50.200Z,34.7341962,-76.6552234,-3.407,5.14,0.03,-0.04,4.102,6.217,1.20,22
$GNSS,2024-10-11T18:18:50.400Z,34.7342062,-76.6552234,-3.558,5.68,-0.26,0.02,4.104,6.212,1.15,22
$GNSS,2024-10-11T18:18:50.600Z,34.7342168,-76.6552232,-3.607,5.82,0.11,0.15,4.102,6.206,1.08,23
$GNSS,2024-10-11T18:18:50.800Z,34.7342271,-76.6552229,-3.733,5.61,-0.02,0.35,4.099,6.200,1.11,23
$GNSS,2024-10-11T18:18:51.000Z,34.7342379,-76.6552226,-3.735,6.04,0.08,0.05,4.095,6.192,1.06,23
$GNSS,2024-10-11T18:18:51.200Z,34.7342488,-76.6552217,-3.780,5.96,0.32,-0.12,4.090,6.181,1.05,23
$GNSS,2024-10-11T18:18:51.400Z,34.7342597,-76.6552210,-3.666,6.08,0.32,-0.24,4.085,6.171,1.09,23
$GNSS,2024-10-11T18:18:51.600Z,34.7342706,-76.6552201,-3.787,5.86,0.17,0.01,4.081,6.165,1.09,23
$GNSS,2024-10-11T18:18:51.800Z,34.7342812,-76.6552203,-3.783,5.87,-0.47,-0.27,4.080,6.160,1.07,23
$GNSS,2024-10-11T18:18:52.000Z,34.7342916,-76.6552209,-3.736,5.58,-0.35,-0.50,4.078,6.157,1.06,23
$GNSS,2024-10-11T18:18:52.200Z,34.7343016,-76.6552206,-3.691,5.42,-0.02,-0.80,4.077,6.154,1.06,23
$GNSS,2024-10-11T18:18:52.400Z,34.7343115,-76.6552203,-3.719,5.52,-0.22,-0.81,4.071,6.149,1.01,24
$GNSS,2024-10-11T18:18:52.600Z,34.7343220,-76.6552196,-3.809,5.76,0.04,-0.68,4.066,6.148,1.04,24
$GNSS,2024-10-11T18:18:52.800Z,34.7343323,-76.6552198,-3.719,5.73,-0.34,-0.63,4.062,6.151,1.06,24
$GNSS,2024-10-11T18:18:53.000Z,34.7343431,-76.6552203,-3.725,5.99,-0.37,-0.28,4.059,6.155,1.07,24
$GNSS,2024-10-11T18:18:53.200Z,34.7343531,-76.6552211,-3.597,5.50,-0.39,-0.59,4.057,6.159,1.11,24
$GNSS,2024-10-11T18:18:53.400Z,34.7343630,-76.6552223,-3.469,5.54,-0.65,-0.54,4.055,6.162,1.07,24
$GNSS,2024-10-11T18:18:53.600Z,34.7343729,-76.6552233,-3.651,5.38,-0.83,-0.15,4.053,6.167,1.07,24
$GNSS,2024-10-11T18:18:53.800Z,34.7343829,-76.6552238,-4.011,5.36,-0.64,-0.09,4.053,6.173,1.09,24
$GNSS,2024-10-11T18:18:54.000Z,34.7343935,-76.6552241,-4.421,5.76,-0.53,0.33,4.056,6.186,1.13,24
$GNSS,2024-10-11T18:18:54.200Z,34.7344040,-76.6552256,-4.576,5.81,-0.90,0.05,4.059,6.198,1.10,24
$GNSS,2024-10-11T18:18:54.400Z,34.7344147,-76.6552263,-4.469,6.01,-0.17,-0.29,4.062,6.207,1.07,24
$GNSS,2024-10-11T18:18:54.600Z,34.7344261,-76.6552269,-4.332,6.45,-0.28,-0.41,4.064,6.214,1.07,24
$GNSS,2024-10-11T18:18:54.800Z,34.7344376,-76.6552283,-4.089,6.41,-0.67,-0.44,4.066,6.220,1.06,24
$GNSS,2024-10-11T18:18:55.000Z,34.7344496,-76.6552297,-3.926,6.66,-0.69,-0.60,4.068,6.225,1.07,24
$GNSS,2024-10-11T18:18:55.200Z,34.7344614,-76.6552306,-3.900,6.36,-0.57,-0.49,4.069,6.228,1.08,24
$GNSS,2024-10-11T18:18:55.400Z,34.7344728,-76.6552310,-3.916,6.20,-0.31,-0.30,4.071,6.232,1.14,24
$GNSS,2024-10-11T18:18:55.600Z,34.7344842,-76.6552315,-3.926,6.23,-0.48,-0.36,4.073,6.235,1.10,24
$GNSS,2024-10-11T18:18:55.800Z,34.7344963,-76.6552324,-3.987,6.61,-0.71,-0.34,4.074,6.243,1.09,24
$GNSS,2024-10-11T18:18:56.000Z,34.7345088,-76.6552333,-4.005,6.84,-0.57,-0.55,4.074,6.250,1.07,24
$GNSS,2024-10-11T18:18:56.200Z,34.7345215,-76.6552342,-3.764,7.13,-0.50,-0.86,4.072,6.251,1.05,24
$GNSS,2024-10-11T18:18:56.400Z,34.7345341,-76.6552354,-3.623,6.80,-0.74,-0.79,4.067,6.249,1.04,24
$GNSS,2024-10-11T18:18:56.600Z,34.7345462,-76.6552364,-3.493,6.52,-0.55,-0.73,4.061,6.248,1.01,24
$GNSS,2024-10-11T18:18:56.800Z,34.7345582,-76.6552367,-3.501,6.50,-0.35,-0.69,4.055,6.245,1.01,24
$GNSS,2024-10-11T18:18:57.000Z,34.7345701,-76.6552371,-3.307,6.51,-0.33,-0.89,4.051,6.245,1.05,23
$GNSS,2024-10-11T18:18:57.200Z,34.7345823,-76.6552378,-3.235,6.57,-0.55,-0.58,4.049,6.251,1.13,23
$GNSS,2024-10-11T18:18:57.400Z,34.7345941,-76.6552387,-3.132,6.42,-0.57,-0.52,4.050,6.257,1.13,23
$GNSS,2024-10-11T18:18:57.600Z,34.7346056,-76.6552395,-2.926,6.25,-0.41,-0.67,4.052,6.262,1.13,22
$GNSS,2024-10-11T18:18:57.800Z,34.7346168,-76.6552401,-2.886,6.03,-0.54,-0.48,4.054,6.267,1.13,22
$GNSS,2024-10-11T18:18:58.000Z,34.7346284,-76.6552403,-2.799,6.38,-0.22,-0.63,4.056,6.272,1.11,22
$GNSS,2024-10-11T18:18:58.200Z,34.7346403,-76.6552398,-3.035,6.35,-0.10,-0.21,4.058,6.280,1.11,22
$GNSS,2024-10-11T18:18:58.400Z,34.7346523,-76.6552392,-3.149,6.51,-0.06,-0.18,4.057,6.285,1.06,22
$GNSS,2024-10-11T18:18:58.600Z,34.7346639,-76.6552392,-3.092,6.39,-0.22,-0.25,4.056,6.292,1.11,22
$GNSS,2024-10-11T18:18:58.800Z,34.7346758,-76.6552387,-3.005,6.57,0.17,-0.40,4.056,6.301,1.12,23
$GNSS,2024-10-11T18:18:59.000Z,34.7346880,-76.6552379,-2.712,6.89,0.37,-0.53,4.055,6.307,1.15,23
$GNSS,2024-10-11T18:18:59.200Z,34.7347005,-76.6552379,-2.328,7.05,-0.15,-0.60,4.057,6.317,1.15,22
$GNSS,2024-10-11T18:18:59.400Z,34.7347122,-76.6552389,-2.003,6.43,-0.54,-0.66,4.060,6.329,1.18,22
$GNSS,2024-10-11T18:18:59.600Z,34.7347245,-76.6552396,-1.873,6.88,-0.48,-0.74,4.066,6.345,1.23,22
$GNSS,2024-10-11T18:18:59.800Z,34.7347367,-76.6552416,-1.490,6.93,-0.94,-0.60,4.072,6.360,1.18,23
$GNSS,2024-10-11T18:19:00.000Z,34.7347492,-76.6552434,-1.199,6.98,-0.82,-0.75,4.077,6.374,1.18,22
$GNSS,2024-10-11T18:19:00.200Z,34.7347619,-76.6552440,-1.147,6.97,-0.36,-0.95,4.083,6.392,1.22,22
$GNSS,2024-10-11T18:19:00.400Z,34.7347747,-76.6552439,-1.174,6.85,-0.26,-1.31,4.090,6.408,1.21,23
$GNSS,2024-10-11T18:19:00.600Z,34.7347871,-76.6552445,-0.983,6.78,-0.49,-1.47,4.097,6.422,1.21,23
$GNSS,2024-10-11T18:19:00.800Z,34.7347978,-76.6552443,-0.711,5.67,0.04,-1.83,4.104,6.436,1.22,23
$GNSS,2024-10-11T18:19:01.000Z,34.7348084,-76.6552434,-0.305,5.84,0.38,-1.78,4.108,6.446,1.23,23
$GNSS,2024-10-11T18:19:01.200Z,34.7348203,-76.6552421,0.020,6.62,0.46,-1.53,4.109,6.450,1.19,23
$GNSS,2024-10-11T18:19:01.400Z,34.7348328,-76.6552415,0.366,6.88,0.02,-1.60,4.107,6.454,1.13,23
$GNSS,2024-10-11T18:19:01.600Z,34.7348462,-76.6552414,0.615,7.40,-0.21,-1.51,4.102,6.459,1.08,22
$GNSS,2024-10-11T18:19:01.800Z,34.7348603,-76.6552410,0.581,7.58,-0.08,-1.15,4.096,6.464,1.04,22
$GNSS,2024-10-11T18:19:02.000Z,34.7348740,-76.6552403,0.432,7.20,0.05,-0.90,4.089,6.469,1.02,22
$GNSS,2024-10-11T18:19:02.200Z,34.7348875,-76.6552396,0.348,7.31,0.17,-0.93,4.083,6.477,1.03,21
$GNSS,2024-10-11T18:19:02.400Z,34.7349001,-76.6552383,0.369,6.75,0.49,-1.19,4.078,6.486,1.05,21
$GNSS,2024-10-11T18:19:02.600Z,34.7349119,-76.6552382,0.736,6.42,-0.21,-1.15,4.084,6.510,1.25,21
$GNSS,2024-10-11T18:19:02.800Z,34.7349230,-76.6552380,0.938,6.10,-0.01,-1.56,4.092,6.528,1.13,20
$GNSS,2024-10-11T18:19:03.000Z,34.7349345,-76.6552383,1.388,6.43,-0.33,-1.72,4.103,6.549,1.27,19
$GNSS,2024-10-11T18:19:03.200Z,34.7349469,-76.6552390,1.666,6.72,-0.61,-1.81,4.118,6.571,1.28,19
$GNSS,2024-10-11T18:19:03.400Z,34.7349607,-76.6552392,1.986,7.62,-0.20,-2.10,4.130,6.592,1.20,19
$GNSS,2024-10-11T18:19:03.600Z,34.7349741,-76.6552393,2.146,7.17,-0.25,-1.64,4.141,6.617,1.20,20
$GNSS,2024-10-11T18:19:03.800Z,34.7349873,-76.6552393,2.130,6.99,-0.14,-1.01,4.151,6.638,1.18,20
$GNSS,2024-10-11T18:19:04.000Z,34.7349999,-76.6552386,2.128,6.79,0.20,-1.08,4.159,6.657,1.16,20
$GNSS,2024-10-11T18:19:04.200Z,34.7350138,-76.6552377,1.908,7.48,0.12,-0.83,4.165,6.667,1.21,22
$GNSS,2024-10-11T18:19:04.400Z,34.7350275,-76.6552361,1.930,7.44,0.72,-0.74,4.171,6.677,1.17,22
$GNSS,2024-10-11T18:19:04.600Z,34.7350413,-76.6552332,2.075,7.59,1.33,-0.71,4.174,6.684,1.17,22
$GNSS,2024-10-11T18:19:04.800Z,34.7350538,-76.6552313,2.044,6.65,0.45,-0.65,4.177,6.688,1.15,22
$GNSS,2024-10-11T18:19:05.000Z,34.7350668,-76.6552297,1.920,7.04,0.45,-0.81,4.179,6.689,1.15,22
$GNSS,2024-10-11T18:19:05.200Z,34.7350802,-76.6552288,1.877,7.24,0.04,-1.16,4.179,6.681,1.12,22
$GNSS,2024-10-11T18:19:05.400Z,34.7350938,-76.6552280,1.792,7.27,0.08,-1.17,4.178,6.674,1.10,22
$GNSS,2024-10-11T18:19:05.600Z,34.7351082,-76.6552271,1.619,7.79,0.06,-0.72,4.175,6.666,1.10,22
$GNSS,2024-10-11T18:19:05.800Z,34.7351228,-76.6552264,1.847,8.09,0.31,-0.83,4.173,6.660,1.10,22
$GNSS,2024-10-11T18:19:06.000Z,34.7351370,-76.6552255,1.889,7.63,0.20,-0.73,4.170,6.653,1.10,21
$GNSS,2024-10-11T18:19:06.200Z,34.7351508,-76.6552249,2.164,7.56,0.21,-0.88,4.167,6.641,1.08,22
$GNSS,2024-10-11T18:19:06.400Z,34.7351642,-76.6552237,2.182,7.20,0.47,-0.73,4.165,6.632,1.10,22
$GNSS,2024-10-11T18:19:06.600Z,34.7351775,-76.6552218,2.237,7.32,0.85,-0.61,4.165,6.623,1.12,21
$GNSS,2024-10-11T18:19:06.800Z,34.7351912,-76.6552206,2.383,7.61,0.40,-0.85,4.166,6.614,1.10,20
$GNSS,2024-10-11T18:19:07.000Z,34.7352050,-76.6552199,2.633,7.58,0.26,-0.95,4.167,6.605,1.11,20
$GNSS,2024-10-11T18:19:07.200Z,34.7352195,-76.6552198,2.642,7.90,-0.25,-0.73,4.169,6.599,1.16,20
$GNSS,2024-10-11T18:19:07.400Z,34.7352342,-76.6552203,2.854,8.12,-0.26,-0.57,4.173,6.594,1.21,20
$GNSS,2024-10-11T18:19:07.600Z,34.7352482,-76.6552215,3.191,7.62,-0.60,-0.62,4.179,6.592,1.26,20
$GNSS,2024-10-11T18:19:07.800Z,34.7352625,-76.6552227,3.671,7.93,-0.37,-0.75,4.187,6.590,1.28,20
$GNSS,2024-10-11T18:19:08.000Z,34.7352769,-76.6552237,4.271,8.00,-0.29,-1.04,4.196,6.588,1.25,20
$GNSS,2024-10-11T18:19:08.200Z,34.7352917,-76.6552254,4.754,8.26,-0.83,-1.23,4.206,6.587,1.25,20
$GNSS,2024-10-11T18:19:08.400Z,34.7353075,-76.6552264,4.832,8.70,-0.50,-1.16,4.217,6.593,1.27,20
$GNSS,2024-10-11T18:19:08.600Z,34.7353221,-76.6552269,5.002,8.02,-0.24,-1.24,4.229,6.594,1.30,21
$GNSS,2024-10-11T18:19:08.800Z,34.7353372,-76.6552267,5.016,8.27,-0.03,-1.32,4.239,6.595,1.27,22
$GNSS,2024-10-11T18:19:09.000Z,34.7353522,-76.6552271,5.125,8.16,-0.32,-1.36,4.250,6.600,1.27,22
$GNSS,2024-10-11T18:19:09.200Z,34.7353673,-76.6552282,5.134,8.17,-0.68,-1.15,4.261,6.601,1.26,22
$GNSS,2024-10-11T18:19:09.400Z,34.7353828,-76.6552292,5.286,8.48,-0.43,-1.19,4.272,6.603,1.26,22
$GNSS,2024-10-11T18:19:09.600Z,34.7353982,-76.6552301,5.705,8.55,-0.21,-1.30,4.281,6.607,1.19,22
$GNSS,2024-10-11T18:19:09.800Z,34.7354137,-76.6552313,5.956,8.43,-0.46,-1.04,4.291,6.612,1.22,21
$GNSS,2024-10-11T18:19:10.000Z,34.7354288,-76.6552332,6.018,8.14,-0.93,-0.96,4.301,6.617,1.22,21
$GNSS,2024-10-11T18:19:10.200Z,34.7354442,-76.6552338,5.969,8.29,-0.40,-0.98,4.311,6.626,1.25,20
$GNSS,2024-10-11T18:19:10.400Z,34.7354595,-76.6552339,5.873,8.26,-0.41,-1.18,4.323,6.635,1.25,20
$GNSS,2024-10-11T18:19:10.600Z,34.7354755,-76.6552338,5.695,8.51,-0.23,-0.81,4.339,6.652,1.31,19
$GNSS,2024-10-11T18:19:10.800Z,34.7354913,-76.6552341,5.532,8.51,-0.34,-0.65,4.453,6.753,1.43,18
$GNSS,2024-10-11T18:19:11.000Z,34.7355057,-76.6552356,5.701,7.95,-0.58,-0.67,4.484,6.779,1.38,18
$GNSS,2024-10-11T18:19:11.200Z,34.7355210,-76.6552359,5.625,8.34,-0.39,-0.67,4.507,6.801,1.34,18
$GNSS,2024-10-11T18:19:11.400Z,34.7355365,-76.6552364,5.868,8.60,-0.11,-0.88,4.525,6.818,1.29,18
$GNSS,2024-10-11T18:19:11.600Z,34.7355525,-76.6552354,5.851,8.71,0.15,-1.05,4.540,6.835,1.23,18
$GNSS,2024-10-11T18:19:11.800Z,34.7355682,-76.6552353,5.790,8.48,-0.35,-1.06,4.553,6.852,1.19,20
$GNSS,2024-10-11T18:19:12.000Z,34.7355843,-76.6552346,5.627,8.63,-0.14,-0.94,4.563,6.864,1.15,20
$GNSS,2024-10-11T18:19:12.200Z,34.7355993,-76.6552363,5.795,8.27,-0.83,-0.82,4.572,6.881,1.14,20
$GNSS,2024-10-11T18:19:12.400Z,34.7356141,-76.6552377,5.864,8.13,-0.77,-0.66,4.575,6.891,1.10,21
$GNSS,2024-10-11T18:19:12.600Z,34.7356286,-76.6552382,5.909,8.04,-0.39,-0.57,4.576,6.900,1.06,21
$GNSS,2024-10-11T18:19:12.800Z,34.7356439,-76.6552374,5.851,8.39,0.13,-0.57,4.575,6.905,1.08,21
$GNSS,2024-10-11T18:19:13.000Z,34.7356598,-76.6552363,5.896,8.81,0.32,-0.47,4.573,6.908,1.08,21
$GNSS,2024-10-11T18:19:13.200Z,34.7356751,-76.6552361,6.087,8.62,-0.02,-0.53,4.571,6.908,1.07,21
$GNSS,2024-10-11T18:19:13.400Z,34.7356913,-76.6552348,5.927,8.71,0.18,-0.37,4.572,6.914,1.13,20
$GNSS,2024-10-11T18:19:13.600Z,34.7357062,-76.6552343,6.002,8.19,-0.12,-0.28,4.570,6.911,1.08,19
$GNSS,2024-10-11T18:19:13.800Z,34.7357207,-76.6552347,5.983,8.00,-0.63,-0.09,4.568,6.906,1.05,19
$GNSS,2024-10-11T18:19:14.000Z,34.7357363,-76.6552344,5.833,8.51,-0.38,-0.15,4.565,6.901,1.08,20
$GNSS,2024-10-11T18:19:14.200Z,34.7357518,-76.6552350,5.809,8.44,-0.52,-0.44,4.562,6.898,1.05,20
$GNSS,2024-10-11T18:19:14.400Z,34.7357661,-76.6552364,6.000,7.96,-0.89,-0.40,4.561,6.898,1.20,21
$GNSS,2024-10-11T18:19:14.600Z,34.7357806,-76.6552377,5.840,7.90,-1.02,-0.26,4.565,6.898,1.23,20
$GNSS,2024-10-11T18:19:14.800Z,34.7357945,-76.6552386,5.861,7.69,-0.58,-0.29,4.569,6.900,1.23,20
$GNSS,2024-10-11T18:19:15.000Z,34.7358092,-76.6552397,5.942,8.35,-0.73,-0.39,4.575,6.903,1.24,20
$GNSS,2024-10-11T18:19:15.200Z,34.7358242,-76.6552396,5.983,8.31,-0.04,-0.37,4.577,6.898,1.24,20
$GNSS,2024-10-11T18:19:15.400Z,34.7358400,-76.6552387,5.889,8.73,0.25,-0.39,4.578,6.894,1.27,21
$GNSS,2024-10-11T18:19:15.600Z,34.7358555,-76.6552389,5.873,8.67,-0.31,-0.28,4.579,6.888,1.31,21
$GNSS,2024-10-11T18:19:15.800Z,34.7358701,-76.6552403,6.154,8.40,-0.66,-0.67,4.580,6.883,1.24,21
$GNSS,2024-10-11T18:19:16.000Z,34.7358859,-76.6552409,5.985,8.66,-0.60,-0.57,4.579,6.880,1.15,21
$GNSS,2024-10-11T18:19:16.200Z,34.7359016,-76.6552417,5.789,8.38,-0.70,-0.49,4.576,6.876,1.09,22
$GNSS,2024-10-11T18:19:16.400Z,34.7359163,-76.6552433,5.925,8.40,-0.70,-0.49,4.567,6.868,1.05,22
$GNSS,2024-10-11T18:19:16.600Z,34.7359318,-76.6552450,5.950,8.85,-0.82,-0.31,4.559,6.867,1.08,22
$GNSS,2024-10-11T18:19:16.800Z,34.7359479,-76.6552465,5.895,8.96,-0.74,-0.37,4.553,6.866,1.09,21
$GNSS,2024-10-11T18:19:17.000Z,34.7359642,-76.6552468,5.684,8.94,-0.29,-0.34,4.547,6.862,1.08,21
$GNSS,2024-10-11T18:19:17.200Z,34.7359803,-76.6552470,5.633,9.04,-0.16,-0.30,4.543,6.860,1.16,21
$GNSS,2024-10-11T18:19:17.400Z,34.7359958,-76.6552470,5.750,8.80,0.09,-0.29,4.540,6.858,1.19,20
$GNSS,2024-10-11T18:19:17.600Z,34.7360122,-76.6552476,5.924,9.35,-0.42,-0.73,4.537,6.857,1.17,22
$GNSS,2024-10-11T18:19:17.800Z,34.7360280,-76.6552483,6.172,9.03,-0.24,-0.76,4.533,6.854,1.12,22
$GNSS,2024-10-11T18:19:18.000Z,34.7360441,-76.6552485,6.311,9.06,-0.15,-0.77,4.527,6.850,1.11,22
$GNSS,2024-10-11T18:19:18.200Z,34.7360593,-76.6552495,6.487,8.51,-0.61,-0.68,4.523,6.852,1.13,22
$GNSS,2024-10-11T18:19:18.400Z,34.7360737,-76.6552505,6.637,8.21,-0.49,-0.38,4.520,6.855,1.11,22
$GNSS,2024-10-11T18:19:18.600Z,34.7360884,-76.6552513,6.774,8.45,-0.35,-0.29,4.517,6.859,1.09,22
$GNSS,2024-10-11T18:19:18.800Z,34.7361037,-76.6552511,6.766,8.55,0.00,-0.43,4.516,6.865,1.10,22
$GNSS,2024-10-11T18:19:19.000Z,34.7361192,-76.6552507,6.886,8.80,0.18,-0.40,4.518,6.873,1.11,22
$GNSS,2024-10-11T18:19:19.200Z,34.7361352,-76.6552502,7.072,9.04,0.27,-0.48,4.522,6.885,1.22,20
$GNSS,2024-10-11T18:19:19.400Z,34.7361511,-76.6552491,7.017,8.74,0.27,-0.43,4.530,6.905,1.27,19
$GNSS,2024-10-11T18:19:19.600Z,34.7361672,-76.6552475,6.750,8.63,0.27,-0.54,4.540,6.931,1.20,18
$GNSS,2024-10-11T18:19:19.800Z,34.7361836,-76.6552465,6.589,9.09,0.01,-0.45,4.551,6.956,1.22,18
$GNSS,2024-10-11T18:19:20.000Z,34.7361997,-76.6552466,6.593,8.91,-0.31,-0.57,4.562,6.984,1.24,18
$GNSS,2024-10-11T18:19:20.200Z,34.7362148,-76.6552469,6.543,8.19,-0.40,-0.66,4.572,7.009,1.21,18
$GNSS,2024-10-11T18:19:20.400Z,34.7362288,-76.6552483,6.759,7.92,-0.70,-0.84,4.581,7.033,1.17,19
$GNSS,2024-10-11T18:19:20.600Z,34.7362431,-76.6552494,6.847,7.96,-0.68,-0.85,4.589,7.055,1.15,19
$GNSS,2024-10-11T18:19:20.800Z,34.7362579,-76.6552497,6.700,7.95,-0.51,-0.70,4.595,7.074,1.14,19
$GNSS,2024-10-11T18:19:21.000Z,34.7362723,-76.6552502,6.726,7.96,-0.33,-0.67,4.600,7.094,1.14,19
$GNSS,2024-10-11T18:19:21.200Z,34.7362863,-76.6552518,6.972,7.94,-0.79,-0.82,4.603,7.109,1.13,19
$GNSS,2024-10-11T18:19:21.400Z,34.7363007,-76.6552530,7.012,7.95,-0.71,-0.85,4.606,7.124,1.13,19
$GNSS,2024-10-11T18:19:21.600Z,34.7363154,-76.6552539,6.940,8.03,-0.73,-0.94,4.606,7.134,1.14,19
$GNSS,2024-10-11T18:19:21.800Z,34.7363306,-76.6552534,6.728,8.04,-0.05,-0.72,4.604,7.135,1.11,20
$GNSS,2024-10-11T18:19:22.000Z,34.7363459,-76.6552529,6.630,8.34,-0.11,-0.80,4.597,7.129,1.08,20
$GNSS,2024-10-11T18:19:22.200Z,34.7363610,-76.6552524,6.591,8.29,0.09,-0.80,4.584,7.116,1.09,21
$GNSS,2024-10-11T18:19:22.400Z,34.7363752,-76.6552515,6.427,7.49,0.14,-0.53,4.570,7.100,1.12,21
$GNSS,2024-10-11T18:19:22.600Z,34.7363893,-76.6552507,6.283,7.79,0.04,-0.25,4.556,7.084,1.11,20
$GNSS,2024-10-11T18:19:22.800Z,34.7364037,-76.6552506,6.283,8.05,-0.03,-0.37,4.544,7.076,1.12,20
$GNSS,2024-10-11T18:19:23.000Z,34.7364181,-76.6552506,6.090,7.72,-0.33,-0.47,4.534,7.067,1.08,20
$GNSS,2024-10-11T18:19:23.200Z,34.7364317,-76.6552506,5.872,7.30,-0.25,-0.40,4.524,7.060,1.09,20
$GNSS,2024-10-11T18:19:23.400Z,34.7364454,-76.6552506,5.717,7.58,-0.21,-0.43,4.517,7.054,1.13,20
$GNSS,2024-10-11T18:19:23.600Z,34.7364595,-76.6552507,5.523,7.72,-0.32,-0.46,4.510,7.047,1.08,20
$GNSS,2024-10-11T18:19:23.800Z,34.7364724,-76.6552509,5.470,7.01,-0.19,-0.23,4.504,7.041,1.15,20
$GNSS,2024-10-11T18:19:24.000Z,34.7364857,-76.6552512,5.583,7.59,0.00,-0.16,4.498,7.036,1.19,20
$GNSS,2024-10-11T18:19:24.200Z,34.7364986,-76.6552518,5.707,7.20,-0.12,-0.44,4.494,7.033,1.19,20
$GNSS,2024-10-11T18:19:24.400Z,34.7365113,-76.6552531,5.934,7.13,-0.50,-0.81,4.490,7.038,1.19,19
$GNSS,2024-10-11T18:19:24.600Z,34.7365239,-76.6552543,5.947,7.03,-0.59,-0.64,4.486,7.043,1.20,19
$GNSS,2024-10-11T18:19:24.800Z,34.7365363,-76.6552558,5.887,6.77,-0.86,-0.43,4.483,7.047,1.19,19
$GNSS,2024-10-11T18:19:25.000Z,34.7365489,-76.6552574,5.670,6.82,-1.01,-0.63,4.480,7.053,1.15,19
$GNSS,2024-10-11T18:19:25.200Z,34.7365612,-76.6552598,5.767,6.72,-0.98,-0.61,4.479,7.065,1.17,20
$GNSS,2024-10-11T18:19:25.400Z,34.7365732,-76.6552618,5.697,6.48,-1.00,-0.51,4.480,7.077,1.17,20
$GNSS,2024-10-11T18:19:25.600Z,34.7365851,-76.6552637,5.725,6.45,-0.88,-0.77,4.480,7.090,1.14,20
$GNSS,2024-10-11T18:19:25.800Z,34.7365974,-76.6552652,5.622,6.67,-0.82,-0.70,4.478,7.098,1.11,20
$GNSS,2024-10-11T18:19:26.000Z,34.7366097,-76.6552684,5.812,6.92,-1.53,-0.72,4.476,7.109,1.11,20
$GNSS,2024-10-11T18:19:26.200Z,34.7366206,-76.6552724,6.145,5.93,-1.59,-1.10,4.473,7.119,1.12,20
$GNSS,2024-10-11T18:19:26.400Z,34.7366301,-76.6552777,6.608,5.36,-2.18,-1.25,4.470,7.131,1.11,21
$GNSS,2024-10-11T18:19:26.600Z,34.7366390,-76.6552849,6.867,5.05,-3.32,-1.01,4.468,7.146,1.10,21
$GNSS,2024-10-11T18:19:26.800Z,34.7366485,-76.6552923,7.045,5.30,-3.35,-1.25,4.467,7.160,1.09,21
$GNSS,2024-10-11T18:19:27.000Z,34.7366578,-76.6552998,7.223,5.15,-3.30,-1.26,4.466,7.172,1.04,21
$GNSS,2024-10-11T18:19:27.200Z,34.7366677,-76.6553071,7.511,5.51,-3.37,-1.85,4.464,7.184,1.04,21
$GNSS,2024-10-11T18:19:27.400Z,34.7366785,-76.6553143,7.640,5.88,-3.51,-2.08,4.461,7.194,1.03,21
$GNSS,2024-10-11T18:19:27.600Z,34.7366891,-76.6553222,7.587,5.51,-3.79,-1.52,4.455,7.201,1.00,21
$GNSS,2024-10-11T18:19:27.800Z,34.7366989,-76.6553299,7.455,5.03,-3.53,-1.27,4.449,7.206,1.00,21
$GNSS,2024-10-11T18:19:28.000Z,34.7367092,-76.6553371,7.106,5.37,-3.66,-1.04,4.444,7.210,0.98,21
$GNSS,2024-10-11T18:19:28.200Z,34.7367184,-76.6553454,6.918,4.72,-4.00,-0.99,4.440,7.218,0.93,21
$GNSS,2024-10-11T18:19:28.400Z,34.7367268,-76.6553541,6.896,4.56,-4.01,-1.08,4.438,7.228,1.04,21
$GNSS,2024-10-11T18:19:28.600Z,34.7367340,-76.6553628,7.032,3.83,-3.94,-1.44,4.437,7.237,1.07,21
$GNSS,2024-10-11T18:19:28.800Z,34.7367407,-76.6553730,7.138,3.59,-4.82,-1.38,4.438,7.249,1.04,20
$GNSS,2024-10-11T18:19:29.000Z,34.7367476,-76.6553833,6.994,3.63,-4.69,-0.89,4.439,7.260,1.07,21
$GNSS,2024-10-11T18:19:29.200Z,34.7367536,-76.6553937,6.953,3.20,-4.77,-0.96,4.440,7.272,1.03,22
$GNSS,2024-10-11T18:19:29.400Z,34.7367592,-76.6554043,7.029,2.99,-4.68,-0.85,4.438,7.278,0.96,22
$GNSS,2024-10-11T18:19:29.600Z,34.7367640,-76.6554159,6.797,2.41,-5.57,-0.49,4.435,7.285,0.99,23
$GNSS,2024-10-11T18:19:29.800Z,34.7367681,-76.6554290,6.703,2.19,-6.12,-0.58,4.432,7.295,1.01,23
$GNSS,2024-10-11T18:19:30.000Z,34.7367734,-76.6554422,6.627,2.87,-5.98,-0.94,4.429,7.307,1.02,23
$GNSS,2024-10-11T18:19:30.200Z,34.7367783,-76.6554559,6.576,2.44,-6.21,-0.91,4.427,7.319,1.02,23
$GNSS,2024-10-11T18:19:30.400Z,34.7367819,-76.6554699,6.541,1.74,-6.26,-0.86,4.426,7.331,0.95,23
$GNSS,2024-10-11T18:19:30.600Z,34.7367845,-76.6554848,6.631,1.25,-6.59,-0.84,4.422,7.339,0.89,23
$GNSS,2024-10-11T18:19:30.800Z,34.7367865,-76.6554996,6.659,0.90,-6.63,-0.73,4.420,7.352,0.98,23
$GNSS,2024-10-11T18:19:31.000Z,34.7367879,-76.6555136,6.500,0.50,-6.34,-0.58,4.419,7.367,1.00,23
$GNSS,2024-10-11T18:19:31.200Z,34.7367894,-76.6555278,6.463,0.71,-6.51,-0.66,4.418,7.370,0.99,24
$GNSS,2024-10-11T18:19:31.400Z,34.7367899,-76.6555429,6.755,0.20,-6.53,-0.84,4.417,7.373,1.02,24
$GNSS,2024-10-11T18:19:31.600Z,34.7367902,-76.6555582,7.055,0.15,-6.56,-0.94,4.415,7.371,0.99,24
$GNSS,2024-10-11T18:19:31.800Z,34.7367902,-76.6555719,6.991,-0.30,-6.18,-0.92,4.413,7.369,0.99,24
$GNSS,2024-10-11T18:19:32.000Z,34.7367885,-76.6555850,6.980,-1.29,-5.87,-0.90,4.409,7.364,1.01,24
$GNSS,2024-10-11T18:19:32.200Z,34.7367864,-76.6555985,6.793,-1.36,-6.50,-0.75,4.404,7.356,1.01,24
$GNSS,2024-10-11T18:19:32.400Z,34.7367845,-76.6556125,6.805,-1.14,-6.29,-0.80,4.398,7.348,1.00,24
$GNSS,2024-10-11T18:19:32.600Z,34.7367824,-76.6556265,6.823,-1.33,-6.39,-0.89,4.391,7.340,1.01,24
$GNSS,2024-10-11T18:19:32.800Z,34.7367803,-76.6556406,6.923,-1.29,-6.36,-1.11,4.385,7.333,1.01,24
$GNSS,2024-10-11T18:19:33.000Z,34.7367777,-76.6556541,6.868,-1.74,-6.34,-1.10,4.381,7.334,1.05,24
$GNSS,2024-10-11T18:19:33.200Z,34.7367745,-76.6556674,6.837,-2.03,-6.08,-0.99,4.380,7.337,1.13,24
$GNSS,2024-10-11T18:19:33.400Z,34.7367713,-76.6556802,6.771,-2.02,-6.05,-1.10,4.381,7.338,1.15,24
$GNSS,2024-10-11T18:19:33.600Z,34.7367683,-76.6556932,6.838,-1.70,-5.81,-0.94,4.383,7.342,1.17,24
$GNSS,2024-10-11T18:19:33.800Z,34.7367653,-76.6557061,6.856,-1.96,-5.89,-0.98,4.386,7.345,1.17,24
$GNSS,2024-10-11T18:19:34.000Z,34.7367619,-76.6557190,6.551,-2.17,-6.25,-0.58,4.390,7.349,1.18,24
$GNSS,2024-10-11T18:19:34.200Z,34.7367575,-76.6557318,6.376,-2.70,-5.76,-0.18,4.395,7.356,1.19,24
$GNSS,2024-10-11T18:19:34.400Z,34.7367529,-76.6557456,6.216,-2.67,-6.40,-0.16,4.400,7.361,1.15,24
$GNSS,2024-10-11T18:19:34.600Z,34.7367489,-76.6557602,5.962,-2.36,-6.80,0.13,4.404,7.369,1.09,23
$GNSS,2024-10-11T18:19:34.800Z,34.7367443,-76.6557748,5.606,-2.87,-6.70,0.36,4.407,7.380,1.10,23
$GNSS,2024-10-11T18:19:35.000Z,34.7367396,-76.6557903,5.609,-2.55,-6.80,0.23,4.408,7.388,1.05,23
$GNSS,2024-10-11T18:19:35.200Z,34.7367360,-76.6558052,5.226,-2.21,-7.18,0.08,4.409,7.397,1.06,23
$GNSS,2024-10-11T18:19:35.400Z,34.7367325,-76.6558209,5.165,-1.97,-6.91,-0.03,4.412,7.409,1.07,23
$GNSS,2024-10-11T18:19:35.600Z,34.7367291,-76.6558367,5.062,-2.01,-7.17,-0.14,4.414,7.419,1.04,23
$GNSS,2024-10-11T18:19:35.800Z,34.7367257,-76.6558521,4.694,-2.12,-7.17,0.07,4.415,7.430,1.00,23
$GNSS,2024-10-11T18:19:36.000Z,34.7367218,-76.6558686,4.524,-2.22,-7.35,0.18,4.417,7.444,0.97,22
$GNSS,2024-10-11T18:19:36.200Z,34.7367181,-76.6558850,4.392,-2.07,-7.29,-0.07,4.427,7.473,1.06,22
$GNSS,2024-10-11T18:19:36.400Z,34.7367145,-76.6559012,4.281,-2.13,-7.28,-0.31,4.439,7.501,1.09,22
$GNSS,2024-10-11T18:19:36.600Z,34.7367107,-76.6559172,4.007,-2.24,-7.14,0.00,4.452,7.536,1.03,21
$GNSS,2024-10-11T18:19:36.800Z,34.7367066,-76.6559331,3.836,-2.34,-7.11,-0.02,4.465,7.573,1.04,21
$GNSS,2024-10-11T18:19:37.000Z,34.7367030,-76.6559488,3.699,-1.88,-6.78,0.11,4.478,7.608,1.04,21
$GNSS,2024-10-11T18:19:37.200Z,34.7366993,-76.6559646,3.972,-1.83,-6.57,-0.34,4.479,7.624,1.01,21
$GNSS,2024-10-11T18:19:37.400Z,34.7366965,-76.6559787,3.948,-1.64,-6.64,-0.86,4.481,7.645,1.05,21
$GNSS,2024-10-11T18:19:37.600Z,34.7366937,-76.6559941,4.083,-1.46,-6.70,-0.79,4.483,7.664,1.07,21
$GNSS,2024-10-11T18:19:37.800Z,34.7366907,-76.6560084,4.063,-1.79,-6.52,-0.86,4.483,7.680,1.05,21
$GNSS,2024-10-11T18:19:38.000Z,34.7366873,-76.6560237,4.053,-1.92,-6.92,-0.67,4.483,7.698,1.05,21
$GNSS,2024-10-11T18:19:38.200Z,34.7366849,-76.6560375,3.630,-1.62,-6.92,-0.57,4.479,7.702,0.98,22
$GNSS,2024-10-11T18:19:38.400Z,34.7366820,-76.6560531,3.573,-1.65,-7.15,-0.47,4.473,7.706,0.95,22
$GNSS,2024-10-11T18:19:38.600Z,34.7366793,-76.6560679,3.389,-1.59,-7.00,-0.52,4.466,7.706,0.95,22
$GNSS,2024-10-11T18:19:38.800Z,34.7366759,-76.6560822,3.214,-2.11,-6.85,-0.63,4.458,7.708,0.96,22
$GNSS,2024-10-11T18:19:39.000Z,34.7366726,-76.6560973,3.070,-1.79,-7.14,-0.55,4.450,7.710,0.95,21
$GNSS,2024-10-11T18:19:39.200Z,34.7366701,-76.6561115,3.012,-1.46,-6.39,-0.67,4.444,7.715,0.96,21
$GNSS,2024-10-11T18:19:39.400Z,34.7366674,-76.6561253,3.051,-1.51,-6.28,-0.94,4.436,7.718,0.99,21
$GNSS,2024-10-11T18:19:39.600Z,34.7366647,-76.6561393,3.056,-1.67,-6.33,-0.77,4.427,7.722,0.94,22
$GNSS,2024-10-11T18:19:39.800Z,34.7366624,-76.6561535,2.764,-1.51,-6.92,-0.59,4.417,7.728,0.92,22
$GNSS,2024-10-11T18:19:40.000Z,34.7366605,-76.6561682,2.693,-1.13,-6.49,-0.44,4.409,7.737,0.96,21
$GNSS,2024-10-11T18:19:40.200Z,34.7366586,-76.6561830,2.679,-1.15,-6.79,-0.67,4.400,7.740,0.93,22
$GNSS,2024-10-11T18:19:40.400Z,34.7366567,-76.6561973,2.679,-1.15,-6.35,-0.74,4.391,7.741,0.93,22
$GNSS,2024-10-11T18:19:40.600Z,34.7366546,-76.6562114,2.900,-1.15,-6.12,-0.91,4.382,7.744,0.92,22
$GNSS,2024-10-11T18:19:40.800Z,34.7366527,-76.6562248,2.978,-1.09,-6.04,-1.10,4.374,7.746,0.95,22
$GNSS,2024-10-11T18:19:41.000Z,34.7366511,-76.6562378,2.820,-1.17,-5.97,-0.83,4.366,7.749,0.96,22
$GNSS,2024-10-11T18:19:41.200Z,34.7366495,-76.6562510,2.699,-1.02,-6.00,-0.70,4.358,7.751,0.91,22
$GNSS,2024-10-11T18:19:41.400Z,34.7366481,-76.6562641,2.667,-0.86,-5.75,-0.64,4.348,7.751,0.89,22
$GNSS,2024-10-11T18:19:41.600Z,34.7366467,-76.6562769,2.791,-0.54,-5.66,-0.67,4.336,7.742,0.93,23
$GNSS,2024-10-11T18:19:41.800Z,34.7366457,-76.6562896,2.887,-0.37,-5.66,-0.70,4.326,7.731,0.91,23
$GNSS,2024-10-11T18:19:42.000Z,34.7366443,-76.6563024,2.829,-0.64,-5.84,-0.58,4.316,7.719,0.89,21
$GNSS,2024-10-11T18:19:42.200Z,34.7366443,-76.6563155,3.072,0.41,-5.50,-0.39,4.306,7.715,0.94,21
$GNSS,2024-10-11T18:19:42.400Z,34.7366454,-76.6563286,3.190,0.99,-5.92,-0.51,4.297,7.696,0.95,22
$GNSS,2024-10-11T18:19:42.600Z,34.7366463,-76.6563410,3.127,0.64,-5.53,-0.53,4.286,7.675,0.90,22
$GNSS,2024-10-11T18:19:42.800Z,34.7366469,-76.6563534,3.336,0.54,-5.47,-0.89,4.276,7.655,0.91,22
$GNSS,2024-10-11T18:19:43.000Z,34.7366472,-76.6563657,3.377,0.36,-5.62,-1.11,4.265,7.634,0.90,22
$GNSS,2024-10-11T18:19:43.200Z,34.7366482,-76.6563776,3.404,0.75,-5.23,-0.99,4.257,7.617,0.90,22
$GNSS,2024-10-11T18:19:43.400Z,34.7366496,-76.6563892,3.460,0.97,-5.07,-0.75,4.249,7.603,0.91,22
$GNSS,2024-10-11T18:19:43.600Z,34.7366508,-76.6564002,3.569,0.77,-4.75,-0.73,4.243,7.590,0.91,22
$GNSS,2024-10-11T18:19:43.800Z,34.7366532,-76.6564103,3.582,1.64,-4.45,-0.68,4.237,7.576,0.96,22
$GNSS,2024-10-11T18:19:44.000Z,34.7366553,-76.6564199,3.533,1.25,-4.33,-0.67,4.229,7.551,0.92,22
$GNSS,2024-10-11T18:19:44.200Z,34.7366574,-76.6564297,3.548,1.39,-4.46,-0.74,4.222,7.533,0.94,22
$GNSS,2024-10-11T18:19:44.400Z,34.7366599,-76.6564410,3.695,1.51,-5.16,-0.62,4.217,7.518,0.98,22
$GNSS,2024-10-11T18:19:44.600Z,34.7366632,-76.6564529,3.873,2.06,-5.19,-0.60,4.212,7.502,0.94,22
$GNSS,2024-10-11T18:19:44.800Z,34.7366666,-76.6564637,3.969,2.09,-4.73,-0.70,4.208,7.487,0.98,22
$GNSS,2024-10-11T18:19:45.000Z,34.7366708,-76.6564742,3.932,2.58,-4.76,-0.46,4.204,7.473,0.99,22
$GNSS,2024-10-11T18:19:45.200Z,34.7366754,-76.6564834,3.826,2.77,-4.05,-0.46,4.201,7.461,1.02,22
$GNSS,2024-10-11T18:19:45.400Z,34.7366798,-76.6564917,3.797,2.62,-3.80,-0.67,4.199,7.449,1.00,23
$GNSS,2024-10-11T18:19:45.600Z,34.7366839,-76.6565007,4.367,2.31,-3.62,-1.05,4.197,7.434,1.00,23
$GNSS,2024-10-11T18:19:45.800Z,34.7366877,-76.6565094,4.671,2.23,-3.84,-1.07,4.193,7.422,0.99,23
$GNSS,2024-10-11T18:19:46.000Z,34.7366914,-76.6565180,5.006,2.23,-3.76,-1.03,4.188,7.408,0.94,24
$GNSS,2024-10-11T18:19:46.200Z,34.7366954,-76.6565259,5.567,2.41,-3.06,-1.20,4.182,7.395,0.96,24
$GNSS,2024-10-11T18:19:46.400Z,34.7367008,-76.6565311,5.350,3.33,-2.78,-0.95,4.177,7.383,1.02,24
$GNSS,2024-10-11T18:19:46.600Z,34.7367070,-76.6565360,5.177,3.61,-2.57,-0.90,4.171,7.368,0.97,24
$GNSS,2024-10-11T18:19:46.800Z,34.7367133,-76.6565416,5.212,3.60,-2.89,-1.02,4.164,7.352,0.98,24
$GNSS,2024-10-11T18:19:47.000Z,34.7367201,-76.6565467,5.265,3.89,-2.36,-1.00,4.158,7.338,0.99,24
$GNSS,2024-10-11T18:19:47.200Z,34.7367276,-76.6565511,5.131,4.34,-2.37,-0.68,4.150,7.323,0.98,24
$GNSS,2024-10-11T18:19:47.400Z,34.7367358,-76.6565542,4.709,4.66,-2.00,-0.43,4.140,7.303,0.98,24
$GNSS,2024-10-11T18:19:47.600Z,34.7367437,-76.6565579,4.616,4.48,-2.04,-0.43,4.129,7.284,0.96,24
$GNSS,2024-10-11T18:19:47.800Z,34.7367509,-76.6565612,4.491,4.07,-1.86,-0.42,4.118,7.263,0.98,24
$GNSS,2024-10-11T18:19:48.000Z,34.7367582,-76.6565635,4.246,4.16,-1.24,-0.14,4.106,7.238,0.97,24
$GNSS,2024-10-11T18:19:48.200Z,34.7367664,-76.6565654,4.001,4.80,-1.26,-0.08,4.093,7.210,0.89,24
$GNSS,2024-10-11T18:19:48.400Z,34.7367746,-76.6565677,3.845,4.58,-1.16,0.19,4.080,7.182,0.88,24
$GNSS,2024-10-11T18:19:48.600Z,34.7367828,-76.6565695,3.449,4.63,-1.30,0.29,4.066,7.154,0.86,24
$GNSS,2024-10-11T18:19:48.800Z,34.7367914,-76.6565711,3.293,4.99,-0.53,0.37,4.054,7.132,0.93,24
$GNSS,2024-10-11T18:19:49.000Z,34.7368004,-76.6565713,3.123,5.15,-0.26,0.05,4.041,7.109,0.95,24
$GNSS,2024-10-11T18:19:49.200Z,34.7368088,-76.6565718,2.860,4.64,-0.79,0.01,4.029,7.084,0.97,24
$GNSS,2024-10-11T18:19:49.400Z,34.7368170,-76.6565724,2.630,4.72,-0.41,0.30,4.017,7.059,0.98,24
$GNSS,2024-10-11T18:19:49.600Z,34.7368250,-76.6565734,2.536,4.51,-0.76,0.17,3.999,7.022,0.93,24
$GNSS,2024-10-11T18:19:49.800Z,34.7368333,-76.6565745,2.622,4.86,-0.36,-0.04,3.979,6.984,0.92,24
$GNSS,2024-10-11T18:19:50.000Z,34.7368417,-76.6565747,2.339,4.82,-0.51,0.08,3.961,6.950,0.95,24
$GNSS,2024-10-11T18:19:50.200Z,34.7368501,-76.6565752,2.489,4.78,-0.14,-0.21,3.945,6.916,0.95,24
$GNSS,2024-10-11T18:19:50.400Z,34.7368592,-76.6565757,2.354,5.15,-0.43,-0.32,3.937,6.902,1.02,23
$GNSS,2024-10-11T18:19:50.600Z,34.7368682,-76.6565761,2.378,4.92,-0.05,-0.19,3.933,6.889,1.05,23
$GNSS,2024-10-11T18:19:50.800Z,34.7368775,-76.6565763,2.270,5.20,-0.12,-0.09,3.929,6.876,1.04,23
$GNSS,2024-10-11T18:19:51.000Z,34.7368867,-76.6565765,2.082,4.98,-0.12,0.24,3.924,6.863,1.09,23
$GNSS,2024-10-11T18:19:51.200Z,34.7368958,-76.6565770,1.930,5.12,-0.40,0.20,3.919,6.848,1.01,23
$GNSS,2024-10-11T18:19:51.400Z,34.7369050,-76.6565781,1.955,5.16,-0.50,-0.07,3.913,6.834,0.96,23
$GNSS,2024-10-11T18:19:51.600Z,34.7369145,-76.6565794,2.014,5.34,-0.48,-0.13,3.905,6.819,0.95,23
$GNSS,2024-10-11T18:19:51.800Z,34.7369245,-76.6565799,1.948,5.65,-0.26,-0.06,3.898,6.809,0.99,23
$GNSS,2024-10-11T18:19:52.000Z,34.7369342,-76.6565807,1.952,5.43,-0.46,-0.25,3.891,6.798,0.97,23
$GNSS,2024-10-11T18:19:52.200Z,34.7369437,-76.6565815,2.001,5.22,-0.34,-0.30,3.884,6.787,0.96,23
$GNSS,2024-10-11T18:19:52.400Z,34.7369531,-76.6565823,1.977,5.30,-0.48,-0.31,3.877,6.775,0.94,23
$GNSS,2024-10-11T18:19:52.600Z,34.7369631,-76.6565832,1.829,5.61,-0.72,-0.10,3.870,6.764,0.98,23
$GNSS,2024-10-11T18:19:52.800Z,34.7369736,-76.6565847,1.647,5.88,-1.09,-0.21,3.859,6.742,0.93,23
$GNSS,2024-10-11T18:19:53.000Z,34.7369838,-76.6565858,1.344,5.50,-0.77,-0.03,3.847,6.718,0.93,23
$GNSS,2024-10-11T18:19:53.200Z,34.7369931,-76.6565873,1.242,5.08,-0.88,-0.07,3.839,6.704,0.95,23
$GNSS,2024-10-11T18:19:53.400Z,34.7370029,-76.6565887,1.002,5.56,-0.90,0.05,3.833,6.689,0.98,23
$GNSS,2024-10-11T18:19:53.600Z,34.7370126,-76.6565904,0.751,5.26,-1.09,0.00,3.828,6.672,0.96,23
$GNSS,2024-10-11T18:19:53.800Z,34.7370217,-76.6565937,0.783,5.08,-1.82,-0.28,3.821,6.654,0.93,23
$GNSS,2024-10-11T18:19:54.000Z,34.7370305,-76.6565973,0.730,4.75,-1.64,0.06,3.815,6.635,0.89,23
$GNSS,2024-10-11T18:19:54.200Z,34.7370396,-76.6566014,0.619,5.11,-2.09,0.19,3.809,6.616,0.89,23
$GNSS,2024-10-11T18:19:54.400Z,34.7370485,-76.6566056,0.533,4.93,-1.83,0.17,3.804,6.601,0.91,23
$GNSS,2024-10-11T18:19:54.600Z,34.7370575,-76.6566090,0.240,4.84,-1.89,0.01,3.800,6.589,0.91,23
$GNSS,2024-10-11T18:19:54.800Z,34.7370665,-76.6566134,-0.076,5.00,-2.47,0.03,3.796,6.581,0.94,23
$GNSS,2024-10-11T18:19:55.000Z,34.7370748,-76.6566194,-0.265,4.36,-3.09,0.07,3.793,6.575,0.93,23
$GNSS,2024-10-11T18:19:55.200Z,34.7370823,-76.6566257,-0.333,4.10,-2.81,0.00,3.792,6.569,0.95,23
$GNSS,2024-10-11T18:19:55.400Z,34.7370906,-76.6566314,-0.203,4.85,-2.44,-0.26,3.792,6.564,1.03,23
$GNSS,2024-10-11T18:19:55.600Z,34.7370998,-76.6566375,-0.073,5.23,-2.82,-0.49,3.793,6.562,1.03,23
$GNSS,2024-10-11T18:19:55.800Z,34.7371089,-76.6566437,0.121,5.07,-2.73,-0.59,3.796,6.561,1.01,23
$GNSS,2024-10-11T18:19:56.000Z,34.7371183,-76.6566501,-0.060,5.09,-3.29,-0.45,3.800,6.562,1.06,23
$GNSS,2024-10-11T18:19:56.200Z,34.7371269,-76.6566588,-0.044,4.64,-4.18,-0.08,3.804,6.563,1.05,23
$GNSS,2024-10-11T18:19:56.400Z,34.7371353,-76.6566682,-0.127,4.63,-4.48,-0.05,3.808,6.563,1.03,23
$GNSS,2024-10-11T18:19:56.600Z,34.7371439,-76.6566789,-0.093,4.87,-5.04,-0.26,3.811,6.565,1.04,23
$GNSS,2024-10-11T18:19:56.800Z,34.7371519,-76.6566902,0.066,4.37,-5.09,-0.50,3.813,6.564,1.05,23
$GNSS,2024-10-11T18:19:57.000Z,34.7371593,-76.6567014,0.136,3.99,-5.09,-0.54,3.814,6.562,1.03,23
$GNSS,2024-10-11T18:19:57.200Z,34.7371659,-76.6567127,0.161,3.58,-5.26,-0.50,3.813,6.559,1.07,23
$GNSS,2024-10-11T18:19:57.400Z,34.7371717,-76.6567244,0.331,3.22,-5.32,-0.83,3.812,6.556,1.08,23
$GNSS,2024-10-11T18:19:57.600Z,34.7371772,-76.6567369,0.363,2.88,-5.95,-0.58,3.810,6.551,1.00,23
$GNSS,2024-10-11T18:19:57.800Z,34.7371820,-76.6567496,0.133,2.50,-6.06,-0.50,3.808,6.548,0.95,23
$GNSS,2024-10-11T18:19:58.000Z,34.7371869,-76.6567630,0.067,2.67,-6.29,-0.54,3.809,6.557,0.99,21
$GNSS,2024-10-11T18:19:58.200Z,34.7371916,-76.6567768,0.146,2.65,-6.29,-0.74,3.813,6.569,0.98,21
$GNSS,2024-10-11T18:19:58.400Z,34.7371955,-76.6567910,0.301,2.10,-6.50,-0.86,3.816,6.580,0.97,21
$GNSS,2024-10-11T18:19:58.600Z,34.7371990,-76.6568052,0.244,1.80,-6.59,-0.71,3.819,6.593,0.94,21
$GNSS,2024-10-11T18:19:58.800Z,34.7372017,-76.6568195,0.205,1.39,-6.60,-0.57,3.821,6.604,0.89,21
$GNSS,2024-10-11T18:19:59.000Z,34.7372031,-76.6568352,0.305,0.69,-7.34,-0.50,3.823,6.614,0.85,21
$GNSS,2024-10-11T18:19:59.200Z,34.7372045,-76.6568517,0.666,0.94,-7.27,-0.99,3.824,6.625,0.88,21
$GNSS,2024-10-11T18:19:59.400Z,34.7372063,-76.6568680,0.780,0.99,-7.51,-1.04,3.824,6.635,0.86,21
$GNSS,2024-10-11T18:19:59.600Z,34.7372076,-76.6568853,1.065,0.68,-7.73,-0.91,3.823,6.645,0.90,21
$GNSS,2024-10-11T18:19:59.800Z,34.7372085,-76.6569027,1.194,0.43,-7.89,-0.90,3.825,6.661,0.97,21
$GNSS,2024-10-11T18:20:00.000Z,34.7372087,-76.6569220,1.472,0.22,-8.93,-0.92,3.826,6.670,0.99,22
$GNSS,2024-10-11T18:20:00.200Z,34.7372096,-76.6569409,1.407,0.56,-8.77,-0.95,3.828,6.678,1.01,22
$GNSS,2024-10-11T18:20:00.400Z,34.7372092,-76.6569602,1.606,-0.30,-8.76,-1.07,3.830,6.686,1.03,22
$GNSS,2024-10-11T18:20:00.600Z,34.7372071,-76.6569784,1.451,-1.48,-8.42,-0.90,3.832,6.693,0.99,22
$GNSS,2024-10-11T18:20:00.800Z,34.7372035,-76.6569965,1.301,-2.18,-8.48,-0.88,3.833,6.699,0.96,22
$GNSS,2024-10-11T18:20:01.000Z,34.7371996,-76.6570168,1.606,-1.98,-9.39,-1.18,3.834,6.708,0.95,22
$GNSS,2024-10-11T18:20:01.200Z,34.7371957,-76.6570372,1.779,-2.16,-9.21,-1.14,3.834,6.712,0.96,22
$GNSS,2024-10-11T18:20:01.400Z,34.7371918,-76.6570580,2.110,-1.98,-9.30,-1.07,3.834,6.716,0.95,22
$GNSS,2024-10-11T18:20:01.600Z,34.7371877,-76.6570785,2.256,-2.29,-9.30,-1.06,3.832,6.718,0.93,22
$GNSS,2024-10-11T18:20:01.800Z,34.7371833,-76.6570988,2.381,-2.43,-9.32,-1.06,3.830,6.722,0.96,22
$GNSS,2024-10-11T18:20:02.000Z,34.7371776,-76.6571202,2.867,-3.12,-9.51,-1.38,3.830,6.731,0.97,22
$GNSS,2024-10-11T18:20:02.200Z,34.7371711,-76.6571423,3.396,-3.53,-9.93,-1.59,3.830,6.740,0.98,22
$GNSS,2024-10-11T18:20:02.400Z,34.7371656,-76.6571644,3.742,-2.83,-10.16,-1.87,3.833,6.755,1.01,22
$GNSS,2024-10-11T18:20:02.600Z,34.7371606,-76.6571863,3.888,-2.84,-10.12,-1.80,3.834,6.762,0.96,22
$GNSS,2024-10-11T18:20:02.800Z,34.7371554,-76.6572085,3.679,-3.17,-10.79,-1.57,3.835,6.770,0.95,22
$GNSS,2024-10-11T18:20:03.000Z,34.7371488,-76.6572319,3.698,-3.91,-10.78,-1.14,3.836,6.783,0.96,22
$GNSS,2024-10-11T18:20:03.200Z,34.7371406,-76.6572567,3.977,-4.65,-11.42,-1.29,3.837,6.790,0.91,22
$GNSS,2024-10-11T18:20:03.400Z,34.7371322,-76.6572816,4.169,-4.68,-11.45,-1.49,3.837,6.800,0.96,22
$GNSS,2024-10-11T18:20:03.600Z,34.7371248,-76.6573061,4.182,-4.10,-11.48,-1.56,3.838,6.808,0.94,22
$GNSS,2024-10-11T18:20:03.800Z,34.7371174,-76.6573312,4.258,-4.26,-11.79,-1.64,3.838,6.815,0.92,22
$GNSS,2024-10-11T18:20:04.000Z,34.7371097,-76.6573567,4.270,-4.50,-11.94,-1.53,3.839,6.824,0.94,22
$GNSS,2024-10-11T18:20:04.200Z,34.7371006,-76.6573842,4.604,-5.17,-12.63,-1.58,3.842,6.838,0.95,22
$GNSS,2024-10-11T18:20:04.400Z,34.7370910,-76.6574126,4.940,-5.26,-12.84,-1.56,3.842,6.843,0.91,22
$GNSS,2024-10-11T18:20:04.600Z,34.7370813,-76.6574411,5.102,-5.46,-13.23,-1.47,3.839,6.846,0.89,22
$GNSS,2024-10-11T18:20:04.800Z,34.7370715,-76.6574704,4.921,-5.69,-13.98,-1.13,3.836,6.838,0.87,22
$GNSS,2024-10-11T18:20:05.000Z,34.7370612,-76.6575007,4.766,-5.92,-14.20,-0.84,3.833,6.831,0.90,22
$GNSS,2024-10-11T18:20:05.200Z,34.7370509,-76.6575306,4.424,-6.00,-14.16,-0.70,3.833,6.829,0.99,22
$GNSS,2024-10-11T18:20:05.400Z,34.7370405,-76.6575612,4.004,-6.13,-14.62,-0.46,3.834,6.827,1.01,22
$GNSS,2024-10-11T18:20:05.600Z,34.7370300,-76.6575921,3.665,-6.07,-14.45,-0.34,3.836,6.822,1.03,22
$GNSS,2024-10-11T18:20:05.800Z,34.7370196,-76.6576236,3.308,-6.05,-14.95,-0.38,3.838,6.816,0.98,22
$GNSS,2024-10-11T18:20:06.000Z,34.7370092,-76.6576575,3.084,-5.71,-15.87,-0.01,3.841,6.811,0.98,22
$GNSS,2024-10-11T18:20:06.200Z,34.7369990,-76.6576934,3.034,-5.45,-16.29,0.31,3.844,6.807,0.99,22
$GNSS,2024-10-11T18:20:06.400Z,34.7369889,-76.6577291,2.665,-5.83,-16.64,0.50,3.849,6.808,1.10,23
$GNSS,2024-10-11T18:20:06.600Z,34.7369782,-76.6577659,2.479,-5.97,-16.89,0.41,3.855,6.806,1.06,23
$GNSS,2024-10-11T18:20:06.800Z,34.7369668,-76.6578033,2.114,-6.53,-17.42,0.50,3.862,6.805,1.05,22
$GNSS,2024-10-11T18:20:07.000Z,34.7369553,-76.6578408,1.655,-6.66,-17.47,0.59,3.868,6.804,1.05,22
$GNSS,2024-10-11T18:20:07.200Z,34.7369431,-76.6578790,1.288,-6.90,-17.64,0.84,3.878,6.809,1.09,22
$GNSS,2024-10-11T18:20:07.400Z,34.7369294,-76.6579217,1.402,-7.32,-19.27,0.93,3.888,6.812,1.09,22
$GNSS,2024-10-11T18:20:07.600Z,34.7369152,-76.6579661,1.378,-7.75,-20.26,0.72,3.897,6.814,1.11,22
$GNSS,2024-10-11T18:20:07.800Z,34.7369005,-76.6580120,1.404,-8.16,-20.99,0.20,3.907,6.817,1.09,22
$GNSS,2024-10-11T18:20:08.000Z,34.7368853,-76.6580591,1.646,-8.22,-21.14,-0.12,3.916,6.821,1.08,22
$GNSS,2024-10-11T18:20:08.200Z,34.7368707,-76.6581061,1.820,-7.92,-21.29,-0.38,3.927,6.829,1.14,22
$GNSS,2024-10-11T18:20:08.400Z,34.7368565,-76.6581533,1.995,-7.78,-21.37,-0.39,3.940,6.839,1.20,22
$GNSS,2024-10-11T18:20:08.600Z,34.7368422,-76.6582009,2.036,-7.98,-21.71,-0.38,3.956,6.852,1.22,21
$GNSS,2024-10-11T18:20:08.800Z,34.7368273,-76.6582500,2.069,-8.38,-22.45,-0.40,3.972,6.863,1.19,21
$GNSS,2024-10-11T18:20:09.000Z,34.7368109,-76.6583018,1.900,-9.34,-24.05,-0.12,3.987,6.874,1.14,20
$GNSS,2024-10-11T18:20:09.200Z,34.7367940,-76.6583553,1.663,-9.48,-24.66,0.18,4.001,6.885,1.11,21
$GNSS,2024-10-11T18:20:09.400Z,34.7367753,-76.6584109,1.467,-10.59,-25.49,0.37,4.017,6.901,1.16,20
$GNSS,2024-10-11T18:20:09.600Z,34.7367559,-76.6584670,1.252,-10.82,-25.52,0.61,4.034,6.919,1.17,20
$GNSS,2024-10-11T18:20:09.800Z,34.7367357,-76.6585253,1.283,-11.00,-26.53,0.47,4.054,6.939,1.20,20
$GNSS,2024-10-11T18:20:10.000Z,34.7367164,-76.6585841,1.157,-10.59,-26.72,0.61,4.072,6.958,1.14,21
$GNSS,2024-10-11T18:20:10.200Z,34.7366973,-76.6586431,0.892,-10.61,-27.08,0.68,4.088,6.973,1.13,21
$GNSS,2024-10-11T18:20:10.400Z,34.7366783,-76.6587036,0.890,-10.46,-27.41,0.45,4.111,7.001,1.18,20
$GNSS,2024-10-11T18:20:10.600Z,34.7366582,-76.6587651,0.897,-10.93,-27.54,0.76,4.136,7.030,1.20,20
$GNSS,2024-10-11T18:20:10.800Z,34.7366374,-76.6588273,0.913,-11.22,-27.72,1.16,4.154,7.051,1.16,21
$GNSS,2024-10-11T18:20:11.000Z,34.7366160,-76.6588910,1.116,-11.49,-28.45,0.85,4.170,7.069,1.13,22
$GNSS,2024-10-11T18:20:11.200Z,34.7365933,-76.6589562,1.286,-12.37,-29.28,0.66,4.184,7.087,1.13,22
$GNSS,2024-10-11T18:20:11.400Z,34.7365691,-76.6590221,1.292,-13.35,-29.86,0.48,4.196,7.099,1.12,22
$GNSS,2024-10-11T18:20:11.600Z,34.7365448,-76.6590896,1.277,-13.20,-30.75,0.47,4.207,7.111,1.12,22
$GNSS,2024-10-11T18:20:11.800Z,34.7365205,-76.6591581,1.169,-13.38,-31.34,0.45,4.216,7.122,1.12,22
$GNSS,2024-10-11T18:20:12.000Z,34.7364959,-76.6592272,1.071,-13.62,-31.62,0.18,4.223,7.130,1.11,22
$GNSS,2024-10-11T18:20:12.200Z,34.7364714,-76.6592974,0.779,-13.50,-32.37,0.48,4.230,7.139,1.13,22
$GNSS,2024-10-11T18:20:12.400Z,34.7364462,-76.6593706,0.897,-13.64,-33.08,0.42,4.237,7.148,1.08,22
$GNSS,2024-10-11T18:20:12.600Z,34.7364198,-76.6594465,1.242,-14.44,-34.44,-0.29,4.245,7.162,1.13,21
$GNSS,2024-10-11T18:20:12.800Z,34.7363926,-76.6595227,1.529,-14.86,-34.25,-0.42,4.251,7.170,1.09,22
$GNSS,2024-10-11T18:20:13.000Z,34.7363655,-76.6595991,1.736,-14.67,-34.66,-0.46,4.252,7.171,1.06,23
$GNSS,2024-10-11T18:20:13.200Z,34.7363378,-76.6596786,2.226,-14.89,-35.80,-0.48,4.254,7.176,1.12,23
$GNSS,2024-10-11T18:20:13.400Z,34.7363090,-76.6597595,2.669,-15.62,-36.39,-0.56,4.257,7.180,1.09,23
$GNSS,2024-10-11T18:20:13.600Z,34.7362802,-76.6598404,2.841,-15.72,-36.98,-0.68,4.260,7.184,1.09,23
$GNSS,2024-10-11T18:20:13.800Z,34.7362510,-76.6599202,3.001,-16.15,-36.27,-0.97,4.263,7.187,1.08,23
$GNSS,2024-10-11T18:20:14.000Z,34.7362222,-76.6599996,3.131,-15.83,-36.47,-1.27,4.267,7.191,1.07,23
$GNSS,2024-10-11T18:20:14.200Z,34.7361937,-76.6600801,3.116,-15.78,-37.23,-1.24,4.268,7.193,1.03,23
$GNSS,2024-10-11T18:20:14.400Z,34.7361635,-76.6601637,3.467,-16.71,-38.27,-1.55,4.270,7.199,1.07,23
$GNSS,2024-10-11T18:20:14.600Z,34.7361329,-76.6602484,3.777,-16.79,-38.84,-1.84,4.272,7.205,1.07,23
$GNSS,2024-10-11T18:20:14.800Z,34.7361031,-76.6603350,4.312,-16.08,-39.39,-2.05,4.271,7.207,1.02,23
$GNSS,2024-10-11T18:20:15.000Z,34.7360735,-76.6604234,4.652,-16.09,-40.25,-1.68,4.266,7.201,0.97,23
$GNSS,2024-10-11T18:20:15.200Z,34.7360440,-76.6605117,5.026,-16.01,-40.15,-1.89,4.259,7.199,0.96,22
$GNSS,2024-10-11T18:20:15.400Z,34.7360142,-76.6606011,5.371,-16.21,-40.74,-1.86,4.253,7.192,0.96,22
$GNSS,2024-10-11T18:20:15.600Z,34.7359840,-76.6606914,5.935,-16.59,-40.65,-1.87,4.248,7.186,0.94,22
$GNSS,2024-10-11T18:20:15.800Z,34.7359527,-76.6607816,6.411,-17.14,-40.85,-1.80,4.241,7.178,0.92,24
$GNSS,2024-10-11T18:20:16.000Z,34.7359206,-76.6608734,7.195,-17.47,-41.60,-2.23,4.234,7.172,0.93,24
$GNSS,2024-10-11T18:20:16.200Z,34.7358883,-76.6609652,7.887,-17.63,-41.61,-2.64,4.229,7.170,1.01,24
$GNSS,2024-10-11T18:20:16.400Z,34.7358563,-76.6610569,8.197,-17.50,-41.89,-2.25,4.226,7.169,1.01,24
$GNSS,2024-10-11T18:20:16.600Z,34.7358247,-76.6611495,8.386,-17.29,-42.48,-1.84,4.223,7.169,1.01,24
$GNSS,2024-10-11T18:20:16.800Z,34.7357932,-76.6612443,8.782,-17.14,-43.21,-1.74,4.221,7.169,0.99,24
$GNSS,2024-10-11T18:20:17.000Z,34.7357622,-76.6613393,8.816,-17.00,-43.40,-1.15,4.220,7.168,1.03,24
$GNSS,2024-10-11T18:20:17.200Z,34.7357298,-76.6614345,8.677,-18.08,-43.82,-0.97,4.220,7.165,1.01,24
$GNSS,2024-10-11T18:20:17.400Z,34.7356968,-76.6615300,8.375,-18.34,-44.09,-0.71,4.219,7.162,1.02,24
$GNSS,2024-10-11T18:20:17.600Z,34.7356637,-76.6616250,7.922,-18.42,-43.92,-0.55,4.217,7.158,1.06,24
$GNSS,2024-10-11T18:20:17.800Z,34.7356310,-76.6617200,7.424,-18.24,-44.14,-0.64,4.219,7.160,1.15,24
$GNSS,2024-10-11T18:20:18.000Z,34.7355978,-76.6618163,7.170,-18.48,-44.53,-0.90,4.223,7.162,1.12,24
$GNSS,2024-10-11T18:20:18.200Z,34.7355639,-76.6619136,6.961,-18.86,-44.77,-0.79,4.228,7.168,1.14,24
$GNSS,2024-10-11T18:20:18.400Z,34.7355307,-76.6620117,6.997,-18.39,-44.99,-1.00,4.238,7.180,1.17,22
$GNSS,2024-10-11T18:20:18.600Z,34.7354970,-76.6621114,7.015,-18.78,-45.78,-0.93,4.252,7.199,1.18,22
$GNSS,2024-10-11T18:20:18.800Z,34.7354633,-76.6622129,7.617,-18.53,-46.17,-1.79,4.265,7.213,1.15,22
$GNSS,2024-10-11T18:20:19.000Z,34.7354285,-76.6623153,8.186,-19.14,-46.45,-1.89,4.279,7.226,1.14,21
$GNSS,2024-10-11T18:20:19.200Z,34.7353942,-76.6624178,8.853,-18.74,-46.40,-2.09,4.289,7.235,1.10,21
$GNSS,2024-10-11T18:20:19.400Z,34.7353595,-76.6625224,9.839,-18.87,-47.38,-2.69,4.296,7.238,1.15,21
$GNSS,2024-10-11T18:20:19.600Z,34.7353244,-76.6626286,10.819,-19.11,-47.91,-2.79,4.302,7.241,1.13,21
$GNSS,2024-10-11T18:20:19.800Z,34.7352884,-76.6627345,11.466,-19.91,-48.08,-2.63,4.308,7.249,1.11,21
$GNSS,2024-10-11T18:20:20.000Z,34.7352518,-76.6628400,11.872,-20.30,-48.15,-2.48,4.315,7.258,1.21,21
$GNSS,2024-10-11T18:20:20.200Z,34.7352155,-76.6629455,12.420,-20.08,-48.03,-2.64,4.321,7.264,1.11,21
$GNSS,2024-10-11T18:20:20.400Z,34.7351798,-76.6630516,13.319,-19.46,-48.37,-3.37,4.325,7.264,1.10,22
$GNSS,2024-10-11T18:20:20.600Z,34.7351444,-76.6631590,14.138,-19.39,-48.97,-3.62,4.325,7.258,1.03,23
$GNSS,2024-10-11T18:20:20.800Z,34.7351098,-76.6632665,14.678,-19.05,-49.18,-3.53,4.325,7.250,0.98,23
$GNSS,2024-10-11T18:20:21.000Z,34.7350748,-76.6633742,15.376,-19.34,-49.15,-3.73,4.323,7.238,0.95,23
$GNSS,2024-10-11T18:20:21.200Z,34.7350380,-76.6634833,16.507,-20.13,-49.28,-4.04,4.324,7.233,0.96,22
$GNSS,2024-10-11T18:20:21.400Z,34.7349994,-76.6635943,17.952,-20.85,-49.88,-4.37,4.323,7.220,0.94,22
$GNSS,2024-10-11T18:20:21.600Z,34.7349611,-76.6637053,19.183,-20.85,-50.25,-4.76,4.321,7.205,0.92,22
$GNSS,2024-10-11T18:20:21.800Z,34.7349233,-76.6638145,19.831,-20.99,-49.88,-4.36,4.317,7.192,0.93,23
$GNSS,2024-10-11T18:20:22.000Z,34.7348867,-76.6639231,20.620,-20.13,-49.77,-4.80,4.315,7.184,0.96,23
$GNSS,2024-10-11T18:20:22.200Z,34.7348494,-76.6640322,21.588,-20.69,-49.76,-5.07,4.313,7.176,0.97,24
$GNSS,2024-10-11T18:20:22.400Z,34.7348114,-76.6641432,22.948,-20.79,-50.47,-5.70,4.311,7.166,0.97,24
$GNSS,2024-10-11T18:20:22.600Z,34.7347733,-76.6642541,24.120,-21.13,-50.71,-6.14,4.311,7.156,1.02,24
$GNSS,2024-10-11T18:20:22.800Z,34.7347360,-76.6643652,25.184,-20.62,-50.59,-5.80,4.310,7.145,0.96,24
$GNSS,2024-10-11T18:20:23.000Z,34.7346989,-76.6644764,26.201,-20.56,-50.85,-5.64,4.308,7.136,1.03,24
$GNSS,2024-10-11T18:20:23.200Z,34.7346613,-76.6645876,27.340,-20.94,-50.72,-5.93,4.306,7.130,1.07,24
$GNSS,2024-10-11T18:20:23.400Z,34.7346236,-76.6646992,28.479,-20.95,-51.20,-6.28,4.307,7.126,1.09,24
$GNSS,2024-10-11T18:20:23.600Z,34.7345862,-76.6648104,29.548,-20.86,-50.79,-6.22,4.309,7.123,1.08,24
$GNSS,2024-10-11T18:20:23.800Z,34.7345489,-76.6649212,30.602,-20.74,-50.74,-6.13,4.311,7.122,1.07,24
$GNSS,2024-10-11T18:20:24.000Z,34.7345105,-76.6650330,31.843,-21.39,-51.05,-6.36,4.312,7.119,1.07,24
$GNSS,2024-10-11T18:20:24.200Z,34.7344725,-76.6651436,32.852,-21.16,-50.73,-6.43,4.313,7.118,1.07,24
$GNSS,2024-10-11T18:20:24.400Z,34.7344346,-76.6652545,34.045,-21.05,-50.76,-6.58,4.314,7.118,1.07,24
$GNSS,2024-10-11T18:20:24.600Z,34.7343952,-76.6653661,35.442,-21.76,-50.53,-6.54,4.313,7.118,1.09,24
$GNSS,2024-10-11T18:20:24.800Z,34.7343551,-76.6654773,36.835,-22.11,-50.61,-6.76,4.312,7.117,1.10,24
$GNSS,2024-10-11T18:20:25.000Z,34.7343140,-76.6655913,38.681,-22.32,-51.76,-7.56,4.314,7.121,1.13,23
$GNSS,2024-10-11T18:20:25.200Z,34.7342730,-76.6657062,40.497,-22.27,-52.20,-8.05,4.317,7.127,1.12,22
$GNSS,2024-10-11T18:20:25.400Z,34.7342323,-76.6658207,41.974,-22.41,-52.36,-7.97,4.320,7.132,1.14,22
$GNSS,2024-10-11T18:20:25.600Z,34.7341915,-76.6659357,43.551,-22.30,-52.48,-7.98,4.322,7.135,1.13,22
$GNSS,2024-10-11T18:20:25.800Z,34.7341507,-76.6660508,45.185,-22.28,-52.47,-8.09,4.324,7.140,1.12,22
$GNSS,2024-10-11T18:20:26.000Z,34.7341096,-76.6661661,46.755,-22.57,-52.69,-8.21,4.327,7.147,1.10,22
$GNSS,2024-10-11T18:20:26.200Z,34.7340688,-76.6662806,48.224,-22.40,-52.37,-8.26,4.329,7.155,1.09,22
$GNSS,2024-10-11T18:20:26.400Z,34.7340281,-76.6663959,50.091,-22.13,-52.47,-8.69,4.333,7.167,1.13,21
$GNSS,2024-10-11T18:20:26.600Z,34.7339870,-76.6665121,51.956,-22.42,-52.78,-8.77,4.338,7.180,1.14,20
$GNSS,2024-10-11T18:20:26.800Z,34.7339456,-76.6666292,53.922,-22.49,-53.06,-8.87,4.345,7.193,1.15,20
$GNSS,2024-10-11T18:20:27.000Z,34.7339036,-76.6667466,56.103,-22.89,-53.20,-9.39,4.354,7.205,1.22,19
$GNSS,2024-10-11T18:20:27.200Z,34.7338613,-76.6668646,58.407,-22.97,-53.21,-9.54,4.362,7.214,1.22,19
$GNSS,2024-10-11T18:20:27.400Z,34.7338185,-76.6669829,60.723,-23.20,-53.47,-9.75,4.369,7.223,1.18,19
$GNSS,2024-10-11T18:20:27.600Z,34.7337758,-76.6671017,63.375,-23.03,-53.35,-10.34,4.374,7.230,1.12,19
$GNSS,2024-10-11T18:20:27.800Z,34.7337326,-76.6672208,65.742,-23.52,-53.99,-10.43,4.378,7.241,1.14,18
$GNSS,2024-10-11T18:20:28.000Z,34.7336915,-76.6673374,67.772,-22.49,-53.39,-10.79,4.388,7.258,1.19,17
$GNSS,2024-10-11T18:20:28.200Z,34.7336512,-76.6674529,69.872,-22.14,-52.98,-11.16,4.399,7.273,1.20,17
$GNSS,2024-10-11T18:20:28.400Z,34.7336130,-76.6675660,71.234,-21.60,-52.41,-10.29,4.409,7.285,1.20,18
$GNSS,2024-10-11T18:20:28.600Z,34.7335755,-76.6676780,72.542,-21.27,-51.89,-9.71,4.415,7.294,1.15,18
$GNSS,2024-10-11T18:20:28.800Z,34.7335369,-76.6677903,74.086,-21.77,-52.05,-9.82,4.421,7.305,1.17,18
$GNSS,2024-10-11T18:20:29.000Z,34.7334984,-76.6679023,75.711,-21.73,-51.88,-10.05,4.425,7.313,1.12,18
$GNSS,2024-10-11T18:20:29.200Z,34.7334599,-76.6680142,77.435,-21.58,-51.44,-9.97,4.428,7.325,1.16,18
$GNSS,2024-10-11T18:20:29.400Z,34.7334215,-76.6681266,79.166,-21.44,-51.98,-10.03,4.431,7.338,1.17,18
$GNSS,2024-10-11T18:20:29.600Z,34.7333835,-76.6682403,80.813,-21.30,-52.54,-9.83,4.434,7.354,1.11,18
$GNSS,2024-10-11T18:20:29.800Z,34.7333429,-76.6683557,83.447,-22.14,-51.79,-10.44,4.439,7.376,1.17,17
$GNSS,2024-10-11T18:20:30.000Z,34.7333017,-76.6684709,86.021,-22.42,-52.13,-10.80,4.444,7.395,1.15,17
$GNSS,2024-10-11T18:20:30.200Z,34.7332607,-76.6685869,88.773,-22.22,-52.57,-11.44,4.448,7.407,1.15,17
$GNSS,2024-10-11T18:20:30.400Z,34.7332204,-76.6687037,91.421,-21.82,-53.12,-11.75,4.451,7.417,1.13,17
$GNSS,2024-10-11T18:20:30.600Z,34.7331794,-76.6688198,94.159,-22.40,-52.53,-12.12,4.454,7.429,1.16,17
$GNSS,2024-10-11T18:20:30.800Z,34.7331385,-76.6689353,97.009,-22.13,-52.26,-12.36,4.463,7.444,1.23,17
$GNSS,2024-10-11T18:20:31.000Z,34.7330943,-76.6690534,100.484,-23.72,-52.69,-12.65,4.467,7.446,1.09,17
$GNSS,2024-10-11T18:20:31.200Z,34.7330512,-76.6691715,103.895,-23.49,-52.59,-12.73,4.470,7.448,1.08,17
$GNSS,2024-10-11T18:20:31.400Z,34.7330118,-76.6692838,106.630,-22.03,-51.19,-13.37,4.475,7.455,1.23,18
$GNSS,2024-10-11T18:20:31.600Z,34.7329739,-76.6693943,109.270,-21.42,-50.53,-13.51,4.480,7.454,1.32,18
$GNSS,2024-10-11T18:20:31.800Z,34.7329362,-76.6695049,112.087,-21.30,-50.52,-13.62,4.481,7.449,1.30,18
$GNSS,2024-10-11T18:20:32.000Z,34.7329006,-76.6696144,114.623,-20.48,-50.38,-13.56,4.479,7.439,1.42,19
$GNSS,2024-10-11T18:20:32.200Z,34.7328650,-76.6697240,117.250,-20.56,-50.45,-13.72,4.477,7.429,1.53,19
$GNSS,2024-10-11T18:20:32.400Z,34.7328253,-76.6698362,121.171,-21.82,-50.40,-14.99,4.475,7.420,1.44,18
$GNSS,2024-10-11T18:20:32.600Z,34.7327900,-76.6699422,123.383,-20.78,-49.34,-14.14,4.467,7.395,1.43,21
$GNSS,2024-10-11T18:20:32.800Z,34.7327569,-76.6700455,125.094,-20.29,-49.04,-13.66,4.455,7.363,1.47,21
$GNSS,2024-10-11T18:20:33.000Z,34.7327254,-76.6701479,126.981,-19.04,-47.97,-13.17,4.442,7.334,1.67,21
$GNSS,2024-10-11T18:20:33.200Z,34.7326954,-76.6702503,129.102,-17.82,-47.69,-12.49,4.429,7.303,1.81,21
$GNSS,2024-10-11T18:20:33.400Z,34.7326657,-76.6703537,131.063,-17.75,-48.43,-11.84,4.417,7.272,1.80,21
$GNSS,2024-10-11T18:20:33.600Z,34.7326349,-76.6704573,133.139,-18.38,-48.04,-11.66,4.406,7.246,1.85,21
$GNSS,2024-10-11T18:20:33.800Z,34.7326041,-76.6705598,135.010,-18.59,-48.54,-11.64,4.399,7.226,1.79,22
$GNSS,2024-10-11T18:20:34.000Z,34.7325726,-76.6706638,137.160,-18.64,-49.01,-12.16,4.395,7.212,1.73,22
$GNSS,2024-10-11T18:20:34.200Z,34.7325371,-76.6707719,139.999,-19.72,-49.12,-12.33,4.409,7.224,1.88,17
$GNSS,2024-10-11T18:20:34.400Z,34.7324983,-76.6708814,143.150,-21.12,-49.49,-12.79,4.434,7.234,1.75,17
$GNSS,2024-10-11T18:20:34.600Z,34.7324615,-76.6709886,145.605,-21.38,-49.17,-12.72,4.440,7.221,1.33,20
$GNSS,2024-10-11T18:20:34.800Z,34.7324283,-76.6710939,147.464,-19.62,-48.86,-12.05,4.441,7.208,1.31,20
$GNSS,2024-10-11T18:20:35.000Z,34.7323926,-76.6712047,150.596,-20.15,-49.84,-12.08,4.436,7.188,1.30,20
$GNSS,2024-10-11T18:20:35.200Z,34.7323562,-76.6713138,153.019,-21.15,-49.75,-12.06,4.429,7.171,1.25,20
$GNSS,2024-10-11T18:20:35.400Z,34.7323186,-76.6714231,155.782,-21.57,-49.59,-12.58,4.422,7.156,1.30,19
$GNSS,2024-10-11T18:20:35.600Z,34.7322798,-76.6715337,158.659,-22.11,-50.36,-13.04,4.413,7.142,1.22,19
$GNSS,2024-10-11T18:20:35.800Z,34.7322428,-76.6716427,160.861,-21.16,-49.81,-12.75,4.405,7.131,1.25,19
$GNSS,2024-10-11T18:20:36.000Z,34.7322073,-76.6717502,162.932,-20.27,-49.25,-12.59,4.396,7.118,1.24,19
$GNSS,2024-10-11T18:20:36.200Z,34.7321707,-76.6718590,165.254,-20.95,-49.62,-12.46,4.388,7.109,1.22,19
$GNSS,2024-10-11T18:20:36.400Z,34.7321321,-76.6719695,167.432,-21.51,-49.85,-11.88,4.394,7.122,1.30,20
$GNSS,2024-10-11T18:20:36.600Z,34.7320923,-76.6720802,169.509,-21.99,-49.81,-11.37,4.462,7.236,1.39,20
$GNSS,2024-10-11T18:20:36.800Z,34.7320523,-76.6721917,171.809,-21.71,-49.85,-11.22,4.545,7.375,1.40,20
$GNSS,2024-10-11T18:20:37.000Z,34.7320118,-76.6723034,174.412,-21.62,-49.57,-11.32,4.615,7.497,1.45,20
$GNSS,2024-10-11T18:20:37.200Z,34.7319712,-76.6724147,176.798,-22.17,-49.85,-11.48,4.745,7.720,1.53,20
$GNSS,2024-10-11T18:20:37.400Z,34.7319309,-76.6725259,179.153,-21.59,-49.68,-11.66,4.839,7.882,1.56,20
$GNSS,2024-10-11T18:20:37.600Z,34.7318907,-76.6726349,181.777,-21.29,-48.75,-11.65,5.017,8.176,1.53,21
$GNSS,2024-10-11T18:20:37.800Z,34.7318509,-76.6727425,184.033,-21.58,-48.61,-11.58,5.215,8.505,1.64,21
$GNSS,2024-10-11T18:20:38.000Z,34.7318106,-76.6728500,186.472,-21.79,-48.36,-11.66,5.371,8.767,1.68,21
$GNSS,2024-10-11T18:20:38.200Z,34.7317727,-76.6729570,188.324,-20.59,-48.63,-11.14,5.551,9.070,1.66,21
$GNSS,2024-10-11T18:20:38.400Z,34.7317354,-76.6730649,190.095,-20.37,-48.87,-10.51,5.743,9.393,1.71,21
$GNSS,2024-10-11T18:20:38.600Z,34.7316976,-76.6731713,192.113,-20.14,-47.52,-10.25,5.914,9.686,1.83,22
$GNSS,2024-10-11T18:20:38.800Z,34.7316578,-76.6732778,194.199,-21.02,-47.53,-10.10,6.115,10.029,1.85,22
$GNSS,2024-10-11T18:20:39.000Z,34.7316157,-76.6733854,196.969,-21.64,-47.62,-10.55,6.279,10.307,1.83,22
$GNSS,2024-10-11T18:20:39.200Z,34.7315736,-76.6734933,199.325,-21.90,-48.27,-10.75,6.447,10.593,1.80,22
$GNSS,2024-10-11T18:20:39.400Z,34.7315335,-76.6736012,201.664,-20.63,-47.83,-10.56,6.584,10.827,1.85,22
$GNSS,2024-10-11T18:20:39.600Z,34.7314940,-76.6737091,204.363,-20.26,-48.08,-11.51,6.773,11.143,1.82,22
$GNSS,2024-10-11T18:20:39.800Z,34.7314541,-76.6738170,207.139,-20.78,-47.78,-11.99,6.967,11.473,1.82,22
$GNSS,2024-10-11T18:20:40.000Z,34.7314166,-76.6739225,209.123,-19.94,-47.19,-11.49,7.338,12.087,1.95,21
$GNSS,2024-10-11T18:20:40.200Z,34.7313795,-76.6740274,210.734,-20.36,-47.50,-10.95,7.650,12.607,1.99,21
$GNSS,2024-10-11T18:20:40.400Z,34.7313440,-76.6741319,211.941,-19.54,-47.40,-10.23,7.963,13.128,2.05,21
$GNSS,2024-10-11T18:20:40.600Z,34.7313112,-76.6742361,213.067,-18.52,-47.68,-9.79,8.220,13.562,2.16,21
$GNSS,2024-10-11T18:20:40.800Z,34.7312801,-76.6743428,214.302,-17.42,-48.75,-9.44,8.410,13.888,2.18,21
$GNSS,2024-10-11T18:20:41.000Z,34.7312523,-76.6744477,214.800,-16.55,-48.11,-8.79,8.569,14.164,2.24,22
$GNSS,2024-10-11T18:20:41.200Z,34.7312247,-76.6745506,215.196,-16.65,-47.19,-8.25,8.705,14.407,2.35,22
$GNSS,2024-10-11T18:20:41.400Z,34.7311970,-76.6746540,215.455,-16.44,-47.75,-7.69,8.823,14.613,2.30,22
$GNSS,2024-10-11T18:20:41.600Z,34.7311695,-76.6747541,215.484,-16.57,-46.17,-7.38,8.919,14.789,2.33,22
$GNSS,2024-10-11T18:20:41.800Z,34.7311421,-76.6748513,215.441,-16.23,-45.08,-6.86,8.956,14.870,2.31,23
$GNSS,2024-10-11T18:20:42.000Z,34.7311144,-76.6749492,215.552,-16.12,-45.31,-6.36,9.014,14.984,2.26,23
$GNSS,2024-10-11T18:20:42.200Z,34.7310864,-76.6750464,215.167,-16.63,-45.12,-5.33,9.081,15.114,2.26,23
$GNSS,2024-10-11T18:20:42.400Z,34.7310574,-76.6751437,214.896,-16.99,-45.03,-4.64,9.165,15.264,2.18,23
$GNSS,2024-10-11T18:20:42.600Z,34.7310304,-76.6752414,214.568,-16.08,-45.06,-4.07,9.409,15.690,2.19,22
$GNSS,2024-10-11T18:20:42.800Z,34.7310035,-76.6753391,214.336,-16.28,-45.22,-4.08,9.592,16.004,2.15,22
$GNSS,2024-10-11T18:20:43.000Z,34.7309762,-76.6754371,214.307,-16.21,-45.11,-4.31,9.754,16.288,2.18,22
$GNSS,2024-10-11T18:20:43.200Z,34.7309458,-76.6755404,213.126,-17.13,-45.93,-2.99,10.634,17.778,2.17,23
$GNSS,2024-10-11T18:20:43.400Z,34.7309109,-76.6756477,212.163,-18.87,-47.48,-2.15,11.145,18.646,2.16,23
$GNSS,2024-10-11T18:20:43.600Z,34.7308760,-76.6757548,211.157,-18.52,-47.17,-2.33,11.495,19.243,2.13,23
$GNSS,2024-10-11T18:20:43.800Z,34.7308404,-76.6758632,209.989,-19.00,-47.88,-1.65,11.738,19.665,2.00,23
$GNSS,2024-10-11T18:20:44.000Z,34.7308050,-76.6759726,208.927,-18.61,-48.38,-1.24,11.853,19.873,1.98,23
$GNSS,2024-10-11T18:20:44.200Z,34.7307692,-76.6760816,208.521,-18.27,-47.63,-2.32,11.871,19.914,1.96,23
$GNSS,2024-10-11T18:20:44.400Z,34.7307338,-76.6761899,208.252,-18.20,-47.56,-2.92,11.918,19.996,1.80,23
$GNSS,2024-10-11T18:20:44.600Z,34.7306973,-76.6762981,207.599,-19.09,-47.75,-2.18,11.953,20.064,1.81,23
$GNSS,2024-10-11T18:20:44.800Z,34.7306601,-76.6764059,207.070,-18.95,-47.33,-2.62,11.991,20.139,1.77,23
$GNSS,2024-10-11T18:20:45.000Z,34.7306217,-76.6765155,206.625,-19.38,-48.08,-2.18,12.049,20.249,1.74,23
$GNSS,2024-10-11T18:20:45.200Z,34.7305838,-76.6766240,206.095,-19.22,-47.58,-2.26,12.107,20.362,1.75,23
$GNSS,2024-10-11T18:20:45.400Z,34.7305449,-76.6767331,206.004,-19.64,-47.87,-2.70,12.059,20.293,1.74,23
$GNSS,2024-10-11T18:20:45.600Z,34.7305035,-76.6768438,206.639,-20.59,-48.03,-3.81,12.057,20.301,1.74,23
$GNSS,2024-10-11T18:20:45.800Z,34.7304606,-76.6769554,207.473,-21.05,-48.34,-4.80,12.039,20.278,1.66,23
$GNSS,2024-10-11T18:20:46.000Z,34.7304171,-76.6770676,208.551,-21.26,-48.68,-5.45,11.968,20.168,1.68,23
$GNSS,2024-10-11T18:20:46.200Z,34.7303736,-76.6771814,209.672,-20.95,-49.48,-5.84,11.983,20.207,1.75,23
$GNSS,2024-10-11T18:20:46.400Z,34.7303299,-76.6772951,210.749,-21.21,-49.28,-6.43,12.075,20.371,1.75,23
$GNSS,2024-10-11T18:20:46.600Z,34.7302861,-76.6774082,211.573,-21.65,-49.36,-6.59,12.174,20.545,1.68,23
$GNSS,2024-10-11T18:20:46.800Z,34.7302432,-76.6775204,212.317,-21.20,-49.17,-6.73,12.237,20.661,1.76,23
$GNSS,2024-10-11T18:20:47.000Z,34.7301985,-76.6776349,213.219,-22.42,-50.40,-6.70,12.322,20.799,1.75,23
$GNSS,2024-10-11T18:20:47.200Z,34.7301524,-76.6777497,214.129,-22.63,-50.34,-6.77,12.498,21.087,1.67,22
$GNSS,2024-10-11T18:20:47.400Z,34.7301050,-76.6778649,215.256,-23.59,-50.70,-6.60,12.498,21.085,1.66,22
$GNSS,2024-10-11T18:20:47.600Z,34.7300545,-76.6779826,216.758,-24.60,-51.47,-7.14,12.531,21.145,1.64,22
$GNSS,2024-10-11T18:20:47.800Z,34.7300034,-76.6781004,218.388,-24.61,-51.34,-7.70,12.573,21.217,1.57,22
$GNSS,2024-10-11T18:20:48.000Z,34.7299528,-76.6782190,219.810,-24.65,-52.03,-7.54,12.609,21.286,1.71,22
$GNSS,2024-10-11T18:20:48.200Z,34.7299028,-76.6783387,220.839,-24.47,-52.22,-7.31,12.819,21.632,1.71,22
$GNSS,2024-10-11T18:20:48.400Z,34.7298527,-76.6784568,221.704,-24.52,-51.74,-6.90,13.123,22.129,1.67,21
$GNSS,2024-10-11T18:20:48.600Z,34.7297976,-76.6785797,223.693,-25.29,-52.94,-6.96,12.988,21.890,1.71,22
$GNSS,2024-10-11T18:20:48.800Z,34.7297415,-76.6787042,226.017,-25.44,-52.92,-7.08,12.940,21.796,1.69,22
$GNSS,2024-10-11T18:20:49.000Z,34.7296845,-76.6788291,228.792,-25.62,-52.72,-7.46,12.931,21.770,1.63,22
$GNSS,2024-10-11T18:20:49.200Z,34.7296274,-76.6789541,231.493,-25.48,-53.06,-7.92,13.030,21.922,1.67,22
$GNSS,2024-10-11T18:20:49.400Z,34.7295712,-76.6790803,233.909,-25.05,-53.46,-7.93,13.069,21.966,1.63,23
$GNSS,2024-10-11T18:20:49.600Z,34.7295139,-76.6792089,236.482,-25.75,-54.32,-7.87,13.118,22.025,1.58,23
$GNSS,2024-10-11T18:20:49.800Z,34.7294557,-76.6793390,239.228,-25.75,-54.09,-8.39,13.339,22.367,1.53,23
$GNSS,2024-10-11T18:20:50.000Z,34.7293980,-76.6794681,241.694,-25.75,-54.09,-8.51,13.485,22.589,1.60,23
$GNSS,2024-10-11T18:20:50.200Z,34.7293390,-76.6795996,244.177,-26.51,-54.98,-8.32,13.688,22.902,1.61,22
$GNSS,2024-10-11T18:20:50.400Z,34.7292808,-76.6797315,246.773,-26.01,-54.96,-8.68,13.816,23.084,1.59,22
$GNSS,2024-10-11T18:20:50.600Z,34.7292232,-76.6798615,248.825,-26.26,-54.42,-8.59,13.886,23.172,1.57,22
$GNSS,2024-10-11T18:20:50.800Z,34.7291652,-76.6799906,250.767,-26.53,-54.28,-8.37,13.949,23.245,1.53,22
$GNSS,2024-10-11T18:20:51.000Z,34.7291103,-76.6801144,253.800,-25.81,-54.12,-8.60,12.851,21.398,1.44,21
$GNSS,2024-10-11T18:20:51.200Z,34.7290568,-76.6802370,256.968,-25.17,-53.44,-9.07,12.084,20.100,1.38,21
$GNSS,2024-10-11T18:20:51.400Z,34.7290038,-76.6803605,259.781,-24.93,-54.01,-9.21,11.620,19.336,1.27,20
$GNSS,2024-10-11T18:20:51.600Z,34.7289514,-76.6804846,262.536,-24.89,-54.37,-9.48,11.301,18.821,1.13,20
$GNSS,2024-10-11T18:20:51.800Z,34.7288986,-76.6806096,265.176,-25.45,-54.85,-9.26,11.001,18.340,1.07,20
$GNSS,2024-10-11T18:20:52.000Z,34.7288453,-76.6807340,267.475,-25.96,-54.94,-9.06,10.807,18.036,0.99,20
$GNSS,2024-10-11T18:20:52.200Z,34.7287920,-76.6808578,269.840,-26.11,-54.54,-9.09,10.671,17.828,0.98,20
$GNSS,2024-10-11T18:20:52.400Z,34.7287393,-76.6809805,272.487,-25.74,-54.12,-9.61,10.495,17.554,0.97,20
$GNSS,2024-10-11T18:20:52.600Z,34.7286869,-76.6811042,275.407,-25.55,-54.44,-10.05,10.392,17.410,1.02,20
$GNSS,2024-10-11T18:20:52.800Z,34.7286331,-76.6812293,278.818,-25.91,-54.56,-10.27,10.214,17.136,1.02,21
$GNSS,2024-10-11T18:20:53.000Z,34.7285794,-76.6813554,282.511,-25.65,-55.16,-10.40,10.095,16.947,0.98,22
$GNSS,2024-10-11T18:20:53.200Z,34.7285262,-76.6814817,286.460,-25.57,-54.82,-10.53,9.939,16.693,0.96,22
$GNSS,2024-10-11T18:20:53.400Z,34.7284746,-76.6816065,290.504,-25.01,-54.55,-11.30,9.746,16.381,0.98,22
$GNSS,2024-10-11T18:20:53.600Z,34.7284230,-76.6817310,294.433,-25.25,-54.59,-11.58,9.620,16.183,0.96,22
$GNSS,2024-10-11T18:20:53.800Z,34.7283699,-76.6818559,298.377,-26.42,-54.72,-11.63,9.557,16.090,0.94,22
$GNSS,2024-10-11T18:20:54.000Z,34.7283151,-76.6819806,302.123,-26.75,-54.86,-11.58,9.495,15.996,0.93,21
$GNSS,2024-10-11T18:20:54.200Z,34.7282611,-76.6821044,305.976,-26.16,-54.46,-11.99,9.437,15.913,0.92,21
$GNSS,2024-10-11T18:20:54.400Z,34.7282079,-76.6822272,309.833,-25.95,-54.07,-12.65,9.384,15.841,0.99,20
$GNSS,2024-10-11T18:20:54.600Z,34.7281557,-76.6823480,313.698,-25.38,-53.84,-12.98,9.330,15.755,0.95,21
$GNSS,2024-10-11T18:20:54.800Z,34.7281037,-76.6824688,317.256,-25.64,-54.25,-12.87,9.289,15.691,0.94,21
$GNSS,2024-10-11T18:20:55.000Z,34.7280498,-76.6825917,320.705,-26.41,-54.42,-12.13,9.329,15.761,0.95,20
$GNSS,2024-10-11T18:20:55.200Z,34.7279953,-76.6827156,324.592,-26.08,-54.39,-12.23,9.444,15.960,0.96,20
$GNSS,2024-10-11T18:20:55.400Z,34.7279398,-76.6828409,328.518,-26.63,-54.61,-11.78,9.519,16.083,1.05,20
$GNSS,2024-10-11T18:20:55.600Z,34.7278834,-76.6829664,332.193,-27.46,-55.18,-11.61,9.578,16.178,1.13,20
$GNSS,2024-10-11T18:20:55.800Z,34.7278282,-76.6830913,335.876,-26.70,-54.98,-12.18,9.607,16.213,1.09,20
$GNSS,2024-10-11T18:20:56.000Z,34.7277723,-76.6832172,339.695,-27.27,-55.00,-12.32,9.605,16.198,1.14,20
$GNSS,2024-10-11T18:20:56.200Z,34.7277160,-76.6833436,343.440,-27.61,-55.17,-12.41,9.695,16.327,1.21,19
$GNSS,2024-10-11T18:20:56.400Z,34.7276604,-76.6834677,347.364,-27.58,-54.82,-12.87,9.686,16.284,1.26,20
$GNSS,2024-10-11T18:20:56.600Z,34.7276035,-76.6835933,351.338,-27.95,-55.31,-12.99,9.789,16.425,1.25,20
$GNSS,2024-10-11T18:20:56.800Z,34.7275473,-76.6837173,355.192,-27.67,-54.69,-13.19,9.861,16.518,1.33,20
$GNSS,2024-10-11T18:20:57.000Z,34.7274908,-76.6838405,359.038,-27.68,-54.43,-13.20,10.050,16.811,1.57,19
$GNSS,2024-10-11T18:20:57.200Z,34.7274330,-76.6839658,363.056,-28.00,-54.83,-13.05,10.296,17.207,1.67,19
$GNSS,2024-10-11T18:20:57.400Z,34.7273759,-76.6840917,367.001,-27.71,-55.59,-13.42,10.495,17.524,1.65,19
$GNSS,2024-10-11T18:20:57.600Z,34.7273184,-76.6842186,371.033,-28.02,-55.82,-13.52,10.655,17.777,1.62,19
$GNSS,2024-10-11T18:20:57.800Z,34.7272616,-76.6843457,374.899,-27.64,-56.26,-14.06,10.906,18.195,1.67,19
$GNSS,2024-10-11T18:20:58.000Z,34.7272046,-76.6844725,378.878,-27.85,-56.03,-14.46,11.101,18.510,1.75,19
$GNSS,2024-10-11T18:20:58.200Z,34.7271474,-76.6845991,382.921,-27.80,-55.74,-14.70,11.265,18.773,1.80,19
$GNSS,2024-10-11T18:20:58.400Z,34.7270971,-76.6847168,387.640,-26.85,-54.38,-16.12,9.962,16.590,1.60,18
$GNSS,2024-10-11T18:20:58.600Z,34.7270477,-76.6848339,392.137,-26.50,-54.51,-16.43,8.942,14.878,1.45,18
$GNSS,2024-10-11T18:20:58.800Z,34.7269983,-76.6849519,396.622,-26.53,-55.03,-16.65,8.151,13.550,1.32,18
$GNSS,2024-10-11T18:20:59.000Z,34.7269474,-76.6850705,400.941,-27.12,-55.41,-16.75,7.591,12.609,1.16,17
$GNSS,2024-10-11T18:20:59.200Z,34.7268966,-76.6851893,405.295,-26.98,-55.41,-16.89,7.164,11.894,1.19,17
$GNSS,2024-10-11T18:20:59.400Z,34.7268452,-76.6853096,409.657,-27.06,-55.25,-16.73,6.830,11.326,1.20,16
$GNSS,2024-10-11T18:20:59.600Z,34.7267942,-76.6854276,413.955,-27.26,-54.98,-16.70,6.591,10.925,1.20,17
$GNSS,2024-10-11T18:20:59.800Z,34.7267410,-76.6855456,418.684,-28.24,-54.09,-16.66,6.432,10.656,1.25,17
$GNSS,2024-10-11T18:21:00.000Z,34.7266884,-76.6856632,422.858,-28.37,-54.58,-16.48,6.304,10.442,1.22,16
$GNSS,2024-10-11T18:21:00.200Z,34.7266371,-76.6857804,427.192,-27.90,-53.97,-16.32,6.218,10.299,1.30,17
$GNSS,2024-10-11T18:21:00.400Z,34.7265852,-76.6858978,431.666,-28.31,-54.11,-16.58,6.146,10.180,1.22,17
$GNSS,2024-10-11T18:21:00.600Z,34.7265326,-76.6860165,436.337,-28.57,-54.85,-17.11,6.101,10.106,1.20,17
$GNSS,2024-10-11T18:21:00.800Z,34.7264805,-76.6861349,440.892,-28.26,-54.54,-17.15,6.074,10.058,1.26,17
$GNSS,2024-10-11T18:21:01.000Z,34.7264307,-76.6862502,445.004,-26.96,-54.23,-16.92,6.093,10.073,1.24,18
$GNSS,2024-10-11T18:21:01.200Z,34.7263798,-76.6863659,449.366,-27.52,-54.25,-16.98,6.130,10.116,1.28,18
$GNSS,2024-10-11T18:21:01.400Z,34.7263271,-76.6864837,453.882,-28.41,-54.70,-16.65,6.135,10.107,1.21,18
$GNSS,2024-10-11T18:21:01.600Z,34.7262740,-76.6866020,458.348,-28.68,-55.12,-16.52,6.138,10.100,1.23,18
$GNSS,2024-10-11T18:21:01.800Z,34.7262205,-76.6867210,463.067,-28.90,-54.98,-16.52,6.145,10.102,1.25,18
$GNSS,2024-10-11T18:21:02.000Z,34.7261664,-76.6868391,467.528,-29.26,-54.78,-16.31,6.147,10.097,1.25,18
$GNSS,2024-10-11T18:21:02.200Z,34.7261142,-76.6869566,471.534,-28.77,-54.65,-15.79,6.153,10.101,1.25,19
$GNSS,2024-10-11T18:21:02.400Z,34.7260615,-76.6870738,475.548,-29.19,-54.38,-15.52,6.157,10.104,1.18,19
$GNSS,2024-10-11T18:21:02.600Z,34.7260086,-76.6871909,479.566,-29.20,-54.14,-15.18,6.147,10.087,1.19,19
$GNSS,2024-10-11T18:21:02.800Z,34.7259545,-76.6873085,483.742,-29.79,-54.53,-15.36,6.138,10.074,1.20,19
$GNSS,2024-10-11T18:21:03.000Z,34.7259010,-76.6874263,487.697,-29.39,-54.76,-15.22,6.144,10.082,1.19,19
$GNSS,2024-10-11T18:21:03.200Z,34.7258493,-76.6875426,491.336,-28.40,-54.45,-15.11,6.145,10.084,1.24,19
$GNSS,2024-10-11T18:21:03.400Z,34.7257979,-76.6876594,495.052,-28.30,-54.56,-14.83,6.182,10.143,1.21,19
$GNSS,2024-10-11T18:21:03.600Z,34.7257458,-76.6877770,498.768,-28.70,-54.76,-14.57,6.183,10.141,1.21,19
$GNSS,2024-10-11T18:21:03.800Z,34.7256939,-76.6878957,502.809,-28.37,-54.91,-14.70,6.185,10.139,1.15,19
$GNSS,2024-10-11T18:21:04.000Z,34.7256414,-76.6880152,506.842,-28.70,-54.84,-14.33,6.182,10.130,1.12,19
$GNSS,2024-10-11T18:21:04.200Z,34.7255875,-76.6881355,510.667,-29.60,-54.98,-13.83,6.177,10.123,1.09,19
$GNSS,2024-10-11T18:21:04.400Z,34.7255336,-76.6882549,514.372,-29.63,-54.86,-13.70,6.188,10.140,1.08,19
$GNSS,2024-10-11T18:21:04.600Z,34.7254800,-76.6883743,518.039,-29.48,-54.90,-13.68,6.181,10.125,1.08,19
$GNSS,2024-10-11T18:21:04.800Z,34.7254268,-76.6884949,521.909,-29.07,-54.98,-13.63,6.226,10.201,1.10,18
$GNSS,2024-10-11T18:21:05.000Z,34.7253744,-76.6886158,525.672,-28.74,-55.21,-13.46,6.249,10.235,1.14,18
$GNSS,2024-10-11T18:21:05.200Z,34.7253218,-76.6887362,529.471,-29.07,-55.14,-13.59,6.265,10.258,1.14,18
$GNSS,2024-10-11T18:21:05.400Z,34.7252684,-76.6888554,532.944,-29.66,-54.84,-13.41,6.248,10.229,1.17,18
$GNSS,2024-10-11T18:21:05.600Z,34.7252138,-76.6889758,536.440,-29.75,-54.76,-13.28,6.216,10.173,1.26,17
$GNSS,2024-10-11T18:21:05.800Z,34.7251590,-76.6890961,539.863,-29.86,-54.89,-13.19,6.197,10.133,1.29,17
$GNSS,2024-10-11T18:21:06.000Z,34.7251032,-76.6892169,543.433,-30.24,-54.82,-13.22,6.128,10.010,1.24,18
$GNSS,2024-10-11T18:21:06.200Z,34.7250467,-76.6893367,547.079,-30.72,-54.39,-13.44,6.076,9.919,1.26,18
$GNSS,2024-10-11T18:21:06.400Z,34.7249913,-76.6894545,551.225,-30.56,-53.68,-13.69,6.078,9.913,1.23,19
$GNSS,2024-10-11T18:21:06.600Z,34.7249372,-76.6895694,555.009,-30.28,-53.67,-13.86,6.063,9.887,1.22,20
$GNSS,2024-10-11T18:21:06.800Z,34.7248860,-76.6896802,558.042,-29.56,-53.56,-13.86,6.068,9.893,1.26,19
$GNSS,2024-10-11T18:21:07.000Z,34.7248347,-76.6897930,561.046,-29.79,-54.39,-13.56,6.081,9.907,1.28,19
$GNSS,2024-10-11T18:21:07.200Z,34.7247840,-76.6899058,564.228,-29.41,-54.26,-13.69,6.143,10.002,1.24,19
$GNSS,2024-10-11T18:21:07.400Z,34.7247336,-76.6900185,567.026,-29.34,-54.44,-13.55,6.150,10.007,1.22,19
$GNSS,2024-10-11T18:21:07.600Z,34.7246837,-76.6901303,569.957,-29.37,-54.19,-13.27,6.171,10.044,1.14,20
$GNSS,2024-10-11T18:21:07.800Z,34.7246338,-76.6902426,572.871,-29.20,-54.27,-13.20,6.190,10.082,1.13,20
$GNSS,2024-10-11T18:21:08.000Z,34.7245835,-76.6903557,575.901,-29.12,-54.06,-13.40,6.203,10.119,1.13,19
$GNSS,2024-10-11T18:21:08.200Z,34.7245333,-76.6904689,578.932,-28.88,-53.90,-13.44,6.175,10.089,1.08,19
$GNSS,2024-10-11T18:21:08.400Z,34.7244800,-76.6905880,582.963,-29.23,-54.21,-13.64,6.209,10.157,1.01,20
$GNSS,2024-10-11T18:21:08.600Z,34.7244263,-76.6907066,586.750,-29.44,-54.41,-13.75,6.226,10.201,0.98,20
$GNSS,2024-10-11T18:21:08.800Z,34.7243717,-76.6908259,590.563,-29.81,-54.61,-13.96,6.233,10.231,1.00,20
$GNSS,2024-10-11T18:21:09.000Z,34.7243165,-76.6909446,594.225,-30.12,-54.49,-14.19,6.203,10.198,0.98,20
$GNSS,2024-10-11T18:21:09.200Z,34.7242603,-76.6910638,597.910,-30.35,-54.36,-14.55,6.227,10.252,0.99,19
$GNSS,2024-10-11T18:21:09.400Z,34.7242048,-76.6911821,602.284,-30.06,-53.93,-15.24,6.191,10.209,1.05,21
$GNSS,2024-10-11T18:21:09.600Z,34.7241497,-76.6912990,606.508,-29.78,-53.40,-15.43,6.175,10.195,1.02,21
$GNSS,2024-10-11T18:21:09.800Z,34.7240931,-76.6914172,610.980,-30.63,-53.64,-15.35,6.158,10.175,1.00,21
$GNSS,2024-10-11T18:21:10.000Z,34.7240363,-76.6915353,615.664,-30.50,-53.50,-15.79,6.178,10.217,1.00,21
$GNSS,2024-10-11T18:21:10.200Z,34.7239808,-76.6916505,620.197,-30.22,-53.39,-16.27,6.206,10.275,0.99,22
$GNSS,2024-10-11T18:21:10.400Z,34.7239245,-76.6917660,624.763,-30.73,-53.26,-16.15,6.224,10.318,0.97,22
$GNSS,2024-10-11T18:21:10.600Z,34.7238678,-76.6918815,629.347,-30.78,-53.23,-16.18,6.237,10.352,0.96,22
$GNSS,2024-10-11T18:21:10.800Z,34.7238105,-76.6919975,634.254,-31.07,-53.11,-16.60,6.264,10.410,0.94,22
$GNSS,2024-10-11T18:21:11.000Z,34.7237533,-76.6921136,639.314,-30.61,-52.68,-17.02,6.239,10.384,0.94,22
$GNSS,2024-10-11T18:21:11.200Z,34.7236959,-76.6922298,644.540,-30.86,-52.51,-17.16,6.250,10.412,0.90,22
$GNSS,2024-10-11T18:21:11.400Z,34.7236388,-76.6923462,649.761,-30.43,-52.59,-17.06,6.222,10.382,0.90,22
$GNSS,2024-10-11T18:21:11.600Z,34.7235828,-76.6924633,655.358,-29.98,-52.80,-17.80,6.215,10.390,0.91,22
$GNSS,2024-10-11T18:21:11.800Z,34.7235270,-76.6925777,660.047,-30.09,-52.56,-17.93,6.211,10.402,0.95,22
$GNSS,2024-10-11T18:21:12.000Z,34.7234706,-76.6926919,664.960,-30.05,-52.45,-17.91,6.199,10.391,0.93,22
$GNSS,2024-10-11T18:21:12.200Z,34.7234149,-76.6928048,669.998,-29.70,-52.03,-18.22,6.177,10.363,0.96,22
$GNSS,2024-10-11T18:21:12.400Z,34.7233582,-76.6929182,675.116,-30.42,-52.19,-18.24,6.154,10.334,0.98,22
$GNSS,2024-10-11T18:21:12.600Z,34.7233015,-76.6930311,679.736,-30.62,-52.54,-17.98,6.121,10.284,1.00,22
$GNSS,2024-10-11T18:21:12.800Z,34.7232449,-76.6931450,684.651,-30.31,-52.30,-17.88,6.070,10.200,0.99,22
$GNSS,2024-10-11T18:21:13.000Z,34.7231885,-76.6932612,689.257,-30.54,-52.53,-17.98,5.711,9.585,1.02,21
$GNSS,2024-10-11T18:21:13.200Z,34.7231331,-76.6933777,693.706,-29.69,-52.62,-18.02,5.449,9.131,1.03,21
$GNSS,2024-10-11T18:21:13.400Z,34.7230767,-76.6934952,698.592,-30.36,-52.36,-18.19,5.265,8.805,0.99,21
$GNSS,2024-10-11T18:21:13.600Z,34.7230214,-76.6936110,703.099,-29.83,-52.26,-18.36,5.132,8.570,0.98,21
$GNSS,2024-10-11T18:21:13.800Z,34.7229687,-76.6937227,706.660,-29.25,-51.96,-18.49,4.957,8.269,1.10,21
$GNSS,2024-10-11T18:21:14.000Z,34.7229163,-76.6938350,710.345,-29.14,-52.01,-18.43,4.822,8.034,1.10,21
$GNSS,2024-10-11T18:21:14.200Z,34.7228641,-76.6939469,714.037,-28.88,-51.62,-18.05,4.739,7.884,1.10,21
$GNSS,2024-10-11T18:21:14.400Z,34.7228119,-76.6940584,717.665,-29.13,-51.40,-17.57,4.670,7.760,1.10,21
$GNSS,2024-10-11T18:21:14.600Z,34.7227597,-76.6941685,721.019,-29.21,-50.83,-17.05,4.635,7.690,1.01,21
$GNSS,2024-10-11T18:21:14.800Z,34.7227071,-76.6942784,724.411,-29.12,-50.50,-16.84,4.567,7.568,1.02,21
$GNSS,2024-10-11T18:21:15.000Z,34.7226542,-76.6943869,728.071,-28.96,-50.48,-16.49,4.991,8.261,1.02,22
$GNSS,2024-10-11T18:21:15.200Z,34.7226018,-76.6944963,731.919,-28.43,-50.60,-16.37,5.284,8.737,1.03,22
$GNSS,2024-10-11T18:21:15.400Z,34.7225494,-76.6946049,735.661,-28.71,-50.13,-16.15,5.450,9.006,1.04,22
$GNSS,2024-10-11T18:21:15.600Z,34.7224960,-76.6947124,739.318,-29.26,-49.67,-16.06,5.587,9.231,1.04,22
$GNSS,2024-10-11T18:21:15.800Z,34.7224432,-76.6948203,742.840,-28.66,-49.97,-16.02,5.680,9.380,1.03,21
$GNSS,2024-10-11T18:21:16.000Z,34.7223904,-76.6949282,746.332,-28.89,-49.74,-15.87,5.753,9.493,1.03,21
$GNSS,2024-10-11T18:21:16.200Z,34.7223384,-76.6950352,749.656,-28.32,-49.39,-15.71,5.776,9.528,1.06,21
$GNSS,2024-10-11T18:21:16.400Z,34.7222850,-76.6951430,753.135,-29.10,-49.47,-15.34,5.845,9.634,1.08,21
$GNSS,2024-10-11T18:21:16.600Z,34.7222321,-76.6952510,756.794,-28.46,-49.46,-15.52,5.925,9.760,1.03,21
$GNSS,2024-10-11T18:21:16.800Z,34.7221790,-76.6953598,760.449,-28.58,-49.71,-15.45,5.995,9.874,1.08,21
$GNSS,2024-10-11T18:21:17.000Z,34.7221257,-76.6954693,764.377,-28.55,-49.72,-15.92,6.080,10.012,1.02,21
$GNSS,2024-10-11T18:21:17.200Z,34.7220717,-76.6955783,768.160,-29.02,-49.48,-15.92,6.174,10.169,1.02,21
$GNSS,2024-10-11T18:21:17.400Z,34.7220180,-76.6956894,772.359,-28.34,-49.86,-16.05,6.239,10.275,1.00,21
$GNSS,2024-10-11T18:21:17.600Z,34.7219656,-76.6958018,776.106,-28.09,-50.03,-16.10,5.873,9.671,0.98,20
$GNSS,2024-10-11T18:21:17.800Z,34.7219125,-76.6959122,779.931,-28.28,-49.84,-15.76,6.020,9.909,0.92,21
$GNSS,2024-10-11T18:21:18.000Z,34.7218597,-76.6960250,783.722,-28.17,-50.19,-15.83,5.713,9.404,0.89,20
$GNSS,2024-10-11T18:21:18.200Z,34.7218059,-76.6961352,787.575,-28.62,-49.64,-15.69,5.927,9.756,0.89,21
$GNSS,2024-10-11T18:21:18.400Z,34.7217518,-76.6962461,791.378,-28.98,-49.00,-15.69,5.644,9.293,0.92,20
$GNSS,2024-10-11T18:21:18.600Z,34.7216978,-76.6963574,795.140,-28.76,-49.65,-15.71,5.452,8.974,0.97,20
$GNSS,2024-10-11T18:21:18.800Z,34.7216452,-76.6964682,798.601,-27.91,-49.61,-15.79,5.350,8.801,0.98,20
$GNSS,2024-10-11T18:21:19.000Z,34.7215927,-76.6965798,802.330,-27.96,-49.71,-15.87,5.281,8.683,0.98,20
$GNSS,2024-10-11T18:21:19.200Z,34.7215392,-76.6966926,806.080,-28.41,-49.84,-15.23,5.235,8.603,0.94,20
$GNSS,2024-10-11T18:21:19.400Z,34.7214863,-76.6968060,809.715,-28.06,-50.43,-15.16,5.211,8.562,0.94,20
$GNSS,2024-10-11T18:21:19.600Z,34.7214359,-76.6969173,813.172,-27.20,-50.38,-15.14,5.134,8.431,0.95,22
$GNSS,2024-10-11T18:21:19.800Z,34.7213855,-76.6970283,816.554,-27.45,-50.07,-14.88,5.084,8.345,0.94,22
$GNSS,2024-10-11T18:21:20.000Z,34.7213363,-76.6971383,819.785,-26.69,-49.80,-14.94,5.055,8.296,0.95,22
$GNSS,2024-10-11T18:21:20.200Z,34.7212878,-76.6972478,823.057,-26.45,-49.62,-14.87,5.002,8.207,0.95,22
$GNSS,2024-10-11T18:21:20.400Z,34.7212397,-76.6973590,826.761,-26.06,-49.87,-14.86,4.953,8.127,0.98,22
$GNSS,2024-10-11T18:21:20.600Z,34.7211916,-76.6974697,830.114,-26.45,-49.79,-14.45,4.944,8.111,0.99,21
$GNSS,2024-10-11T18:21:20.800Z,34.7211424,-76.6975816,833.771,-26.80,-50.10,-14.62,4.908,8.050,0.97,22
$GNSS,2024-10-11T18:21:21.000Z,34.7210932,-76.6976942,837.419,-26.85,-50.55,-14.64,4.853,7.960,1.00,22
$GNSS,2024-10-11T18:21:21.200Z,34.7210448,-76.6978070,841.010,-26.40,-50.47,-14.81,4.773,7.823,0.98,23
$GNSS,2024-10-11T18:21:21.400Z,34.7209969,-76.6979213,844.589,-26.10,-50.97,-14.81,4.748,7.776,0.98,22
$GNSS,2024-10-11T18:21:21.600Z,34.7209491,-76.6980352,847.993,-26.23,-50.84,-14.70,4.704,7.695,0.97,22
$GNSS,2024-10-11T18:21:21.800Z,34.7209013,-76.6981478,851.052,-26.47,-50.93,-14.83,4.665,7.627,1.04,22
$GNSS,2024-10-11T18:21:22.000Z,34.7208530,-76.6982596,853.993,-26.68,-50.59,-14.77,4.641,7.578,1.12,22
$GNSS,2024-10-11T18:21:22.200Z,34.7208052,-76.6983702,856.782,-26.50,-50.38,-14.73,4.602,7.505,1.14,22
$GNSS,2024-10-11T18:21:22.400Z,34.7207571,-76.6984812,859.536,-26.73,-50.65,-14.53,4.561,7.429,1.13,22
$GNSS,2024-10-11T18:21:22.600Z,34.7207084,-76.6985929,862.310,-26.98,-50.77,-14.31,4.570,7.436,1.14,21
$GNSS,2024-10-11T18:21:22.800Z,34.7206597,-76.6987051,865.012,-26.84,-50.82,-14.34,4.552,7.398,1.15,20
$GNSS,2024-10-11T18:21:23.000Z,34.7206108,-76.6988167,867.579,-27.12,-50.78,-14.29,4.524,7.343,1.15,20
$GNSS,2024-10-11T18:21:23.200Z,34.7205629,-76.6989276,870.176,-26.42,-50.63,-14.49,4.498,7.292,1.17,20
$GNSS,2024-10-11T18:21:23.400Z,34.7205175,-76.6990336,872.073,-26.41,-50.10,-14.46,4.330,7.010,1.19,19
$GNSS,2024-10-11T18:21:23.600Z,34.7204735,-76.6991383,873.769,-25.58,-49.89,-14.22,4.348,7.030,1.23,19
$GNSS,2024-10-11T18:21:23.800Z,34.7204289,-76.6992435,875.511,-25.97,-49.90,-14.00,4.366,7.050,1.20,20
$GNSS,2024-10-11T18:21:24.000Z,34.7203839,-76.6993506,877.628,-25.87,-50.26,-14.07,4.384,7.069,1.20,20
$GNSS,2024-10-11T18:21:24.200Z,34.7203402,-76.6994552,879.144,-25.49,-50.11,-13.73,4.402,7.089,1.19,20
$GNSS,2024-10-11T18:21:24.400Z,34.7202967,-76.6995606,880.752,-25.25,-50.19,-13.36,4.417,7.104,1.15,20
$GNSS,2024-10-11T18:21:24.600Z,34.7202538,-76.6996650,882.340,-24.97,-49.90,-13.32,4.429,7.115,1.13,20
$GNSS,2024-10-11T18:21:24.800Z,34.7202109,-76.6997693,883.783,-25.30,-49.95,-13.04,4.441,7.128,1.14,20
$GNSS,2024-10-11T18:21:25.000Z,34.7201679,-76.6998734,885.068,-25.05,-49.84,-12.65,4.455,7.140,1.14,19
$GNSS,2024-10-11T18:21:25.200Z,34.7201249,-76.6999780,886.554,-24.96,-49.69,-12.51,4.470,7.151,1.15,19
$GNSS,2024-10-11T18:21:25.400Z,34.7200822,-76.7000838,888.196,-24.63,-50.05,-12.47,4.486,7.167,1.17,19
$GNSS,2024-10-11T18:21:25.600Z,34.7200401,-76.7001894,889.734,-24.38,-49.97,-12.29,4.501,7.183,1.18,19
$GNSS,2024-10-11T18:21:25.800Z,34.7199983,-76.7002951,891.264,-24.42,-49.96,-12.04,4.518,7.200,1.19,18
$GNSS,2024-10-11T18:21:26.000Z,34.7199563,-76.7004003,892.772,-24.52,-49.56,-11.76,4.535,7.216,1.21,18
$GNSS,2024-10-11T18:21:26.200Z,34.7199146,-76.7005047,894.163,-24.57,-49.43,-11.57,4.551,7.230,1.21,18
$GNSS,2024-10-11T18:21:26.400Z,34.7198728,-76.7006092,895.740,-24.85,-49.32,-11.76,4.568,7.248,1.19,16
$GNSS,2024-10-11T18:21:26.600Z,34.7198310,-76.7007139,897.375,-24.79,-49.41,-11.92,4.588,7.274,1.31,16
$GNSS,2024-10-11T18:21:26.800Z,34.7197891,-76.7008185,899.095,-24.69,-49.04,-11.93,4.613,7.303,1.34,16
$GNSS,2024-10-11T18:21:27.000Z,34.7197473,-76.7009236,900.842,-24.43,-49.18,-11.90,4.644,7.340,1.36,16
$GNSS,2024-10-11T18:21:27.200Z,34.7197060,-76.7010302,902.650,-24.15,-49.72,-11.78,4.680,7.382,1.46,16
$GNSS,2024-10-11T18:21:27.400Z,34.7196646,-76.7011374,904.538,-24.07,-49.80,-11.73,4.720,7.428,1.47,16
$GNSS,2024-10-11T18:21:27.600Z,34.7196239,-76.7012447,906.195,-23.77,-49.82,-11.19,4.760,7.474,1.49,16
$GNSS,2024-10-11T18:21:27.800Z,34.7195834,-76.7013504,907.881,-23.66,-49.40,-11.13,4.797,7.516,1.44,16
$GNSS,2024-10-11T18:21:28.000Z,34.7195410,-76.7014575,909.667,-24.62,-49.87,-11.15,4.833,7.560,1.42,16
$GNSS,2024-10-11T18:21:28.200Z,34.7194993,-76.7015648,910.992,-24.44,-50.46,-10.59,4.869,7.604,1.40,16
$GNSS,2024-10-11T18:21:28.400Z,34.7194572,-76.7016721,912.772,-24.49,-50.13,-10.88,4.910,7.654,1.53,16
$GNSS,2024-10-11T18:21:28.600Z,34.7194156,-76.7017790,914.490,-23.98,-49.87,-10.93,4.952,7.703,1.52,17
$GNSS,2024-10-11T18:21:28.800Z,34.7193752,-76.7018853,915.982,-23.89,-49.71,-10.72,5.004,7.771,1.53,16
$GNSS,2024-10-11T18:21:29.000Z,34.7193345,-76.7019918,917.459,-23.95,-50.00,-10.66,5.058,7.840,1.53,16
$GNSS,2024-10-11T18:21:29.200Z,34.7192937,-76.7020985,918.908,-23.99,-49.87,-10.44,5.112,7.905,1.50,16
$GNSS,2024-10-11T18:21:29.400Z,34.7192522,-76.7022059,920.499,-24.16,-49.79,-10.25,5.164,7.968,1.49,16
$GNSS,2024-10-11T18:21:29.600Z,34.7192102,-76.7023136,921.845,-24.50,-50.31,-9.93,5.216,8.032,1.49,16
$GNSS,2024-10-11T18:21:29.800Z,34.7191687,-76.7024230,923.047,-24.20,-50.87,-9.24,5.270,8.096,1.47,16
$GNSS,2024-10-11T18:21:30.000Z,34.7191263,-76.7025335,924.545,-24.46,-50.85,-9.06,5.320,8.161,1.47,16
$GNSS,2024-10-11T18:21:30.200Z,34.7190843,-76.7026442,926.069,-24.42,-51.22,-9.16,5.370,8.227,1.46,16
$GNSS,2024-10-11T18:21:30.400Z,34.7190420,-76.7027557,927.711,-24.46,-51.37,-9.30,5.420,8.293,1.45,16
$GNSS,2024-10-11T18:21:30.600Z,34.7189989,-76.7028683,929.738,-24.70,-50.91,-9.46,5.471,8.366,1.46,15
$GNSS,2024-10-11T18:21:30.800Z,34.7189557,-76.7029763,931.115,-24.97,-50.50,-9.57,5.505,8.403,1.47,17
$GNSS,2024-10-11T18:21:31.000Z,34.7189138,-76.7030816,932.112,-24.55,-49.96,-9.40,5.538,8.436,1.46,17
$GNSS,2024-10-11T18:21:31.200Z,34.7188713,-76.7031879,933.325,-24.58,-49.69,-9.18,5.568,8.470,1.46,17
$GNSS,2024-10-11T18:21:31.400Z,34.7188279,-76.7032951,934.548,-25.09,-50.18,-9.10,5.598,8.501,1.44,17
$GNSS,2024-10-11T18:21:31.600Z,34.7187839,-76.7034043,935.521,-25.32,-51.16,-8.52,5.624,8.531,1.42,17
$GNSS,2024-10-11T18:21:31.800Z,34.7187404,-76.7035124,936.203,-25.40,-51.27,-8.04,5.653,8.566,1.46,17
$GNSS,2024-10-11T18:21:32.000Z,34.7186963,-76.7036208,937.159,-25.72,-51.20,-8.20,5.680,8.594,1.39,17
$GNSS,2024-10-11T18:21:32.200Z,34.7186527,-76.7037301,938.534,-25.54,-51.16,-8.64,5.706,8.623,1.40,16
$GNSS,2024-10-11T18:21:32.400Z,34.7186090,-76.7038403,939.988,-25.22,-51.50,-8.94,5.738,8.660,1.38,17
$GNSS,2024-10-11T18:21:32.600Z,34.7185649,-76.7039492,941.320,-25.78,-51.46,-9.37,5.769,8.696,1.38,17
$GNSS,2024-10-11T18:21:32.800Z,34.7185209,-76.7040573,942.684,-25.65,-51.02,-9.61,5.794,8.721,1.37,18
$GNSS,2024-10-11T18:21:33.000Z,34.7184770,-76.7041645,943.825,-25.74,-51.09,-9.66,5.818,8.748,1.40,18
$GNSS,2024-10-11T18:21:33.200Z,34.7184327,-76.7042698,944.599,-26.25,-51.25,-9.68,5.840,8.766,1.36,18
$GNSS,2024-10-11T18:21:33.400Z,34.7183886,-76.7043775,945.899,-25.56,-50.95,-9.68,5.859,8.785,1.38,18
$GNSS,2024-10-11T18:21:33.600Z,34.7183443,-76.7044869,947.361,-25.50,-51.22,-9.58,5.873,8.793,1.33,18
$GNSS,2024-10-11T18:21:33.800Z,34.7183000,-76.7045943,948.642,-25.64,-50.83,-9.63,5.883,8.797,1.31,18
$GNSS,2024-10-11T18:21:34.000Z,34.7182563,-76.7046994,949.456,-26.02,-51.53,-9.85,5.890,8.798,1.35,16
$GNSS,2024-10-11T18:21:34.200Z,34.7182122,-76.7048059,950.141,-26.12,-51.89,-9.48,5.894,8.794,1.31,16
$GNSS,2024-10-11T18:21:34.400Z,34.7181690,-76.7049141,951.247,-25.35,-52.46,-9.95,5.904,8.795,1.36,16
$GNSS,2024-10-11T18:21:34.600Z,34.7181260,-76.7050219,952.539,-25.23,-51.49,-10.14,5.905,8.786,1.35,16
$GNSS,2024-10-11T18:21:34.800Z,34.7180843,-76.7051278,953.384,-24.72,-51.50,-9.92,5.907,8.781,1.36,16
$GNSS,2024-10-11T18:21:35.000Z,34.7180421,-76.7052356,954.509,-24.79,-51.78,-9.98,5.908,8.775,1.28,16
$GNSS,2024-10-11T18:21:35.200Z,34.7179994,-76.7053433,955.728,-24.97,-51.23,-9.85,5.909,8.771,1.33,16
$GNSS,2024-10-11T18:21:35.400Z,34.7179565,-76.7054489,956.551,-25.42,-51.18,-9.70,5.911,8.764,1.28,16
$GNSS,2024-10-11T18:21:35.600Z,34.7179124,-76.7055580,957.826,-25.45,-51.81,-9.80,5.916,8.765,1.34,15
$GNSS,2024-10-11T18:21:35.800Z,34.7178685,-76.7056683,959.052,-25.43,-52.55,-9.90,5.921,8.763,1.35,15
$GNSS,2024-10-11T18:21:36.000Z,34.7178254,-76.7057792,960.254,-25.05,-52.84,-9.92,5.928,8.762,1.38,15
$GNSS,2024-10-11T18:21:36.200Z,34.7177823,-76.7058901,961.534,-25.42,-52.73,-10.13,5.941,8.778,1.32,14
$GNSS,2024-10-11T18:21:36.400Z,34.7177375,-76.7060024,962.978,-25.99,-52.53,-9.88,5.950,8.777,1.19,15
$GNSS,2024-10-11T18:21:36.600Z,34.7176929,-76.7061141,964.295,-26.05,-52.98,-9.94,5.957,8.777,1.19,15
$GNSS,2024-10-11T18:21:36.800Z,34.7176486,-76.7062252,965.904,-25.74,-52.40,-10.47,5.962,8.777,1.19,15
$GNSS,2024-10-11T18:21:37.000Z,34.7176051,-76.7063344,967.507,-25.48,-51.95,-11.04,5.965,8.772,1.15,15
$GNSS,2024-10-11T18:21:37.200Z,34.7175617,-76.7064428,969.048,-25.33,-51.46,-11.16,5.978,8.789,1.35,15
$GNSS,2024-10-11T18:21:37.400Z,34.7175183,-76.7065506,970.482,-25.38,-51.46,-11.15,5.994,8.807,1.35,15
$GNSS,2024-10-11T18:21:37.600Z,34.7174748,-76.7066591,972.053,-25.22,-51.59,-11.21,6.010,8.826,1.34,15
$GNSS,2024-10-11T18:21:37.800Z,34.7174342,-76.7067633,973.050,-25.12,-51.98,-11.27,5.985,8.804,1.26,15
$GNSS,2024-10-11T18:21:38.000Z,34.7173930,-76.7068679,974.214,-25.37,-51.66,-11.51,5.964,8.790,1.26,14
$GNSS,2024-10-11T18:21:38.200Z,34.7173523,-76.7069734,975.194,-25.03,-52.27,-11.38,5.945,8.781,1.28,14
$GNSS,2024-10-11T18:21:38.400Z,34.7173113,-76.7070806,976.519,-24.73,-52.33,-11.46,5.934,8.782,1.39,14
$GNSS,2024-10-11T18:21:38.600Z,34.7172703,-76.7071870,977.503,-24.74,-52.47,-11.36,5.927,8.788,1.40,15
$GNSS,2024-10-11T18:21:38.800Z,34.7172292,-76.7072934,978.462,-24.78,-52.58,-11.28,5.920,8.792,1.40,15
$GNSS,2024-10-11T18:21:39.000Z,34.7171865,-76.7074003,979.562,-25.62,-53.11,-11.25,5.908,8.795,1.38,15
$GNSS,2024-10-11T18:21:39.200Z,34.7171430,-76.7075069,980.633,-26.09,-53.26,-11.23,5.894,8.797,1.37,16
$GNSS,2024-10-11T18:21:39.400Z,34.7170995,-76.7076151,981.940,-25.87,-53.62,-11.31,5.882,8.802,1.37,16
$GNSS,2024-10-11T18:21:39.600Z,34.7170572,-76.7077230,983.108,-25.13,-53.55,-11.29,5.870,8.803,1.36,16
$GNSS,2024-10-11T18:21:39.800Z,34.7170154,-76.7078311,984.213,-24.95,-53.58,-11.34,5.860,8.815,1.47,15
$GNSS,2024-10-11T18:21:40.000Z,34.7169731,-76.7079409,985.371,-24.84,-53.60,-11.23,5.857,8.820,1.51,15
$GNSS,2024-10-11T18:21:40.200Z,34.7169307,-76.7080499,986.543,-24.96,-53.12,-11.15,5.856,8.826,1.52,15
$GNSS,2024-10-11T18:21:40.400Z,34.7168878,-76.7081587,987.795,-24.96,-52.80,-11.10,5.858,8.831,1.50,14
$GNSS,2024-10-11T18:21:40.600Z,34.7168446,-76.7082670,989.226,-25.04,-52.52,-11.05,5.859,8.834,1.55,15
$GNSS,2024-10-11T18:21:40.800Z,34.7168012,-76.7083765,990.617,-24.94,-52.76,-10.76,5.864,8.841,1.57,14
$GNSS,2024-10-11T18:21:41.000Z,34.7167575,-76.7084857,991.762,-25.27,-52.87,-10.57,5.871,8.849,1.56,14
$GNSS,2024-10-11T18:21:41.200Z,34.7167133,-76.7085956,993.212,-25.35,-52.79,-10.58,5.879,8.858,1.54,14
$GNSS,2024-10-11T18:21:41.400Z,34.7166686,-76.7087061,994.361,-25.57,-53.03,-10.45,5.884,8.862,1.51,15
$GNSS,2024-10-11T18:21:41.600Z,34.7166249,-76.7088193,995.573,-24.85,-54.00,-10.53,5.894,8.872,1.56,14
$GNSS,2024-10-11T18:21:41.800Z,34.7165807,-76.7089322,996.747,-25.26,-53.71,-10.46,5.906,8.880,1.60,13
$GNSS,2024-10-11T18:21:42.000Z,34.7165347,-76.7090466,998.049,-25.57,-53.04,-10.14,5.943,8.908,1.72,11
$GNSS,2024-10-11T18:21:42.200Z,34.7164889,-76.7091607,999.199,-25.56,-53.18,-10.01,5.983,8.934,1.73,11
$GNSS,2024-10-11T18:21:42.400Z,34.7164425,-76.7092760,1000.271,-25.78,-53.63,-9.73,6.024,8.959,1.74,11
$GNSS,2024-10-11T18:21:42.600Z,34.7163967,-76.7093906,1001.383,-25.59,-53.48,-9.54,6.064,8.983,1.79,12
$GNSS,2024-10-11T18:21:42.800Z,34.7163522,-76.7095062,1002.699,-24.66,-53.83,-9.49,6.106,9.011,1.87,11
$GNSS,2024-10-11T18:21:43.000Z,34.7163085,-76.7096202,1003.675,-24.45,-53.26,-9.09,6.146,9.035,1.81,12
$GNSS,2024-10-11T18:21:43.200Z,34.7162643,-76.7097332,1004.871,-24.47,-52.35,-8.71,6.185,9.056,1.82,12
$GNSS,2024-10-11T18:21:43.400Z,34.7162200,-76.7098460,1006.211,-24.46,-52.29,-8.92,6.221,9.079,1.79,12
$GNSS,2024-10-11T18:21:43.600Z,34.7161767,-76.7099575,1007.471,-24.35,-52.06,-9.29,6.265,9.103,1.84,10
$GNSS,2024-10-11T18:21:43.800Z,34.7161331,-76.7100683,1008.858,-24.51,-51.75,-9.77,6.307,9.129,1.84,11
$GNSS,2024-10-11T18:21:44.000Z,34.7160896,-76.7101803,1010.267,-24.18,-51.83,-9.61,6.347,9.158,1.82,11
$GNSS,2024-10-11T18:21:44.200Z,34.7160471,-76.7102924,1011.317,-23.99,-52.37,-9.54,6.379,9.177,1.73,12
$GNSS,2024-10-11T18:21:44.400Z,34.7160039,-76.7104046,1012.822,-24.06,-52.01,-9.70,6.407,9.196,1.69,12
$GNSS,2024-10-11T18:21:44.600Z,34.7159598,-76.7105180,1014.449,-24.41,-52.40,-10.01,6.433,9.214,1.67,12
$GNSS,2024-10-11T18:21:44.800Z,34.7159150,-76.7106333,1015.918,-24.49,-52.61,-9.35,6.458,9.237,1.66,12
$GNSS,2024-10-11T18:21:45.000Z,34.7158691,-76.7107487,1017.417,-25.25,-52.90,-9.26,6.485,9.262,1.71,12
$GNSS,2024-10-11T18:21:45.200Z,34.7158224,-76.7108658,1018.942,-25.65,-53.64,-9.32,6.503,9.279,1.57,14
$GNSS,2024-10-11T18:21:45.400Z,34.7157770,-76.7109808,1020.187,-25.33,-53.31,-9.34,6.516,9.289,1.54,16
$GNSS,2024-10-11T18:21:45.600Z,34.7157319,-76.7110961,1021.296,-25.21,-53.46,-9.28,6.524,9.294,1.48,16
$GNSS,2024-10-11T18:21:45.800Z,34.7156860,-76.7112130,1022.507,-25.40,-53.87,-9.04,6.534,9.308,1.51,15
$GNSS,2024-10-11T18:21:46.000Z,34.7156401,-76.7113309,1023.828,-25.17,-54.01,-8.77,6.543,9.322,1.53,15
$GNSS,2024-10-11T18:21:46.200Z,34.7155941,-76.7114476,1024.870,-25.71,-54.02,-8.65,6.550,9.334,1.48,15
$GNSS,2024-10-11T18:21:46.400Z,34.7155486,-76.7115621,1025.796,-26.03,-53.94,-8.50,6.528,9.337,1.42,15
$GNSS,2024-10-11T18:21:46.600Z,34.7155017,-76.7116774,1026.946,-26.53,-54.00,-8.47,6.510,9.345,1.44,15
$GNSS,2024-10-11T18:21:46.800Z,34.7154538,-76.7117930,1028.180,-26.96,-54.10,-8.45,6.492,9.368,1.46,14
$GNSS,2024-10-11T18:21:47.000Z,34.7154059,-76.7119079,1029.804,-26.91,-53.82,-8.69,6.470,9.382,1.39,15
$GNSS,2024-10-11T18:21:47.200Z,34.7153568,-76.7120232,1031.561,-27.47,-53.82,-8.90,6.449,9.396,1.37,15
$GNSS,2024-10-11T18:21:47.400Z,34.7153090,-76.7121389,1033.090,-27.06,-54.37,-9.06,6.432,9.413,1.37,15
$GNSS,2024-10-11T18:21:47.600Z,34.7152619,-76.7122548,1034.653,-26.76,-54.62,-9.31,6.417,9.430,1.38,15
$GNSS,2024-10-11T18:21:47.800Z,34.7152156,-76.7123707,1035.663,-26.72,-54.87,-8.98,6.405,9.454,1.40,14
$GNSS,2024-10-11T18:21:48.000Z,34.7151693,-76.7124863,1037.020,-26.62,-54.80,-9.20,6.397,9.481,1.45,13
$GNSS,2024-10-11T18:21:48.200Z,34.7151228,-76.7126016,1038.420,-26.53,-54.47,-9.23,6.393,9.506,1.46,12
$GNSS,2024-10-11T18:21:48.400Z,34.7150768,-76.7127157,1039.490,-26.53,-54.20,-9.01,6.387,9.527,1.46,12
$GNSS,2024-10-11T18:21:48.600Z,34.7150315,-76.7128328,1040.500,-26.24,-55.36,-8.82,6.382,9.546,1.46,12
$GNSS,2024-10-11T18:21:48.800Z,34.7149864,-76.7129487,1041.601,-26.21,-55.17,-8.97,6.383,9.581,1.54,10
$GNSS,2024-10-11T18:21:49.000Z,34.7149412,-76.7130645,1042.716,-26.19,-54.96,-8.98,6.386,9.618,1.55,10
$GNSS,2024-10-11T18:21:49.200Z,34.7148964,-76.7131803,1043.158,-26.32,-55.09,-8.61,6.387,9.635,1.40,11
$GNSS,2024-10-11T18:21:49.400Z,34.7148511,-76.7132964,1044.051,-26.54,-55.22,-8.88,6.385,9.650,1.37,11
$GNSS,2024-10-11T18:21:49.600Z,34.7148044,-76.7134129,1045.132,-26.74,-54.77,-8.72,6.386,9.676,1.41,11
$GNSS,2024-10-11T18:21:49.800Z,34.7147578,-76.7135285,1046.321,-26.91,-54.51,-9.07,6.390,9.696,1.47,10
$GNSS,2024-10-11T18:21:50.000Z,34.7147107,-76.7136450,1047.563,-26.85,-54.45,-9.05,6.398,9.713,1.45,10
$GNSS,2024-10-11T18:21:50.200Z,34.7146634,-76.7137619,1048.961,-26.88,-54.61,-9.20,6.404,9.722,1.41,10
$GNSS,2024-10-11T18:21:50.400Z,34.7146189,-76.7138790,1050.421,-25.91,-54.74,-9.51,6.410,9.733,1.41,9
$GNSS,2024-10-11T18:21:50.600Z,34.7145753,-76.7139949,1051.614,-25.48,-54.57,-9.63,6.418,9.755,1.45,8
$GNSS,2024-10-11T18:21:50.800Z,34.7145309,-76.7141104,1053.142,-25.64,-54.21,-9.88,6.424,9.777,1.39,8
$GNSS,2024-10-11T18:21:51.000Z,34.7144852,-76.7142286,1054.933,-25.95,-54.56,-9.90,6.436,9.810,1.37,8
$GNSS,2024-10-11T18:21:51.200Z,34.7144393,-76.7143469,1056.690,-26.13,-54.65,-9.88,6.449,9.843,1.37,8
$GNSS,2024-10-11T18:21:51.400Z,34.7143924,-76.7144644,1058.452,-26.71,-54.32,-9.89,6.462,9.882,1.38,9
$GNSS,2024-10-11T18:21:51.600Z,34.7143449,-76.7145822,1060.479,-27.08,-54.52,-10.24,6.474,9.914,1.36,9
$GNSS,2024-10-11T18:21:51.800Z,34.7142980,-76.7146989,1062.025,-27.07,-54.09,-10.12,6.486,9.948,1.40,9
$GNSS,2024-10-11T18:21:52.000Z,34.7142508,-76.7148147,1063.751,-27.20,-53.85,-10.28,6.496,9.979,1.35,10
$GNSS,2024-10-11T18:21:52.200Z,34.7142032,-76.7149290,1065.926,-27.35,-53.36,-10.93,6.503,10.007,1.34,10
$GNSS,2024-10-11T18:21:52.400Z,34.7141549,-76.7150454,1067.536,-27.47,-54.09,-10.88,6.493,10.010,1.35,12
$GNSS,2024-10-11T18:21:52.600Z,34.7141072,-76.7151624,1069.273,-27.12,-54.36,-11.02,6.483,10.011,1.32,12
$GNSS,2024-10-11T18:21:52.800Z,34.7140590,-76.7152796,1070.573,-27.39,-54.21,-10.53,6.473,10.015,1.32,12
$GNSS,2024-10-11T18:21:53.000Z,34.7140104,-76.7153967,1071.963,-27.57,-54.12,-10.27,6.464,10.017,1.31,12
$GNSS,2024-10-11T18:21:53.200Z,34.7139607,-76.7155124,1073.411,-28.07,-53.86,-10.50,6.456,10.022,1.32,13
$GNSS,2024-10-11T18:21:53.400Z,34.7139129,-76.7156289,1074.660,-27.25,-54.60,-10.72,6.448,10.029,1.31,13
$GNSS,2024-10-11T18:21:53.600Z,34.7138643,-76.7157464,1076.245,-27.45,-54.48,-10.87,6.441,10.036,1.31,13
$GNSS,2024-10-11T18:21:53.800Z,34.7138147,-76.7158645,1077.834,-27.97,-54.75,-11.05,6.438,10.057,1.34,12
$GNSS,2024-10-11T18:21:54.000Z,34.7137657,-76.7159829,1079.186,-27.74,-54.78,-10.85,6.435,10.079,1.31,11
$GNSS,2024-10-11T18:21:54.200Z,34.7137176,-76.7160997,1080.076,-27.42,-54.41,-10.40,6.431,10.107,1.36,11
$GNSS,2024-10-11T18:21:54.400Z,34.7136692,-76.7162156,1081.721,-27.28,-53.62,-10.44,6.424,10.118,1.33,12
$GNSS,2024-10-11T18:21:54.600Z,34.7136204,-76.7163307,1083.408,-27.42,-53.33,-10.51,6.410,10.120,1.31,13
$GNSS,2024-10-11T18:21:54.800Z,34.7135733,-76.7164458,1084.570,-26.95,-53.64,-10.33,6.391,10.114,1.29,14
$GNSS,2024-10-11T18:21:55.000Z,34.7135267,-76.7165622,1085.887,-26.53,-53.67,-9.91,6.376,10.112,1.36,14
$GNSS,2024-10-11T18:21:55.200Z,34.7134790,-76.7166767,1087.381,-27.07,-53.27,-10.27,6.360,10.108,1.30,14
$GNSS,2024-10-11T18:21:55.400Z,34.7134300,-76.7167905,1089.360,-27.54,-52.79,-10.97,6.342,10.098,1.30,16
$GNSS,2024-10-11T18:21:55.600Z,34.7133810,-76.7169044,1091.141,-27.78,-52.90,-11.33,6.329,10.099,1.28,14
$GNSS,2024-10-11T18:21:55.800Z,34.7133337,-76.7170202,1093.018,-26.96,-53.42,-11.33,6.314,10.097,1.23,14
$GNSS,2024-10-11T18:21:56.000Z,34.7132857,-76.7171365,1095.077,-27.14,-53.66,-11.66,6.302,10.095,1.29,13
$GNSS,2024-10-11T18:21:56.200Z,34.7132377,-76.7172525,1097.275,-27.14,-53.59,-12.13,6.293,10.093,1.32,13
$GNSS,2024-10-11T18:21:56.400Z,34.7131900,-76.7173688,1099.255,-27.05,-53.73,-12.34,6.283,10.078,1.31,14
$GNSS,2024-10-11T18:21:56.600Z,34.7131429,-76.7174851,1100.940,-27.01,-53.79,-11.98,6.273,10.068,1.31,14
$GNSS,2024-10-11T18:21:56.800Z,34.7130976,-76.7176014,1102.697,-26.12,-53.81,-12.00,6.269,10.072,1.31,13
$GNSS,2024-10-11T18:21:57.000Z,34.7130520,-76.7177193,1104.269,-26.32,-54.43,-11.69,6.276,10.089,1.30,12
$GNSS,2024-10-11T18:21:57.200Z,34.7130061,-76.7178368,1105.781,-26.33,-54.51,-11.70,6.292,10.112,1.37,11
$GNSS,2024-10-11T18:21:57.400Z,34.7129591,-76.7179549,1107.416,-26.78,-54.78,-11.65,6.312,10.142,1.40,10
$GNSS,2024-10-11T18:21:57.600Z,34.7129110,-76.7180725,1109.128,-27.23,-54.47,-11.64,6.333,10.171,1.39,11
$GNSS,2024-10-11T18:21:57.800Z,34.7128630,-76.7181887,1110.933,-27.18,-54.18,-12.08,6.355,10.190,1.36,11
$GNSS,2024-10-11T18:21:58.000Z,34.7128147,-76.7183068,1112.935,-27.55,-54.40,-12.06,6.385,10.214,1.53,11
$GNSS,2024-10-11T18:21:58.200Z,34.7127648,-76.7184258,1114.839,-28.45,-54.70,-11.75,6.409,10.232,1.39,12
$GNSS,2024-10-11T18:21:58.400Z,34.7127154,-76.7185425,1116.421,-28.18,-54.04,-11.48,6.419,10.242,1.52,13
$GNSS,2024-10-11T18:21:58.600Z,34.7126658,-76.7186586,1117.978,-28.10,-53.86,-11.33,6.430,10.256,1.53,13
$GNSS,2024-10-11T18:21:58.800Z,34.7126164,-76.7187738,1119.532,-28.06,-53.46,-11.15,6.436,10.268,1.41,13
$GNSS,2024-10-11T18:21:59.000Z,34.7125658,-76.7188881,1121.106,-28.20,-53.41,-11.37,6.443,10.282,1.40,13
$GNSS,2024-10-11T18:21:59.200Z,34.7125158,-76.7190023,1122.606,-28.01,-53.27,-11.40,6.448,10.295,1.37,13
$GNSS,2024-10-11T18:21:59.400Z,34.7124659,-76.7191161,1123.971,-27.98,-53.01,-11.18,6.454,10.308,1.37,13
$GNSS,2024-10-11T18:21:59.600Z,34.7124154,-76.7192292,1125.364,-27.98,-52.92,-11.27,6.465,10.326,1.51,13
$GNSS,2024-10-11T18:21:59.800Z,34.7123651,-76.7193439,1126.872,-27.91,-53.49,-11.60,6.496,10.357,1.47,12
$GNSS,2024-10-11T18:22:00.000Z,34.7123142,-76.7194591,1128.585,-28.42,-53.28,-11.42,6.533,10.392,1.56,12
$GNSS,2024-10-11T18:22:00.200Z,34.7122650,-76.7195750,1130.461,-27.92,-53.32,-11.39,6.580,10.442,1.59,10
$GNSS,2024-10-11T18:22:00.400Z,34.7122178,-76.7196916,1132.098,-27.29,-53.23,-10.73,6.638,10.511,1.43,8
$GNSS,2024-10-11T18:22:00.600Z,34.7121688,-76.7198076,1133.837,-27.47,-53.33,-10.53,6.689,10.578,1.43,9
$GNSS,2024-10-11T18:22:00.800Z,34.7121217,-76.7199236,1135.694,-26.80,-53.42,-10.65,6.736,10.644,1.41,9
$GNSS,2024-10-11T18:22:01.000Z,34.7120734,-76.7200394,1137.606,-27.03,-53.68,-10.89,6.773,10.708,1.37,9
$GNSS,2024-10-11T18:22:01.200Z,34.7120247,-76.7201555,1139.546,-27.18,-53.69,-11.04,6.805,10.771,1.34,9
$GNSS,2024-10-11T18:22:01.400Z,34.7119762,-76.7202727,1141.553,-27.38,-53.97,-11.08,6.832,10.832,1.33,10
$GNSS,2024-10-11T18:22:01.600Z,34.7119264,-76.7203890,1143.648,-27.83,-53.70,-11.26,6.859,10.893,1.35,10
$GNSS,2024-10-11T18:22:01.800Z,34.7118764,-76.7205051,1145.818,-28.15,-53.34,-11.28,6.886,10.955,1.36,10
$GNSS,2024-10-11T18:22:02.000Z,34.7118242,-76.7206190,1147.874,-28.95,-52.89,-11.58,6.912,11.017,1.36,10
$GNSS,2024-10-11T18:22:02.200Z,34.7117722,-76.7207339,1149.821,-29.13,-53.05,-11.53,6.933,11.072,1.37,11
$GNSS,2024-10-11T18:22:02.400Z,34.7117210,-76.7208502,1151.727,-28.85,-53.50,-11.34,6.958,11.136,1.36,10
$GNSS,2024-10-11T18:22:02.600Z,34.7116697,-76.7209660,1153.740,-28.80,-53.41,-11.35,6.979,11.197,1.36,10
$GNSS,2024-10-11T18:22:02.800Z,34.7116185,-76.7210805,1155.628,-28.59,-52.90,-11.31,6.999,11.256,1.34,10
$GNSS,2024-10-11T18:22:03.000Z,34.7115674,-76.7211946,1157.616,-28.56,-52.61,-11.32,7.018,11.316,1.39,10
$GNSS,2024-10-11T18:22:03.200Z,34.7115160,-76.7213085,1159.485,-28.68,-52.59,-11.26,7.034,11.358,1.31,11
$GNSS,2024-10-11T18:22:03.400Z,34.7114652,-76.7214237,1161.095,-28.12,-53.41,-11.21,7.049,11.395,1.35,11
$GNSS,2024-10-11T18:22:03.600Z,34.7114142,-76.7215381,1162.795,-28.12,-53.09,-11.30,7.055,11.349,1.35,12
$GNSS,2024-10-11T18:22:03.800Z,34.7113617,-76.7216523,1164.216,-28.54,-53.10,-11.23,7.059,11.306,1.33,12
$GNSS,2024-10-11T18:22:04.000Z,34.7113127,-76.7217675,1166.268,-27.78,-52.80,-11.21,7.057,11.249,1.31,13
$GNSS,2024-10-11T18:22:04.200Z,34.7112645,-76.7218829,1168.622,-27.53,-52.88,-11.58,7.058,11.192,1.27,12
$GNSS,2024-10-11T18:22:04.400Z,34.7112137,-76.7219992,1170.484,-28.39,-53.55,-11.32,7.060,11.139,1.29,12
$GNSS,2024-10-11T18:22:04.600Z,34.7111631,-76.7221146,1172.136,-28.14,-53.27,-11.19,7.059,11.080,1.27,12
$GNSS,2024-10-11T18:22:04.800Z,34.7111124,-76.7222294,1173.860,-28.19,-52.90,-11.09,7.057,11.014,1.29,12
$GNSS,2024-10-11T18:22:05.000Z,34.7110630,-76.7223449,1175.659,-27.85,-53.15,-10.99,7.054,10.951,1.26,13
$GNSS,2024-10-11T18:22:05.200Z,34.7110113,-76.7224609,1177.162,-28.68,-53.58,-10.52,7.052,10.890,1.27,13
$GNSS,2024-10-11T18:22:05.400Z,34.7109611,-76.7225780,1179.125,-28.61,-53.58,-10.39,7.047,10.830,1.23,13
$GNSS,2024-10-11T18:22:05.600Z,34.7109102,-76.7226946,1180.893,-28.63,-53.65,-10.31,7.042,10.778,1.25,13
$GNSS,2024-10-11T18:22:05.800Z,34.7108585,-76.7228114,1182.423,-28.75,-54.03,-10.11,7.033,10.728,1.23,14
$GNSS,2024-10-11T18:22:06.000Z,34.7108078,-76.7229292,1184.187,-28.54,-54.13,-10.06,7.025,10.684,1.25,14
$GNSS,2024-10-11T18:22:06.200Z,34.7107560,-76.7230443,1185.947,-28.53,-53.28,-10.43,7.020,10.647,1.27,13
$GNSS,2024-10-11T18:22:06.400Z,34.7107049,-76.7231587,1187.951,-28.31,-52.99,-10.98,7.015,10.604,1.30,13
$GNSS,2024-10-11T18:22:06.600Z,34.7106538,-76.7232725,1189.756,-28.05,-52.86,-11.13,7.012,10.563,1.32,13
$GNSS,2024-10-11T18:22:06.800Z,34.7106021,-76.7233867,1191.278,-28.38,-52.98,-10.68,7.012,10.521,1.29,13
$GNSS,2024-10-11T18:22:07.000Z,34.7105507,-76.7235021,1193.169,-28.65,-53.18,-10.64,7.014,10.487,1.35,13
$GNSS,2024-10-11T18:22:07.200Z,34.7104993,-76.7236148,1194.985,-28.13,-52.58,-11.20,7.018,10.454,1.37,13
$GNSS,2024-10-11T18:22:07.400Z,34.7104475,-76.7237287,1196.803,-28.53,-52.74,-11.16,7.023,10.425,1.38,13
$GNSS,2024-10-11T18:22:07.600Z,34.7103958,-76.7238434,1198.840,-28.67,-53.08,-11.41,7.030,10.397,1.42,13
$GNSS,2024-10-11T18:22:07.800Z,34.7103437,-76.7239575,1200.876,-28.75,-52.91,-11.60,7.032,10.358,1.32,13
$GNSS,2024-10-11T18:22:08.000Z,34.7102931,-76.7240736,1203.045,-28.63,-53.24,-11.57,7.036,10.321,1.28,14
$GNSS,2024-10-11T18:22:08.200Z,34.7102427,-76.7241898,1205.079,-28.42,-53.32,-11.41,7.043,10.287,1.26,14
$GNSS,2024-10-11T18:22:08.400Z,34.7101920,-76.7243048,1206.946,-28.21,-53.06,-11.36,7.053,10.255,1.27,14
$GNSS,2024-10-11T18:22:08.600Z,34.7101417,-76.7244197,1208.737,-28.01,-52.97,-11.18,7.065,10.225,1.26,14
$GNSS,2024-10-11T18:22:08.800Z,34.7100912,-76.7245358,1210.699,-28.41,-53.33,-11.12,7.086,10.195,1.25,13
$GNSS,2024-10-11T18:22:09.000Z,34.7100411,-76.7246524,1212.582,-28.29,-53.48,-10.93,7.115,10.166,1.27,12
$GNSS,2024-10-11T18:22:09.200Z,34.7099911,-76.7247683,1214.238,-27.86,-53.50,-10.80,7.149,10.145,1.27,12
$GNSS,2024-10-11T18:22:09.400Z,34.7099414,-76.7248840,1215.885,-27.64,-53.40,-10.67,7.185,10.123,1.25,12
$GNSS,2024-10-11T18:22:09.600Z,34.7098922,-76.7250006,1217.745,-27.79,-53.67,-10.69,7.173,10.068,1.19,13
$GNSS,2024-10-11T18:22:09.800Z,34.7098434,-76.7251176,1219.571,-27.69,-53.73,-10.63,7.166,10.030,1.22,12
$GNSS,2024-10-11T18:22:10.000Z,34.7097941,-76.7252357,1221.747,-28.24,-53.84,-10.72,7.165,10.004,1.30,12
$GNSS,2024-10-11T18:22:10.200Z,34.7097445,-76.7253528,1223.670,-28.24,-53.62,-10.64,7.159,9.969,1.26,12
$GNSS,2024-10-11T18:22:10.400Z,34.7096956,-76.7254699,1225.529,-27.93,-53.61,-10.51,7.151,9.932,1.21,13
$GNSS,2024-10-11T18:22:10.600Z,34.7096461,-76.7255860,1227.380,-28.05,-53.24,-10.33,7.146,9.900,1.24,13
$GNSS,2024-10-11T18:22:10.800Z,34.7095971,-76.7257042,1229.693,-28.35,-53.78,-10.47,7.133,9.870,1.27,14
$GNSS,2024-10-11T18:22:11.000Z,34.7095475,-76.7258231,1231.953,-28.61,-54.04,-10.50,7.130,9.841,1.27,13
$GNSS,2024-10-11T18:22:11.200Z,34.7094976,-76.7259404,1233.945,-28.42,-53.68,-10.48,7.128,9.815,1.27,13
$GNSS,2024-10-11T18:22:11.400Z,34.7094492,-76.7260588,1236.096,-28.02,-53.74,-10.41,7.121,9.777,1.20,13
$GNSS,2024-10-11T18:22:11.600Z,34.7094001,-76.7261776,1238.321,-28.13,-54.18,-10.60,7.113,9.738,1.23,13
$GNSS,2024-10-11T18:22:11.800Z,34.7093514,-76.7262969,1240.525,-27.95,-54.28,-10.64,7.106,9.706,1.21,13
$GNSS,2024-10-11T18:22:12.000Z,34.7093023,-76.7264148,1242.573,-27.77,-54.09,-10.73,7.098,9.675,1.29,14
$GNSS,2024-10-11T18:22:12.200Z,34.7092534,-76.7265332,1244.991,-27.93,-54.03,-11.01,7.092,9.646,1.28,14
$GNSS,2024-10-11T18:22:12.400Z,34.7092048,-76.7266511,1247.197,-27.47,-54.26,-11.34,7.086,9.615,1.27,14
$GNSS,2024-10-11T18:22:12.600Z,34.7091557,-76.7267687,1249.316,-27.56,-54.24,-11.48,7.078,9.581,1.22,14
$GNSS,2024-10-11T18:22:12.800Z,34.7091068,-76.7268863,1251.191,-27.37,-54.62,-11.46,7.074,9.553,1.22,13
$GNSS,2024-10-11T18:22:13.000Z,34.7090587,-76.7270050,1253.070,-27.08,-54.84,-11.23,7.071,9.526,1.23,13
$GNSS,2024-10-11T18:22:13.200Z,34.7090117,-76.7271242,1254.852,-26.58,-54.97,-10.94,7.071,9.504,1.22,12
$GNSS,2024-10-11T18:22:13.400Z,34.7089652,-76.7272438,1256.535,-26.35,-55.13,-10.55,7.073,9.482,1.23,12
$GNSS,2024-10-11T18:22:13.600Z,34.7089162,-76.7273630,1258.612,-27.39,-55.18,-10.84,7.072,9.469,1.29,12
$GNSS,2024-10-11T18:22:13.800Z,34.7088656,-76.7274819,1260.668,-28.03,-55.31,-11.32,7.067,9.458,1.30,13
$GNSS,2024-10-11T18:22:14.000Z,34.7088156,-76.7276004,1262.746,-27.98,-54.72,-11.43,7.061,9.446,1.33,13
$GNSS,2024-10-11T18:22:14.200Z,34.7087648,-76.7277187,1264.812,-28.32,-54.67,-11.26,7.056,9.432,1.27,12
$GNSS,2024-10-11T18:22:14.400Z,34.7087149,-76.7278365,1266.830,-27.79,-54.77,-11.55,7.052,9.420,1.33,12
$GNSS,2024-10-11T18:22:14.600Z,34.7086648,-76.7279540,1269.038,-27.64,-54.43,-11.70,7.015,9.384,1.28,14
$GNSS,2024-10-11T18:22:14.800Z,34.7086150,-76.7280715,1271.139,-27.41,-54.59,-11.74,6.978,9.350,1.24,14
$GNSS,2024-10-11T18:22:15.000Z,34.7085657,-76.7281903,1273.512,-27.22,-54.94,-12.07,6.939,9.313,1.24,14
$GNSS,2024-10-11T18:22:15.200Z,34.7085167,-76.7283087,1275.933,-26.96,-54.81,-12.39,6.901,9.279,1.25,14
$GNSS,2024-10-11T18:22:15.400Z,34.7084681,-76.7284269,1278.276,-26.83,-54.62,-12.35,6.866,9.251,1.27,14
$GNSS,2024-10-11T18:22:15.600Z,34.7084192,-76.7285450,1280.657,-26.91,-54.67,-12.44,6.827,9.225,1.33,15
$GNSS,2024-10-11T18:22:15.800Z,34.7083715,-76.7286641,1282.761,-26.28,-55.34,-12.15,6.789,9.196,1.37,16
$GNSS,2024-10-11T18:22:16.000Z,34.7083238,-76.7287830,1285.036,-26.38,-55.07,-12.22,6.733,9.154,1.27,18
$GNSS,2024-10-11T18:22:16.200Z,34.7082767,-76.7289027,1287.372,-26.09,-55.36,-12.37,6.677,9.111,1.25,18
$GNSS,2024-10-11T18:22:16.400Z,34.7082309,-76.7290231,1289.759,-25.47,-55.46,-12.31,6.625,9.073,1.25,18
$GNSS,2024-10-11T18:22:16.600Z,34.7081847,-76.7291432,1292.325,-25.76,-55.09,-12.38,6.576,9.036,1.25,18
$GNSS,2024-10-11T18:22:16.800Z,34.7081381,-76.7292634,1294.682,-25.90,-55.44,-12.34,6.532,9.005,1.28,18
$GNSS,2024-10-11T18:22:17.000Z,34.7080918,-76.7293842,1297.082,-25.71,-55.66,-12.36,6.491,8.978,1.34,18
$GNSS,2024-10-11T18:22:17.200Z,34.7080465,-76.7295055,1299.547,-25.30,-55.90,-12.72,6.458,8.958,1.36,17
$GNSS,2024-10-11T18:22:17.400Z,34.7080012,-76.7296259,1301.917,-25.36,-55.39,-12.61,6.430,8.943,1.41,17
$GNSS,2024-10-11T18:22:17.600Z,34.7079572,-76.7297453,1304.317,-24.63,-54.96,-12.60,6.404,8.926,1.49,17
$GNSS,2024-10-11T18:22:17.800Z,34.7079131,-76.7298641,1306.698,-24.40,-54.64,-12.48,6.387,8.921,1.49,17
$GNSS,2024-10-11T18:22:18.000Z,34.7078699,-76.7299825,1309.178,-23.93,-54.54,-12.62,6.371,8.916,1.48,17
$GNSS,2024-10-11T18:22:18.200Z,34.7078260,-76.7301006,1311.836,-24.28,-54.11,-12.67,6.358,8.912,1.53,16
$GNSS,2024-10-11T18:22:18.400Z,34.7077821,-76.7302186,1314.623,-24.25,-54.12,-13.05,6.349,8.912,1.57,15
$GNSS,2024-10-11T18:22:18.600Z,34.7077394,-76.7303348,1316.963,-23.67,-53.57,-12.57,6.340,8.913,1.58,15
$GNSS,2024-10-11T18:22:18.800Z,34.7076953,-76.7304534,1319.577,-24.39,-54.10,-12.54,6.343,8.922,1.59,12
$GNSS,2024-10-11T18:22:19.000Z,34.7076511,-76.7305723,1321.883,-24.46,-54.34,-11.99,6.348,8.933,1.63,12
$GNSS,2024-10-11T18:22:19.200Z,34.7076071,-76.7306899,1324.408,-24.38,-53.88,-12.07,6.358,8.948,1.73,12
$GNSS,2024-10-11T18:22:19.400Z,34.7075636,-76.7308085,1326.902,-24.00,-54.35,-12.18,6.370,8.962,1.73,12
$GNSS,2024-10-11T18:22:19.600Z,34.7075202,-76.7309264,1329.537,-24.20,-54.16,-12.54,6.378,8.976,1.68,13
$GNSS,2024-10-11T18:22:19.800Z,34.7074778,-76.7310434,1332.132,-23.68,-53.90,-12.75,6.386,8.991,1.64,13
$GNSS,2024-10-11T18:22:20.000Z,34.7074351,-76.7311622,1334.854,-23.62,-54.38,-12.98,6.395,9.005,1.62,13
$GNSS,2024-10-11T18:22:20.200Z,34.7073926,-76.7312806,1337.604,-23.80,-54.07,-13.03,6.392,9.011,1.45,16
$GNSS,2024-10-11T18:22:20.400Z,34.7073492,-76.7313992,1340.152,-24.20,-54.31,-12.94,6.388,9.016,1.43,16
$GNSS,2024-10-11T18:22:20.600Z,34.7073060,-76.7315174,1342.788,-24.20,-54.28,-13.16,6.383,9.020,1.41,16
$GNSS,2024-10-11T18:22:20.800Z,34.7072623,-76.7316359,1345.498,-24.26,-54.15,-13.13,6.379,9.027,1.43,16
$GNSS,2024-10-11T18:22:21.000Z,34.7072199,-76.7317534,1348.024,-23.69,-53.93,-13.03,6.377,9.034,1.46,16
$GNSS,2024-10-11T18:22:21.200Z,34.7071774,-76.7318700,1350.838,-23.70,-53.30,-13.31,6.377,9.044,1.49,16
$GNSS,2024-10-11T18:22:21.400Z,34.7071345,-76.7319861,1353.361,-23.88,-53.18,-13.08,6.380,9.053,1.51,16
$GNSS,2024-10-11T18:22:21.600Z,34.7070921,-76.7321021,1355.823,-23.68,-53.38,-12.96,6.389,9.063,1.57,14
$GNSS,2024-10-11T18:22:21.800Z,34.7070521,-76.7322172,1358.200,-22.38,-53.21,-13.01,6.406,9.081,1.66,12
$GNSS,2024-10-11T18:22:22.000Z,34.7070123,-76.7323326,1360.502,-22.30,-53.35,-12.97,6.425,9.096,1.65,13
$GNSS,2024-10-11T18:22:22.200Z,34.7069722,-76.7324482,1362.941,-22.47,-53.37,-13.16,6.443,9.112,1.62,13
$GNSS,2024-10-11T18:22:22.400Z,34.7069324,-76.7325641,1365.327,-22.27,-53.35,-13.11,6.459,9.120,1.55,14
$GNSS,2024-10-11T18:22:22.600Z,34.7068909,-76.7326809,1367.577,-23.03,-53.40,-12.72,6.475,9.133,1.57,13
$GNSS,2024-10-11T18:22:22.800Z,34.7068489,-76.7327978,1369.784,-23.33,-53.60,-12.48,6.491,9.148,1.58,13
$GNSS,2024-10-11T18:22:23.000Z,34.7068074,-76.7329139,1372.094,-23.21,-53.24,-12.50,6.512,9.163,1.61,13
$GNSS,2024-10-11T18:22:23.200Z,34.7067669,-76.7330296,1374.388,-22.52,-53.26,-12.56,6.528,9.176,1.58,14
$GNSS,2024-10-11T18:22:23.400Z,34.7067267,-76.7331443,1376.381,-22.41,-52.85,-12.14,6.545,9.192,1.59,14
$GNSS,2024-10-11T18:22:23.600Z,34.7066864,-76.7332600,1378.365,-22.32,-53.22,-11.80,6.569,9.213,1.61,13
$GNSS,2024-10-11T18:22:23.800Z,34.7066461,-76.7333763,1380.348,-22.34,-53.48,-11.60,6.589,9.236,1.64,13
$GNSS,2024-10-11T18:22:24.000Z,34.7066061,-76.7334922,1382.510,-22.21,-53.46,-11.89,6.609,9.261,1.65,13
$GNSS,2024-10-11T18:22:24.200Z,34.7065668,-76.7336079,1384.499,-22.09,-53.63,-12.00,6.632,9.292,1.67,12
$GNSS,2024-10-11T18:22:24.400Z,34.7065269,-76.7337232,1386.681,-22.27,-53.26,-12.04,6.647,9.323,1.61,13
$GNSS,2024-10-11T18:22:24.600Z,34.7064874,-76.7338378,1388.828,-22.04,-52.72,-11.76,6.655,9.354,1.60,14
$GNSS,2024-10-11T18:22:24.800Z,34.7064475,-76.7339527,1391.066,-22.10,-52.72,-11.77,6.662,9.383,1.58,14
$GNSS,2024-10-11T18:22:25.000Z,34.7064090,-76.7340692,1393.318,-21.27,-53.27,-11.62,6.668,9.412,1.56,14
$GNSS,2024-10-11T18:22:25.200Z,34.7063695,-76.7341847,1395.469,-21.93,-52.96,-11.36,6.674,9.440,1.57,14
$GNSS,2024-10-11T18:22:25.400Z,34.7063302,-76.7342994,1397.420,-22.05,-53.05,-11.30,6.678,9.465,1.56,14
$GNSS,2024-10-11T18:22:25.600Z,34.7062888,-76.7344169,1399.905,-22.71,-53.43,-11.54,6.683,9.495,1.64,14
$GNSS,2024-10-11T18:22:25.800Z,34.7062473,-76.7345350,1402.400,-22.75,-53.79,-11.69,6.691,9.527,1.65,14
$GNSS,2024-10-11T18:22:26.000Z,34.7062064,-76.7346529,1404.743,-22.54,-53.88,-11.49,6.698,9.557,1.65,14
$GNSS,2024-10-11T18:22:26.200Z,34.7061654,-76.7347702,1407.192,-22.58,-53.32,-11.37,6.710,9.591,1.68,13
$GNSS,2024-10-11T18:22:26.400Z,34.7061252,-76.7348880,1409.525,-22.02,-53.64,-11.08,6.723,9.632,1.66,13
$GNSS,2024-10-11T18:22:26.600Z,34.7060846,-76.7350063,1411.841,-22.32,-53.96,-11.21,6.729,9.666,1.58,14
$GNSS,2024-10-11T18:22:26.800Z,34.7060445,-76.7351229,1413.992,-22.36,-53.46,-11.17,6.733,9.701,1.56,14
$GNSS,2024-10-11T18:22:27.000Z,34.7060067,-76.7352356,1415.644,-21.78,-52.90,-11.20,6.710,9.694,1.49,15
$GNSS,2024-10-11T18:22:27.200Z,34.7059674,-76.7353492,1417.383,-22.42,-53.23,-11.63,6.694,9.713,1.47,13
$GNSS,2024-10-11T18:22:27.400Z,34.7059290,-76.7354634,1419.295,-21.86,-53.35,-11.96,6.670,9.705,1.47,15
$GNSS,2024-10-11T18:22:27.600Z,34.7058908,-76.7355776,1421.167,-21.75,-53.17,-11.78,6.646,9.695,1.45,15
$GNSS,2024-10-11T18:22:27.800Z,34.7058521,-76.7356914,1422.717,-22.12,-53.16,-11.11,6.620,9.678,1.42,15
$GNSS,2024-10-11T18:22:28.000Z,34.7058133,-76.7358065,1424.484,-22.07,-53.52,-11.00,6.596,9.663,1.47,15
$GNSS,2024-10-11T18:22:28.200Z,34.7057742,-76.7359219,1426.357,-22.09,-53.38,-10.92,6.571,9.648,1.43,15
$GNSS,2024-10-11T18:22:28.400Z,34.7057355,-76.7360360,1428.241,-21.85,-52.67,-10.68,6.546,9.629,1.37,15
$GNSS,2024-10-11T18:22:28.600Z,34.7056968,-76.7361498,1430.125,-21.88,-52.78,-10.93,6.520,9.610,1.37,15
$GNSS,2024-10-11T18:22:28.800Z,34.7056567,-76.7362654,1431.924,-22.64,-53.39,-10.59,6.494,9.594,1.39,15
$GNSS,2024-10-11T18:22:29.000Z,34.7056156,-76.7363823,1433.896,-23.02,-53.80,-10.55,6.467,9.571,1.34,15
$GNSS,2024-10-11T18:22:29.200Z,34.7055752,-76.7365005,1436.398,-22.45,-53.79,-10.97,6.441,9.556,1.45,15
$GNSS,2024-10-11T18:22:29.400Z,34.7055363,-76.7366179,1438.503,-21.76,-53.86,-10.76,6.417,9.540,1.42,15
$GNSS,2024-10-11T18:22:29.600Z,34.7054983,-76.7367348,1440.492,-21.34,-53.72,-10.66,6.396,9.532,1.43,14
$GNSS,2024-10-11T18:22:29.800Z,34.7054605,-76.7368520,1442.463,-21.23,-53.84,-10.54,6.377,9.523,1.41,14
$GNSS,2024-10-11T18:22:30.000Z,34.7054218,-76.7369711,1444.324,-21.65,-54.93,-10.69,6.361,9.521,1.42,13
$GNSS,2024-10-11T18:22:30.200Z,34.7053835,-76.7370901,1446.197,-21.51,-54.75,-10.50,6.346,9.523,1.43,13
$GNSS,2024-10-11T18:22:30.400Z,34.7053447,-76.7372089,1448.315,-21.70,-54.65,-10.98,6.332,9.525,1.45,13
$GNSS,2024-10-11T18:22:30.600Z,34.7053065,-76.7373269,1450.322,-21.39,-54.17,-10.81,6.322,9.529,1.51,13
$GNSS,2024-10-11T18:22:30.800Z,34.7052670,-76.7374449,1452.611,-21.96,-53.81,-10.80,6.313,9.544,1.47,12
$GNSS,2024-10-11T18:22:31.000Z,34.7052283,-76.7375625,1454.460,-21.62,-54.02,-10.27,6.306,9.555,1.54,13
$GNSS,2024-10-11T18:22:31.200Z,34.7051901,-76.7376804,1456.157,-21.36,-54.27,-9.91,6.300,9.566,1.50,13
$GNSS,2024-10-11T18:22:31.400Z,34.7051501,-76.7377987,1457.904,-22.28,-54.48,-10.10,6.296,9.579,1.56,13
$GNSS,2024-10-11T18:22:31.600Z,34.7051100,-76.7379155,1460.044,-22.47,-54.21,-10.18,6.294,9.577,1.45,13
$GNSS,2024-10-11T18:22:31.800Z,34.7050704,-76.7380326,1461.743,-22.45,-54.85,-10.09,6.292,9.572,1.44,13
$GNSS,2024-10-11T18:22:32.000Z,34.7050308,-76.7381498,1463.456,-22.48,-54.75,-9.85,6.289,9.568,1.44,13
$GNSS,2024-10-11T18:22:32.200Z,34.7049897,-76.7382684,1465.634,-22.93,-54.76,-10.06,6.302,9.590,1.50,12
$GNSS,2024-10-11T18:22:32.400Z,34.7049476,-76.7383880,1467.674,-23.40,-54.99,-9.62,6.317,9.615,1.50,12
$GNSS,2024-10-11T18:22:32.600Z,34.7049061,-76.7385067,1469.614,-23.28,-54.92,-9.63,6.332,9.633,1.47,13
$GNSS,2024-10-11T18:22:32.800Z,34.7048673,-76.7386249,1471.310,-21.98,-54.89,-9.44,6.346,9.652,1.46,13
$GNSS,2024-10-11T18:22:33.000Z,34.7048284,-76.7387429,1473.195,-21.89,-54.57,-9.47,6.362,9.677,1.44,13
$GNSS,2024-10-11T18:22:33.200Z,34.7047882,-76.7388612,1475.061,-22.48,-54.86,-9.74,6.379,9.704,1.49,13
$GNSS,2024-10-11T18:22:33.400Z,34.7047471,-76.7389795,1476.865,-23.03,-54.50,-9.34,6.403,9.736,1.55,13
$GNSS,2024-10-11T18:22:33.600Z,34.7047056,-76.7390986,1478.688,-23.23,-54.86,-9.02,6.428,9.757,1.55,14
$GNSS,2024-10-11T18:22:33.800Z,34.7046629,-76.7392188,1480.703,-23.66,-55.22,-9.24,6.451,9.772,1.56,14
$GNSS,2024-10-11T18:22:34.000Z,34.7046195,-76.7393392,1482.735,-24.06,-55.53,-9.69,6.474,9.787,1.52,14
$GNSS,2024-10-11T18:22:34.200Z,34.7045767,-76.7394594,1484.426,-24.09,-55.59,-9.35,6.498,9.800,1.54,14
$GNSS,2024-10-11T18:22:34.400Z,34.7045359,-76.7395812,1486.158,-23.19,-55.90,-8.64,6.528,9.825,1.60,13
$GNSS,2024-10-11T18:22:34.600Z,34.7044948,-76.7397038,1488.169,-22.89,-56.08,-8.84,6.548,9.837,1.53,14
$GNSS,2024-10-11T18:22:34.800Z,34.7044546,-76.7398251,1490.229,-22.51,-55.60,-9.25,6.567,9.847,1.43,14
$GNSS,2024-10-11T18:22:35.000Z,34.7044150,-76.7399455,1492.080,-22.33,-55.30,-9.30,6.586,9.860,1.42,14
$GNSS,2024-10-11T18:22:35.200Z,34.7043750,-76.7400665,1494.016,-22.47,-55.61,-9.43,6.606,9.871,1.44,14
$GNSS,2024-10-11T18:22:35.400Z,34.7043358,-76.7401867,1495.717,-22.21,-55.33,-9.14,6.626,9.885,1.43,14
$GNSS,2024-10-11T18:22:35.600Z,34.7042963,-76.7403077,1497.964,-22.05,-54.79,-9.49,6.641,9.889,1.44,15
$GNSS,2024-10-11T18:22:35.800Z,34.7042568,-76.7404290,1499.904,-22.19,-55.28,-9.34,6.656,9.889,1.42,15
$GNSS,2024-10-11T18:22:36.000Z,34.7042160,-76.7405524,1501.941,-22.59,-56.01,-9.25,6.671,9.888,1.42,14
$GNSS,2024-10-11T18:22:36.200Z,34.7041761,-76.7406757,1503.833,-22.36,-56.09,-9.03,6.687,9.889,1.45,14
$GNSS,2024-10-11T18:22:36.400Z,34.7041340,-76.7407999,1505.771,-23.50,-56.34,-9.09,6.710,9.890,1.53,13
$GNSS,2024-10-11T18:22:36.600Z,34.7040928,-76.7409236,1507.639,-23.20,-56.60,-9.35,6.739,9.901,1.60,13
$GNSS,2024-10-11T18:22:36.800Z,34.7040512,-76.7410466,1509.158,-23.58,-56.64,-9.02,6.770,9.910,1.63,13
$GNSS,2024-10-11T18:22:37.000Z,34.7040106,-76.7411697,1510.608,-23.18,-56.94,-8.84,6.799,9.915,1.55,13
$GNSS,2024-10-11T18:22:37.200Z,34.7039714,-76.7412926,1512.105,-22.52,-56.73,-8.73,6.827,9.922,1.49,12
$GNSS,2024-10-11T18:22:37.400Z,34.7039324,-76.7414155,1513.476,-22.27,-56.99,-8.58,6.856,9.930,1.50,12
$GNSS,2024-10-11T18:22:37.600Z,34.7038943,-76.7415342,1514.341,-22.41,-56.63,-8.71,6.854,9.898,1.43,13
$GNSS,2024-10-11T18:22:37.800Z,34.7038569,-76.7416517,1515.168,-22.08,-56.27,-8.77,6.851,9.870,1.41,13
$GNSS,2024-10-11T18:22:38.000Z,34.7038167,-76.7417746,1517.013,-22.51,-56.54,-9.21,6.878,9.889,1.46,12
$GNSS,2024-10-11T18:22:38.200Z,34.7037772,-76.7418952,1518.551,-22.74,-56.36,-9.40,6.875,9.869,1.42,13
$GNSS,2024-10-11T18:22:38.400Z,34.7037364,-76.7420196,1520.486,-23.02,-56.61,-9.13,6.899,9.884,1.46,14
$GNSS,2024-10-11T18:22:38.600Z,34.7036956,-76.7421449,1522.407,-23.02,-57.11,-9.02,6.927,9.904,1.56,14
$GNSS,2024-10-11T18:22:38.800Z,34.7036560,-76.7422703,1524.508,-22.48,-57.27,-9.40,6.959,9.926,1.60,14
$GNSS,2024-10-11T18:22:39.000Z,34.7036168,-76.7423941,1526.226,-22.23,-57.00,-9.35,7.001,9.958,1.73,13
$GNSS,2024-10-11T18:22:39.200Z,34.7035768,-76.7425178,1527.779,-22.57,-57.16,-9.23,7.046,9.992,1.74,13
$GNSS,2024-10-11T18:22:39.400Z,34.7035379,-76.7426411,1529.763,-22.13,-56.80,-9.69,7.075,10.022,1.55,15
$GNSS,2024-10-11T18:22:39.600Z,34.7034990,-76.7427638,1531.586,-22.06,-56.58,-9.73,7.104,10.056,1.52,15
$GNSS,2024-10-11T18:22:39.800Z,34.7034604,-76.7428866,1533.529,-21.92,-56.39,-9.79,7.127,10.083,1.44,15
$GNSS,2024-10-11T18:22:40.000Z,34.7034220,-76.7430102,1535.694,-21.68,-56.76,-10.32,7.149,10.107,1.44,15
$GNSS,2024-10-11T18:22:40.200Z,34.7033831,-76.7431350,1538.054,-21.80,-56.90,-10.61,7.170,10.124,1.46,16
$GNSS,2024-10-11T18:22:40.400Z,34.7033436,-76.7432586,1540.307,-22.26,-56.80,-10.91,7.189,10.138,1.42,16
$GNSS,2024-10-11T18:22:40.600Z,34.7033057,-76.7433827,1542.668,-21.43,-56.75,-11.01,7.208,10.154,1.41,16
$GNSS,2024-10-11T18:22:40.800Z,34.7032680,-76.7435063,1544.984,-21.33,-56.55,-11.18,7.225,10.170,1.39,15
$GNSS,2024-10-11T18:22:41.000Z,34.7032298,-76.7436278,1547.115,-21.74,-56.05,-11.22,7.244,10.188,1.41,15
$GNSS,2024-10-11T18:22:41.200Z,34.7031907,-76.7437477,1548.938,-22.34,-56.35,-11.32,7.260,10.202,1.41,15
$GNSS,2024-10-11T18:22:41.400Z,34.7031516,-76.7438706,1550.961,-22.21,-57.33,-11.42,7.274,10.214,1.39,15
$GNSS,2024-10-11T18:22:41.600Z,34.7031129,-76.7439931,1552.962,-22.11,-57.23,-11.56,7.286,10.224,1.37,15
$GNSS,2024-10-11T18:22:41.800Z,34.7030737,-76.7441160,1555.114,-22.29,-57.02,-11.72,7.302,10.236,1.41,15
$GNSS,2024-10-11T18:22:42.000Z,34.7030339,-76.7442392,1557.444,-22.48,-56.54,-11.73,7.324,10.254,1.47,15
$GNSS,2024-10-11T18:22:42.200Z,34.7029942,-76.7443648,1559.748,-22.21,-56.78,-11.06,7.347,10.269,1.47,15
$GNSS,2024-10-11T18:22:42.400Z,34.7029543,-76.7444914,1561.928,-22.31,-57.45,-10.65,7.370,10.285,1.48,15
$GNSS,2024-10-11T18:22:42.600Z,34.7029138,-76.7446179,1564.187,-22.64,-57.36,-10.54,7.389,10.294,1.43,15
$GNSS,2024-10-11T18:22:42.800Z,34.7028738,-76.7447441,1566.626,-22.43,-57.53,-11.09,7.416,10.304,1.47,14
$GNSS,2024-10-11T18:22:43.000Z,34.7028333,-76.7448695,1568.829,-22.84,-57.48,-11.24,7.444,10.316,1.50,14
$GNSS,2024-10-11T18:22:43.200Z,34.7027950,-76.7449952,1571.109,-21.55,-57.41,-11.18,7.474,10.323,1.52,14
$GNSS,2024-10-11T18:22:43.400Z,34.7027581,-76.7451196,1573.045,-20.91,-57.39,-10.87,7.503,10.323,1.45,14
$GNSS,2024-10-11T18:22:43.600Z,34.7027214,-76.7452453,1575.381,-20.65,-57.08,-10.95,7.535,10.323,1.50,14
$GNSS,2024-10-11T18:22:43.800Z,34.7026842,-76.7453718,1578.040,-20.82,-57.09,-11.42,7.569,10.321,1.50,14
$GNSS,2024-10-11T18:22:44.000Z,34.7026461,-76.7454956,1580.056,-21.60,-57.09,-11.30,7.579,10.283,1.56,15
$GNSS,2024-10-11T18:22:44.200Z,34.7026071,-76.7456188,1582.002,-22.14,-57.51,-11.51,7.586,10.243,1.58,15
$GNSS,2024-10-11T18:22:44.400Z,34.7025673,-76.7457455,1584.665,-22.22,-57.48,-11.98,7.589,10.198,1.55,15
$GNSS,2024-10-11T18:22:44.600Z,34.7025287,-76.7458713,1586.968,-21.76,-57.90,-12.09,7.594,10.157,1.50,15
$GNSS,2024-10-11T18:22:44.800Z,34.7024906,-76.7459986,1589.120,-21.50,-58.37,-11.71,7.595,10.110,1.47,15
$GNSS,2024-10-11T18:22:45.000Z,34.7024547,-76.7461236,1591.082,-20.41,-58.21,-11.59,7.596,10.072,1.45,15
$GNSS,2024-10-11T18:22:45.200Z,34.7024196,-76.7462484,1593.252,-20.09,-58.12,-11.82,7.608,10.040,1.56,14
$GNSS,2024-10-11T18:22:45.400Z,34.7023831,-76.7463738,1595.753,-20.81,-57.60,-12.18,7.622,10.011,1.62,14
$GNSS,2024-10-11T18:22:45.600Z,34.7023465,-76.7464988,1598.148,-20.75,-57.92,-12.59,7.636,9.985,1.69,12
$GNSS,2024-10-11T18:22:45.800Z,34.7023091,-76.7466274,1600.608,-20.78,-58.21,-12.34,7.655,9.964,1.64,11
$GNSS,2024-10-11T18:22:46.000Z,34.7022735,-76.7467533,1602.435,-20.16,-58.55,-11.86,7.672,9.945,1.66,11
$GNSS,2024-10-11T18:22:46.200Z,34.7022366,-76.7468816,1604.661,-20.75,-58.89,-11.91,7.692,9.927,1.69,11
$GNSS,2024-10-11T18:22:46.400Z,34.7021992,-76.7470095,1606.798,-21.05,-59.05,-11.88,7.709,9.909,1.70,10
$GNSS,2024-10-11T18:22:46.600Z,34.7021612,-76.7471368,1609.079,-21.21,-58.27,-11.77,7.715,9.890,1.58,11
$GNSS,2024-10-11T18:22:46.800Z,34.7021247,-76.7472621,1611.148,-20.65,-58.39,-11.89,7.721,9.870,1.55,11
$GNSS,2024-10-11T18:22:47.000Z,34.7020878,-76.7473909,1613.582,-20.56,-59.00,-12.21,7.729,9.854,1.63,11
$GNSS,2024-10-11T18:22:47.200Z,34.7020509,-76.7475192,1615.939,-20.57,-58.64,-12.15,7.738,9.837,1.64,11
$GNSS,2024-10-11T18:22:47.400Z,34.7020151,-76.7476460,1618.342,-20.08,-58.27,-12.33,7.747,9.822,1.62,11
$GNSS,2024-10-11T18:22:47.600Z,34.7019778,-76.7477727,1620.609,-20.81,-58.19,-12.10,7.750,9.805,1.48,12
$GNSS,2024-10-11T18:22:47.800Z,34.7019405,-76.7478990,1622.685,-20.87,-58.21,-11.75,7.750,9.788,1.39,13
$GNSS,2024-10-11T18:22:48.000Z,34.7019032,-76.7480265,1624.775,-20.74,-58.42,-11.38,7.754,9.773,1.42,13
$GNSS,2024-10-11T18:22:48.200Z,34.7018672,-76.7481527,1627.105,-20.10,-58.02,-11.52,7.762,9.762,1.50,13
$GNSS,2024-10-11T18:22:48.400Z,34.7018320,-76.7482777,1629.568,-19.72,-57.16,-11.66,7.772,9.749,1.50,14
$GNSS,2024-10-11T18:22:48.600Z,34.7017978,-76.7484004,1631.819,-19.26,-56.71,-11.68,7.787,9.741,1.52,14
$GNSS,2024-10-11T18:22:48.800Z,34.7017618,-76.7485258,1634.049,-19.89,-57.31,-11.50,7.812,9.743,1.59,13
$GNSS,2024-10-11T18:22:49.000Z,34.7017261,-76.7486500,1636.194,-19.95,-56.73,-11.10,7.837,9.744,1.65,14
$GNSS,2024-10-11T18:22:49.200Z,34.7016898,-76.7487737,1638.295,-20.18,-56.67,-10.86,7.868,9.750,1.66,14
$GNSS,2024-10-11T18:22:49.400Z,34.7016528,-76.7488990,1640.624,-20.55,-57.28,-11.11,7.897,9.755,1.61,14
$GNSS,2024-10-11T18:22:49.600Z,34.7016155,-76.7490252,1642.807,-20.59,-57.40,-10.85,7.923,9.760,1.54,14
$GNSS,2024-10-11T18:22:49.800Z,34.7015794,-76.7491508,1644.972,-20.17,-57.38,-10.72,7.948,9.766,1.52,14
$GNSS,2024-10-11T18:22:50.000Z,34.7015432,-76.7492766,1647.206,-20.08,-57.47,-10.74,7.973,9.772,1.52,14
$GNSS,2024-10-11T18:22:50.200Z,34.7015078,-76.7494010,1649.155,-19.95,-57.69,-10.68,7.998,9.778,1.53,14
$GNSS,2024-10-11T18:22:50.400Z,34.7014724,-76.7495241,1650.954,-20.12,-57.50,-10.49,8.000,9.786,1.46,14
$GNSS,2024-10-11T18:22:50.600Z,34.7014358,-76.7496478,1652.876,-20.63,-57.45,-10.48,8.002,9.793,1.44,14
$GNSS,2024-10-11T18:22:50.800Z,34.7014000,-76.7497713,1654.592,-20.41,-58.00,-10.33,8.005,9.801,1.46,14
$GNSS,2024-10-11T18:22:51.000Z,34.7013632,-76.7498968,1656.419,-20.67,-58.11,-10.10,8.002,9.805,1.46,15
$GNSS,2024-10-11T18:22:51.200Z,34.7013251,-76.7500251,1658.663,-20.90,-58.19,-10.12,8.015,9.830,1.50,14
$GNSS,2024-10-11T18:22:51.400Z,34.7012872,-76.7501532,1660.891,-20.82,-58.30,-10.11,8.023,9.838,1.55,14
$GNSS,2024-10-11T18:22:51.600Z,34.7012495,-76.7502801,1662.935,-20.82,-58.25,-9.96,8.024,9.840,1.50,15
$GNSS,2024-10-11T18:22:51.800Z,34.7012119,-76.7504078,1665.174,-20.65,-58.28,-10.05,8.025,9.842,1.52,14
$GNSS,2024-10-11T18:22:52.000Z,34.7011749,-76.7505366,1667.486,-20.41,-58.56,-10.23,8.040,9.865,1.50,14
$GNSS,2024-10-11T18:22:52.200Z,34.7011371,-76.7506658,1670.045,-20.78,-58.11,-10.47,8.056,9.890,1.54,13
$GNSS,2024-10-11T18:22:52.400Z,34.7010991,-76.7507935,1672.277,-20.95,-58.03,-10.27,8.074,9.917,1.53,13
$GNSS,2024-10-11T18:22:52.600Z,34.7010615,-76.7509206,1674.354,-21.00,-58.11,-10.11,8.091,9.943,1.58,13
$GNSS,2024-10-11T18:22:52.800Z,34.7010241,-76.7510455,1676.233,-21.14,-57.57,-9.89,8.112,9.969,1.58,13
$GNSS,2024-10-11T18:22:53.000Z,34.7009879,-76.7511699,1678.094,-20.71,-57.92,-9.98,8.133,9.996,1.58,13
$GNSS,2024-10-11T18:22:53.200Z,34.7009509,-76.7512959,1680.294,-20.79,-57.74,-10.15,8.157,10.023,1.59,13
$GNSS,2024-10-11T18:22:53.400Z,34.7009143,-76.7514208,1682.441,-20.70,-57.49,-10.28,8.182,10.054,1.64,12
$GNSS,2024-10-11T18:22:53.600Z,34.7008781,-76.7515453,1684.544,-20.49,-57.36,-10.31,8.209,10.083,1.62,12
$GNSS,2024-10-11T18:22:53.800Z,34.7008423,-76.7516697,1686.573,-20.31,-57.45,-10.34,8.238,10.112,1.63,12
$GNSS,2024-10-11T18:22:54.000Z,34.7008064,-76.7517935,1688.683,-20.34,-56.98,-10.57,8.265,10.135,1.64,13
$GNSS,2024-10-11T18:22:54.200Z,34.7007697,-76.7519185,1690.856,-20.42,-56.81,-10.57,8.295,10.161,1.67,12
$GNSS,2024-10-11T18:22:54.400Z,34.7007320,-76.7520455,1693.149,-20.82,-57.50,-10.80,8.344,10.189,1.72,11
$GNSS,2024-10-11T18:22:54.600Z,34.7006941,-76.7521729,1695.320,-21.04,-58.09,-10.93,8.369,10.187,1.66,12
$GNSS,2024-10-11T18:22:54.800Z,34.7006555,-76.7523013,1697.794,-21.30,-58.29,-11.28,8.395,10.185,1.67,12
$GNSS,2024-10-11T18:22:55.000Z,34.7006180,-76.7524281,1699.779,-20.94,-58.08,-10.96,8.416,10.179,1.67,12
$GNSS,2024-10-11T18:22:55.200Z,34.7005802,-76.7525549,1701.535,-21.16,-58.44,-10.62,8.424,10.162,1.65,12
$GNSS,2024-10-11T18:22:55.400Z,34.7005409,-76.7526806,1703.386,-22.20,-58.30,-10.75,8.431,10.145,1.66,12
$GNSS,2024-10-11T18:22:55.600Z,34.7005003,-76.7528097,1705.368,-22.26,-58.70,-10.50,8.433,10.124,1.63,12
$GNSS,2024-10-11T18:22:55.800Z,34.7004621,-76.7529333,1707.049,-22.06,-58.36,-10.66,8.431,10.098,1.60,12
$GNSS,2024-10-11T18:22:56.000Z,34.7004240,-76.7530568,1708.650,-21.92,-58.00,-10.56,8.430,10.069,1.61,12
$GNSS,2024-10-11T18:22:56.200Z,34.7003850,-76.7531817,1710.181,-22.13,-58.32,-10.35,8.424,10.038,1.58,12
$GNSS,2024-10-11T18:22:56.400Z,34.7003460,-76.7533072,1712.054,-21.97,-58.05,-10.44,8.416,10.004,1.58,12
$GNSS,2024-10-11T18:22:56.600Z,34.7003078,-76.7534334,1714.237,-21.07,-57.62,-10.57,8.411,9.973,1.63,12
$GNSS,2024-10-11T18:22:56.800Z,34.7002690,-76.7535575,1716.041,-21.87,-57.47,-10.64,8.419,9.956,1.67,12
$GNSS,2024-10-11T18:22:57.000Z,34.7002304,-76.7536827,1718.026,-21.46,-57.50,-10.57,8.423,9.934,1.64,12
$GNSS,2024-10-11T18:22:57.200Z,34.7001925,-76.7538076,1720.002,-21.04,-57.39,-10.56,8.422,9.908,1.58,12
$GNSS,2024-10-11T18:22:57.400Z,34.7001538,-76.7539332,1722.012,-21.50,-57.99,-10.86,8.414,9.877,1.59,12
$GNSS,2024-10-11T18:22:57.600Z,34.7001142,-76.7540600,1724.107,-21.94,-58.19,-10.98,8.409,9.848,1.62,12
$GNSS,2024-10-11T18:22:57.800Z,34.7000748,-76.7541859,1725.728,-22.16,-58.55,-10.62,8.407,9.821,1.63,12
$GNSS,2024-10-11T18:22:58.000Z,34.7000354,-76.7543123,1727.363,-22.19,-58.81,-10.41,8.405,9.791,1.61,12
$GNSS,2024-10-11T18:22:58.200Z,34.6999944,-76.7544403,1729.275,-22.69,-58.64,-10.28,8.406,9.768,1.62,12
$GNSS,2024-10-11T18:22:58.400Z,34.6999531,-76.7545696,1731.402,-22.61,-58.92,-10.34,8.413,9.753,1.63,12
$GNSS,2024-10-11T18:22:58.600Z,34.6999109,-76.7546995,1733.404,-22.96,-58.95,-10.01,8.421,9.737,1.64,12
$GNSS,2024-10-11T18:22:58.800Z,34.6998702,-76.7548284,1735.348,-22.55,-58.90,-9.83,8.429,9.719,1.62,13
$GNSS,2024-10-11T18:22:59.000Z,34.6998308,-76.7549565,1737.341,-21.80,-58.87,-9.87,8.438,9.702,1.63,12
$GNSS,2024-10-11T18:22:59.200Z,34.6997923,-76.7550843,1739.547,-21.36,-58.79,-10.28,8.449,9.686,1.63,12
$GNSS,2024-10-11T18:22:59.400Z,34.6997530,-76.7552131,1741.625,-21.53,-58.92,-10.25,8.463,9.673,1.71,12
$GNSS,2024-10-11T18:22:59.600Z,34.6997135,-76.7553429,1743.718,-21.55,-59.11,-10.10,8.478,9.664,1.64,12
$GNSS,2024-10-11T18:22:59.800Z,34.6996743,-76.7554709,1745.878,-21.61,-58.83,-10.26,8.459,9.653,1.50,14
$GNSS,2024-10-11T18:23:00.000Z,34.6996358,-76.7555984,1748.016,-21.27,-58.77,-10.38,8.444,9.647,1.50,14
$GNSS,2024-10-11T18:23:00.200Z,34.6995964,-76.7557271,1750.299,-21.49,-58.95,-10.41,8.432,9.645,1.50,13
$GNSS,2024-10-11T18:23:00.400Z,34.6995571,-76.7558538,1752.574,-21.81,-58.54,-10.69,8.419,9.645,1.51,13
$GNSS,2024-10-11T18:23:00.600Z,34.6995180,-76.7559789,1754.780,-21.94,-58.23,-10.97,8.408,9.646,1.51,13
$GNSS,2024-10-11T18:23:00.800Z,34.6994785,-76.7561047,1757.092,-21.87,-58.11,-11.13,8.400,9.654,1.49,12
$GNSS,2024-10-11T18:23:01.000Z,34.6994407,-76.7562281,1758.952,-21.52,-58.04,-11.02,8.397,9.662,1.54,12
$GNSS,2024-10-11T18:23:01.200Z,34.6994026,-76.7563496,1760.620,-22.06,-57.66,-10.92,8.393,9.670,1.51,12
$GNSS,2024-10-11T18:23:01.400Z,34.6993640,-76.7564711,1762.355,-22.14,-57.34,-10.79,8.392,9.682,1.53,12
$GNSS,2024-10-11T18:23:01.600Z,34.6993261,-76.7565928,1764.245,-21.91,-57.64,-11.11,8.393,9.699,1.55,12
$GNSS,2024-10-11T18:23:01.800Z,34.6992886,-76.7567153,1766.275,-21.58,-57.91,-11.50,8.396,9.718,1.60,12
$GNSS,2024-10-11T18:23:02.000Z,34.6992485,-76.7568409,1768.578,-22.24,-58.24,-11.74,8.401,9.740,1.63,12
$GNSS,2024-10-11T18:23:02.200Z,34.6992106,-76.7569643,1770.809,-21.78,-57.95,-12.25,8.406,9.766,1.69,11
$GNSS,2024-10-11T18:23:02.400Z,34.6991703,-76.7570893,1773.208,-22.18,-57.45,-12.31,8.414,9.798,1.69,11
$GNSS,2024-10-11T18:23:02.600Z,34.6991297,-76.7572134,1775.713,-22.26,-56.97,-12.44,8.415,9.830,1.68,11
$GNSS,2024-10-11T18:23:02.800Z,34.6990889,-76.7573395,1778.213,-21.89,-57.20,-12.27,8.418,9.859,1.70,11
$GNSS,2024-10-11T18:23:03.000Z,34.6990485,-76.7574669,1780.808,-21.51,-57.46,-12.14,8.423,9.892,1.71,11
$GNSS,2024-10-11T18:23:03.200Z,34.6990099,-76.7575937,1783.100,-21.06,-58.01,-12.03,8.427,9.927,1.71,11
$GNSS,2024-10-11T18:23:03.400Z,34.6989708,-76.7577207,1785.239,-21.53,-58.46,-12.00,8.431,9.965,1.72,11
$GNSS,2024-10-11T18:23:03.600Z,34.6989309,-76.7578497,1787.313,-21.78,-58.95,-11.69,8.434,10.002,1.72,11
$GNSS,2024-10-11T18:23:03.800Z,34.6988906,-76.7579791,1789.122,-22.17,-59.31,-11.23,8.438,10.043,1.73,11
$GNSS,2024-10-11T18:23:04.000Z,34.6988495,-76.7581088,1791.142,-22.41,-59.27,-10.98,8.443,10.084,1.73,11
$GNSS,2024-10-11T18:23:04.200Z,34.6988079,-76.7582382,1793.222,-22.55,-59.09,-10.76,8.457,10.126,1.82,10
$GNSS,2024-10-11T18:23:04.400Z,34.6987670,-76.7583666,1795.334,-22.28,-58.70,-10.64,8.467,10.155,1.74,11
$GNSS,2024-10-11T18:23:04.600Z,34.6987254,-76.7584959,1797.468,-22.57,-59.05,-10.82,8.463,10.171,1.69,12
$GNSS,2024-10-11T18:23:04.800Z,34.6986842,-76.7586250,1799.582,-22.24,-58.96,-10.83,8.458,10.190,1.73,12
$GNSS,2024-10-11T18:23:05.000Z,34.6986439,-76.7587546,1801.576,-21.83,-59.16,-10.76,8.453,10.218,1.73,12
$GNSS,2024-10-11T18:23:05.200Z,34.6986035,-76.7588842,1803.666,-21.92,-59.21,-10.85,8.449,10.246,1.71,12
$GNSS,2024-10-11T18:23:05.400Z,34.6985642,-76.7590129,1805.381,-21.64,-58.88,-10.43,8.444,10.265,1.65,12
$GNSS,2024-10-11T18:23:05.600Z,34.6985248,-76.7591412,1806.787,-21.88,-58.78,-9.87,8.438,10.283,1.63,12
$GNSS,2024-10-11T18:23:05.800Z,34.6984855,-76.7592691,1808.243,-22.05,-58.89,-9.76,8.433,10.303,1.62,12
$GNSS,2024-10-11T18:23:06.000Z,34.6984454,-76.7593979,1809.996,-22.18,-59.18,-10.00,8.426,10.324,1.59,12
$GNSS,2024-10-11T18:23:06.200Z,34.6984062,-76.7595262,1811.890,-21.85,-59.17,-10.43,8.418,10.328,1.57,13
$GNSS,2024-10-11T18:23:06.400Z,34.6983667,-76.7596553,1813.866,-21.81,-59.22,-10.73,8.408,10.332,1.56,13
$GNSS,2024-10-11T18:23:06.600Z,34.6983282,-76.7597835,1815.948,-21.34,-58.88,-11.01,8.397,10.341,1.53,13
$GNSS,2024-10-11T18:23:06.800Z,34.6982893,-76.7599111,1818.019,-21.62,-58.60,-11.31,8.384,10.350,1.53,13
$GNSS,2024-10-11T18:23:07.000Z,34.6982492,-76.7600395,1820.282,-21.92,-58.62,-11.54,8.372,10.359,1.55,13
$GNSS,2024-10-11T18:23:07.200Z,34.6982108,-76.7601676,1822.358,-21.47,-59.10,-11.80,8.359,10.371,1.50,13
$GNSS,2024-10-11T18:23:07.400Z,34.6981732,-76.7602953,1824.795,-20.81,-58.57,-12.17,8.349,10.381,1.53,13
$GNSS,2024-10-11T18:23:07.600Z,34.6981350,-76.7604217,1827.605,-20.91,-57.98,-12.90,8.340,10.383,1.54,14
$GNSS,2024-10-11T18:23:07.800Z,34.6980974,-76.7605468,1830.333,-20.72,-57.38,-13.32,8.330,10.384,1.48,14
$GNSS,2024-10-11T18:23:08.000Z,34.6980616,-76.7606697,1832.657,-20.34,-56.75,-13.23,8.323,10.389,1.46,13
$GNSS,2024-10-11T18:23:08.200Z,34.6980256,-76.7607932,1835.200,-20.12,-56.92,-13.41,8.317,10.396,1.49,13
$GNSS,2024-10-11T18:23:08.400Z,34.6979889,-76.7609170,1838.001,-20.36,-56.72,-13.72,8.311,10.400,1.47,13
$GNSS,2024-10-11T18:23:08.600Z,34.6979514,-76.7610418,1840.673,-20.38,-56.75,-13.61,8.319,10.406,1.53,12
$GNSS,2024-10-11T18:23:08.800Z,34.6979139,-76.7611660,1843.220,-20.50,-56.52,-13.44,8.327,10.406,1.55,12
$GNSS,2024-10-11T18:23:09.000Z,34.6978747,-76.7612915,1845.852,-21.17,-56.81,-13.35,8.336,10.409,1.57,12
$GNSS,2024-10-11T18:23:09.200Z,34.6978353,-76.7614186,1848.110,-21.15,-57.37,-12.76,8.343,10.408,1.51,12
$GNSS,2024-10-11T18:23:09.400Z,34.6977970,-76.7615446,1850.477,-21.04,-57.33,-12.60,8.351,10.409,1.51,12
$GNSS,2024-10-11T18:23:09.600Z,34.6977593,-76.7616712,1852.816,-20.63,-57.59,-12.42,8.364,10.415,1.53,12
$GNSS,2024-10-11T18:23:09.800Z,34.6977228,-76.7617944,1854.927,-20.91,-57.02,-12.50,8.381,10.439,1.56,11
$GNSS,2024-10-11T18:23:10.000Z,34.6976864,-76.7619172,1856.862,-20.92,-56.86,-12.40,8.397,10.448,1.57,12
$GNSS,2024-10-11T18:23:10.200Z,34.6976508,-76.7620378,1859.001,-20.88,-56.42,-12.70,8.414,10.453,1.60,12
$GNSS,2024-10-11T18:23:10.400Z,34.6976147,-76.7621588,1861.187,-20.63,-55.87,-12.76,8.419,10.439,1.57,13
$GNSS,2024-10-11T18:23:10.600Z,34.6975795,-76.7622803,1863.374,-19.76,-55.89,-12.68,8.427,10.433,1.59,13
$GNSS,2024-10-11T18:23:10.800Z,34.6975447,-76.7624009,1865.525,-19.98,-55.69,-12.78,8.428,10.413,1.65,14
$GNSS,2024-10-11T18:23:11.000Z,34.6975107,-76.7625195,1867.783,-19.82,-55.11,-13.14,8.429,10.394,1.59,14
$GNSS,2024-10-11T18:23:11.200Z,34.6974747,-76.7626405,1869.920,-20.06,-55.28,-12.89,8.427,10.375,1.57,14
$GNSS,2024-10-11T18:23:11.400Z,34.6974378,-76.7627613,1872.038,-20.72,-55.42,-12.87,8.425,10.357,1.53,14
$GNSS,2024-10-11T18:23:11.600Z,34.6974015,-76.7628806,1874.057,-20.75,-55.07,-12.77,8.426,10.344,1.59,14
$GNSS,2024-10-11T18:23:11.800Z,34.6973642,-76.7630014,1876.191,-20.87,-55.49,-12.76,8.425,10.330,1.54,14
$GNSS,2024-10-11T18:23:12.000Z,34.6973269,-76.7631244,1878.550,-20.33,-55.54,-12.52,8.428,10.325,1.54,14
$GNSS,2024-10-11T18:23:12.200Z,34.6972887,-76.7632475,1880.835,-20.64,-55.38,-12.17,8.431,10.317,1.53,14
$GNSS,2024-10-11T18:23:12.400Z,34.6972500,-76.7633717,1883.454,-20.78,-55.62,-12.19,8.438,10.315,1.55,13
$GNSS,2024-10-11T18:23:12.600Z,34.6972142,-76.7634943,1885.815,-19.74,-55.47,-11.99,8.448,10.312,1.56,13
$GNSS,2024-10-11T18:23:12.800Z,34.6971786,-76.7636169,1888.086,-19.86,-56.16,-12.22,8.456,10.301,1.60,13
$GNSS,2024-10-11T18:23:13.000Z,34.6971421,-76.7637412,1890.516,-20.01,-56.43,-12.28,8.465,10.292,1.60,13
$GNSS,2024-10-11T18:23:13.200Z,34.6971063,-76.7638641,1892.704,-19.84,-56.08,-12.08,8.473,10.275,1.62,14
$GNSS,2024-10-11T18:23:13.400Z,34.6970701,-76.7639876,1894.749,-19.70,-55.85,-11.45,8.478,10.255,1.58,14
$GNSS,2024-10-11T18:23:13.600Z,34.6970325,-76.7641120,1896.771,-20.34,-56.16,-11.07,8.479,10.231,1.58,14
$GNSS,2024-10-11T18:23:13.800Z,34.6969956,-76.7642356,1898.973,-20.24,-56.15,-11.14,8.492,10.226,1.58,13
$GNSS,2024-10-11T18:23:14.000Z,34.6969579,-76.7643611,1901.379,-20.40,-56.56,-11.34,8.509,10.219,1.65,13
$GNSS,2024-10-11T18:23:14.200Z,34.6969207,-76.7644849,1903.891,-20.55,-56.22,-11.77,8.530,10.213,1.64,12
$GNSS,2024-10-11T18:23:14.400Z,34.6968842,-76.7646084,1906.090,-20.33,-56.43,-11.75,8.551,10.206,1.62,12
$GNSS,2024-10-11T18:23:14.600Z,34.6968483,-76.7647307,1908.215,-20.23,-56.40,-11.87,8.559,10.175,1.59,13
$GNSS,2024-10-11T18:23:14.800Z,34.6968119,-76.7648550,1910.367,-20.03,-56.58,-11.59,8.568,10.146,1.59,13
$GNSS,2024-10-11T18:23:15.000Z,34.6967754,-76.7649777,1912.513,-20.32,-56.00,-11.48,8.578,10.120,1.57,13
$GNSS,2024-10-11T18:23:15.200Z,34.6967416,-76.7650965,1914.294,-19.63,-55.86,-11.57,8.589,10.094,1.55,13
$GNSS,2024-10-11T18:23:15.400Z,34.6967075,-76.7652150,1916.470,-19.44,-55.00,-11.93,8.600,10.067,1.60,13
$GNSS,2024-10-11T18:23:15.600Z,34.6966734,-76.7653349,1918.894,-19.19,-55.46,-12.52,8.610,10.036,1.63,13
$GNSS,2024-10-11T18:23:15.800Z,34.6966384,-76.7654541,1920.758,-19.90,-55.36,-12.15,8.626,10.017,1.67,13
$GNSS,2024-10-11T18:23:16.000Z,34.6966031,-76.7655718,1922.999,-20.02,-54.29,-12.19,8.634,9.981,1.61,13
$GNSS,2024-10-11T18:23:16.200Z,34.6965670,-76.7656897,1925.161,-20.21,-54.34,-12.18,8.643,9.948,1.59,12
$GNSS,2024-10-11T18:23:16.400Z,34.6965310,-76.7658077,1927.427,-20.14,-54.41,-12.29,8.650,9.917,1.59,12
$GNSS,2024-10-11T18:23:16.600Z,34.6964954,-76.7659227,1929.346,-20.49,-53.91,-12.22,8.656,9.884,1.59,13
$GNSS,2024-10-11T18:23:16.800Z,34.6964591,-76.7660389,1931.553,-20.63,-54.30,-12.55,8.663,9.856,1.61,13
$GNSS,2024-10-11T18:23:17.000Z,34.6964230,-76.7661534,1933.801,-20.73,-53.53,-12.82,8.669,9.825,1.69,13
$GNSS,2024-10-11T18:23:17.200Z,34.6963870,-76.7662663,1936.187,-20.67,-52.91,-13.21,8.679,9.797,1.69,13
$GNSS,2024-10-11T18:23:17.400Z,34.6963491,-76.7663824,1938.204,-21.08,-53.56,-12.80,8.677,9.766,1.69,14
$GNSS,2024-10-11T18:23:17.600Z,34.6963133,-76.7664962,1940.300,-20.49,-53.46,-12.89,8.679,9.738,1.70,14
$GNSS,2024-10-11T18:23:17.800Z,34.6962779,-76.7666093,1942.387,-20.24,-53.06,-12.89,8.680,9.712,1.64,14
$GNSS,2024-10-11T18:23:18.000Z,34.6962423,-76.7667237,1944.330,-20.04,-53.15,-12.45,8.680,9.688,1.64,14
$GNSS,2024-10-11T18:23:18.200Z,34.6962070,-76.7668384,1946.402,-19.75,-53.01,-12.23,8.679,9.665,1.58,14
$GNSS,2024-10-11T18:23:18.400Z,34.6961751,-76.7669467,1948.108,-19.39,-52.58,-12.25,8.583,9.603,1.53,15
$GNSS,2024-10-11T18:23:18.600Z,34.6961399,-76.7670614,1950.668,-19.22,-52.09,-12.46,8.581,9.598,1.55,13
$GNSS,2024-10-11T18:23:18.800Z,34.6961049,-76.7671771,1953.243,-18.93,-52.35,-12.46,8.581,9.601,1.56,13
$GNSS,2024-10-11T18:23:19.000Z,34.6960706,-76.7672924,1955.665,-18.69,-52.37,-12.22,8.584,9.608,1.58,12
$GNSS,2024-10-11T18:23:19.200Z,34.6960360,-76.7674071,1957.967,-19.19,-52.60,-12.35,8.604,9.617,1.61,11
$GNSS,2024-10-11T18:23:19.400Z,34.6960012,-76.7675219,1960.221,-19.37,-52.87,-12.37,8.627,9.629,1.73,11
$GNSS,2024-10-11T18:23:19.600Z,34.6959671,-76.7676352,1962.269,-19.16,-52.36,-11.90,8.636,9.640,1.66,12
$GNSS,2024-10-11T18:23:19.800Z,34.6959314,-76.7677519,1964.606,-19.34,-52.77,-11.70,8.641,9.650,1.66,12
$GNSS,2024-10-11T18:23:20.000Z,34.6958963,-76.7678663,1966.685,-19.56,-52.84,-11.59,8.643,9.660,1.63,13
$GNSS,2024-10-11T18:23:20.200Z,34.6958612,-76.7679804,1968.759,-19.64,-52.71,-11.50,8.640,9.664,1.55,14
$GNSS,2024-10-11T18:23:20.400Z,34.6958244,-76.7680971,1971.045,-20.27,-53.33,-11.65,8.633,9.669,1.55,14
$GNSS,2024-10-11T18:23:20.600Z,34.6957887,-76.7682133,1973.357,-19.85,-53.35,-11.80,8.627,9.673,1.57,14
$GNSS,2024-10-11T18:23:20.800Z,34.6957527,-76.7683292,1975.628,-19.99,-53.16,-11.88,8.618,9.676,1.61,14
$GNSS,2024-10-11T18:23:21.000Z,34.6957172,-76.7684420,1977.814,-20.32,-52.16,-11.70,8.523,9.631,1.55,15
$GNSS,2024-10-11T18:23:21.200Z,34.6956812,-76.7685545,1979.951,-20.55,-52.19,-11.64,8.432,9.588,1.47,15
$GNSS,2024-10-11T18:23:21.400Z,34.6956460,-76.7686667,1981.989,-20.23,-52.48,-11.64,8.338,9.544,1.44,15
$GNSS,2024-10-11T18:23:21.600Z,34.6956114,-76.7687773,1983.738,-20.30,-52.40,-11.49,8.249,9.503,1.43,15
$GNSS,2024-10-11T18:23:21.800Z,34.6955764,-76.7688889,1985.449,-20.53,-52.84,-11.38,8.174,9.471,1.50,15
$GNSS,2024-10-11T18:23:22.000Z,34.6955430,-76.7689999,1987.029,-19.61,-52.93,-11.23,8.104,9.443,1.54,15
$GNSS,2024-10-11T18:23:22.200Z,34.6955098,-76.7691124,1988.730,-19.33,-53.08,-11.06,8.039,9.417,1.55,15
$GNSS,2024-10-11T18:23:22.400Z,34.6954753,-76.7692258,1990.526,-19.72,-52.58,-10.69,7.981,9.396,1.54,14
$GNSS,2024-10-11T18:23:22.600Z,34.6954409,-76.7693379,1992.054,-19.94,-52.92,-10.55,7.927,9.378,1.55,14
$GNSS,2024-10-11T18:23:22.800Z,34.6954067,-76.7694510,1993.389,-19.79,-53.32,-10.13,7.876,9.360,1.52,14
$GNSS,2024-10-11T18:23:23.000Z,34.6953722,-76.7695650,1994.738,-19.88,-53.42,-9.71,7.827,9.342,1.50,14
$GNSS,2024-10-11T18:23:23.200Z,34.6953380,-76.7696788,1996.318,-19.64,-53.36,-9.81,7.777,9.326,1.50,14
$GNSS,2024-10-11T18:23:23.400Z,34.6953036,-76.7697939,1998.257,-19.52,-53.47,-10.18,7.719,9.302,1.41,14
$GNSS,2024-10-11T18:23:23.600Z,34.6952682,-76.7699103,2000.178,-20.02,-53.53,-10.14,7.665,9.281,1.40,14
$GNSS,2024-10-11T18:23:23.800Z,34.6952332,-76.7700267,2002.103,-19.77,-53.64,-10.12,7.613,9.261,1.40,14
$GNSS,2024-10-11T18:23:24.000Z,34.6951984,-76.7701432,2004.045,-19.64,-53.68,-10.15,7.567,9.243,1.41,14
$GNSS,2024-10-11T18:23:24.200Z,34.6951637,-76.7702568,2005.750,-19.95,-53.16,-10.30,7.522,9.225,1.42,14
$GNSS,2024-10-11T18:23:24.400Z,34.6951282,-76.7703719,2007.493,-20.16,-53.66,-10.34,7.478,9.205,1.43,15
$GNSS,2024-10-11T18:23:24.600Z,34.6950929,-76.7704856,2009.152,-20.24,-53.40,-10.46,7.435,9.183,1.47,15
$GNSS,2024-10-11T18:23:24.800Z,34.6950579,-76.7705982,2010.780,-20.11,-53.12,-10.55,7.397,9.160,1.44,14
$GNSS,2024-10-11T18:23:25.000Z,34.6950229,-76.7707115,2012.620,-19.96,-53.09,-10.74,7.362,9.139,1.44,14
$GNSS,2024-10-11T18:23:25.200Z,34.6949884,-76.7708250,2014.715,-19.51,-52.48,-10.71,7.329,9.119,1.48,14
$GNSS,2024-10-11T18:23:25.400Z,34.6949534,-76.7709387,2016.873,-19.79,-52.53,-10.95,7.288,9.099,1.46,15
$GNSS,2024-10-11T18:23:25.600Z,34.6949181,-76.7710518,2019.234,-19.94,-52.41,-11.53,7.250,9.080,1.46,14
$GNSS,2024-10-11T18:23:25.800Z,34.6948818,-76.7711647,2021.440,-20.39,-52.14,-11.56,7.215,9.065,1.46,14
$GNSS,2024-10-11T18:23:26.000Z,34.6948452,-76.7712770,2023.515,-20.60,-52.14,-11.61,7.181,9.051,1.46,14
$GNSS,2024-10-11T18:23:26.200Z,34.6948081,-76.7713906,2025.672,-20.77,-52.16,-11.26,7.149,9.038,1.47,14
$GNSS,2024-10-11T18:23:26.400Z,34.6947725,-76.7715025,2027.686,-20.00,-51.59,-10.90,7.126,9.032,1.52,14
$GNSS,2024-10-11T18:23:26.600Z,34.6947383,-76.7716143,2029.536,-19.30,-51.96,-10.78,7.105,9.027,1.54,14
$GNSS,2024-10-11T18:23:26.800Z,34.6947041,-76.7717283,2031.339,-19.28,-52.57,-10.39,7.077,9.011,1.51,15
$GNSS,2024-10-11T18:23:27.000Z,34.6946696,-76.7718418,2033.260,-19.42,-52.51,-10.42,7.047,8.994,1.43,15
$GNSS,2024-10-11T18:23:27.200Z,34.6946353,-76.7719548,2035.010,-19.45,-52.40,-10.33,7.022,8.986,1.40,14
$GNSS,2024-10-11T18:23:27.400Z,34.6946011,-76.7720677,2036.866,-19.31,-52.27,-10.34,6.994,8.977,1.34,14
$GNSS,2024-10-11T18:23:27.600Z,34.6945673,-76.7721801,2038.602,-19.19,-52.27,-10.36,6.968,8.972,1.35,14
$GNSS,2024-10-11T18:23:27.800Z,34.6945321,-76.7722946,2040.344,-19.43,-52.35,-10.02,6.967,8.986,1.38,13
$GNSS,2024-10-11T18:23:28.000Z,34.6944964,-76.7724092,2042.173,-19.79,-52.38,-9.90,6.967,9.003,1.39,12
$GNSS,2024-10-11T18:23:28.200Z,34.6944605,-76.7725251,2044.231,-19.69,-52.49,-9.81,6.972,9.021,1.42,12
$GNSS,2024-10-11T18:23:28.400Z,34.6944251,-76.7726420,2046.305,-19.28,-52.81,-9.68,6.979,9.042,1.45,12
$GNSS,2024-10-11T18:23:28.600Z,34.6943888,-76.7727597,2048.302,-19.83,-52.91,-9.32,6.991,9.065,1.49,11
$GNSS,2024-10-11T18:23:28.800Z,34.6943518,-76.7728778,2050.326,-20.07,-53.10,-9.11,7.005,9.087,1.51,11
$GNSS,2024-10-11T18:23:29.000Z,34.6943152,-76.7729958,2052.445,-19.98,-53.30,-9.13,7.022,9.116,1.54,11
$GNSS,2024-10-11T18:23:29.200Z,34.6942787,-76.7731129,2054.434,-20.04,-53.18,-9.13,7.039,9.144,1.52,11
$GNSS,2024-10-11T18:23:29.400Z,34.6942419,-76.7732302,2056.458,-20.08,-53.18,-9.13,7.055,9.163,1.46,12
$GNSS,2024-10-11T18:23:29.600Z,34.6942046,-76.7733463,2058.320,-20.51,-53.09,-9.16,7.069,9.172,1.44,13
$GNSS,2024-10-11T18:23:29.800Z,34.6941664,-76.7734643,2059.953,-20.69,-53.26,-8.65,7.078,9.178,1.43,13
$GNSS,2024-10-11T18:23:30.000Z,34.6941264,-76.7735831,2061.535,-21.67,-53.58,-8.21,7.088,9.188,1.44,13
$GNSS,2024-10-11T18:23:30.200Z,34.6940864,-76.7737014,2062.813,-22.19,-54.02,-7.91,7.097,9.193,1.44,13
$GNSS,2024-10-11T18:23:30.400Z,34.6940469,-76.7738195,2063.973,-21.94,-54.09,-7.54,7.108,9.202,1.44,13
$GNSS,2024-10-11T18:23:30.600Z,34.6940082,-76.7739369,2065.164,-21.75,-54.17,-7.48,7.116,9.206,1.43,13
$GNSS,2024-10-11T18:23:30.800Z,34.6939709,-76.7740535,2066.413,-21.18,-54.29,-7.70,7.124,9.209,1.44,14
$GNSS,2024-10-11T18:23:31.000Z,34.6939343,-76.7741695,2067.977,-20.81,-54.08,-8.24,7.131,9.211,1.45,14
$GNSS,2024-10-11T18:23:31.200Z,34.6938965,-76.7742867,2069.684,-21.14,-54.01,-8.55,7.138,9.210,1.46,14
$GNSS,2024-10-11T18:23:31.400Z,34.6938597,-76.7744028,2071.188,-20.60,-53.58,-8.53,7.145,9.210,1.48,14
$GNSS,2024-10-11T18:23:31.600Z,34.6938229,-76.7745193,2072.877,-20.51,-53.56,-8.58,7.159,9.214,1.63,13
$GNSS,2024-10-11T18:23:31.800Z,34.6937858,-76.7746360,2074.540,-20.65,-53.55,-8.58,7.177,9.222,1.66,13
$GNSS,2024-10-11T18:23:32.000Z,34.6937496,-76.7747514,2076.188,-20.32,-53.17,-8.67,7.189,9.240,1.63,13
$GNSS,2024-10-11T18:23:32.200Z,34.6937130,-76.7748656,2077.800,-20.61,-52.72,-8.77,7.202,9.260,1.62,13
$GNSS,2024-10-11T18:23:32.400Z,34.6936755,-76.7749811,2079.636,-20.57,-52.65,-8.76,7.216,9.279,1.61,13
$GNSS,2024-10-11T18:23:32.600Z,34.6936371,-76.7750975,2081.576,-20.93,-52.99,-8.89,7.229,9.299,1.70,13
$GNSS,2024-10-11T18:23:32.800Z,34.6935983,-76.7752133,2083.671,-21.33,-52.88,-9.28,7.242,9.320,1.70,13
$GNSS,2024-10-11T18:23:33.000Z,34.6935587,-76.7753316,2085.822,-21.48,-53.61,-9.55,7.254,9.341,1.68,12
$GNSS,2024-10-11T18:23:33.200Z,34.6935204,-76.7754488,2087.540,-21.30,-53.66,-9.41,7.270,9.369,1.84,12
$GNSS,2024-10-11T18:23:33.400Z,34.6934829,-76.7755648,2089.221,-20.97,-53.32,-9.21,7.291,9.411,1.89,10
$GNSS,2024-10-11T18:23:33.600Z,34.6934447,-76.7756818,2090.855,-21.01,-53.43,-9.04,7.307,9.450,1.84,11
$GNSS,2024-10-11T18:23:33.800Z,34.6934057,-76.7758018,2092.568,-21.00,-54.33,-8.86,7.324,9.494,1.80,10
$GNSS,2024-10-11T18:23:34.000Z,34.6933666,-76.7759208,2094.010,-21.34,-54.21,-8.45,7.335,9.523,1.74,11
$GNSS,2024-10-11T18:23:34.200Z,34.6933287,-76.7760399,2095.358,-21.10,-54.52,-8.29,7.345,9.545,1.73,11
$GNSS,2024-10-11T18:23:34.400Z,34.6932906,-76.7761587,2096.650,-21.40,-54.52,-8.30,7.354,9.565,1.73,11
$GNSS,2024-10-11T18:23:34.600Z,34.6932495,-76.7762798,2098.025,-22.33,-54.94,-8.03,7.361,9.582,1.72,11
$GNSS,2024-10-11T18:23:34.800Z,34.6932106,-76.7763988,2099.345,-21.80,-54.65,-7.97,7.369,9.596,1.76,11
$GNSS,2024-10-11T18:23:35.000Z,34.6931721,-76.7765177,2100.974,-21.06,-54.14,-7.84,7.377,9.607,1.79,11
$GNSS,2024-10-11T18:23:35.200Z,34.6931336,-76.7766356,2102.395,-21.06,-53.72,-7.56,7.388,9.624,1.84,11
$GNSS,2024-10-11T18:23:35.400Z,34.6930965,-76.7767525,2104.055,-20.34,-53.33,-7.76,7.402,9.647,1.84,11
$GNSS,2024-10-11T18:23:35.600Z,34.6930609,-76.7768674,2105.479,-20.12,-52.95,-8.17,7.414,9.667,1.85,10
$GNSS,2024-10-11T18:23:35.800Z,34.6930221,-76.7769850,2107.142,-20.76,-53.24,-8.11,7.427,9.674,1.85,11
$GNSS,2024-10-11T18:23:36.000Z,34.6929826,-76.7771031,2108.560,-21.46,-53.70,-7.95,7.443,9.684,1.89,11
$GNSS,2024-10-11T18:23:36.200Z,34.6929433,-76.7772207,2110.113,-21.61,-53.75,-8.12,7.453,9.697,1.80,10
$GNSS,2024-10-11T18:23:36.400Z,34.6929028,-76.7773402,2111.811,-21.60,-53.97,-7.82,7.462,9.711,1.79,11
$GNSS,2024-10-11T18:23:36.600Z,34.6928641,-76.7774592,2113.253,-21.29,-54.44,-7.85,7.469,9.718,1.75,11
$GNSS,2024-10-11T18:23:36.800Z,34.6928251,-76.7775786,2114.180,-21.83,-54.89,-7.61,7.476,9.722,1.74,11
$GNSS,2024-10-11T18:23:37.000Z,34.6927829,-76.7776994,2115.149,-23.17,-55.07,-7.10,7.482,9.743,1.77,11
$GNSS,2024-10-11T18:23:37.200Z,34.6927427,-76.7778187,2115.798,-23.06,-55.39,-7.02,7.491,9.761,1.77,11
$GNSS,2024-10-11T18:23:37.400Z,34.6927006,-76.7779400,2116.999,-23.23,-55.57,-7.09,7.503,9.782,1.85,11
$GNSS,2024-10-11T18:23:37.600Z,34.6926603,-76.7780597,2118.311,-22.56,-54.97,-7.14,7.514,9.810,1.83,11
$GNSS,2024-10-11T18:23:37.800Z,34.6926206,-76.7781791,2119.874,-22.07,-54.81,-7.73,7.526,9.828,1.81,11
$GNSS,2024-10-11T18:23:38.000Z,34.6925809,-76.7782996,2121.620,-21.76,-54.94,-8.13,7.535,9.846,1.81,11
$GNSS,2024-10-11T18:23:38.200Z,34.6925406,-76.7784206,2123.375,-21.93,-55.17,-8.35,7.545,9.869,1.82,10
$GNSS,2024-10-11T18:23:38.400Z,34.6925004,-76.7785416,2125.076,-21.90,-55.25,-8.29,7.552,9.895,1.74,11
$GNSS,2024-10-11T18:23:38.600Z,34.6924602,-76.7786626,2127.260,-21.35,-54.86,-8.21,7.560,9.921,1.73,12
$GNSS,2024-10-11T18:23:38.800Z,34.6924184,-76.7787835,2129.122,-22.48,-55.02,-8.45,7.566,9.939,1.70,12
$GNSS,2024-10-11T18:23:39.000Z,34.6923773,-76.7789018,2130.858,-22.68,-54.29,-8.58,7.573,9.958,1.76,12
$GNSS,2024-10-11T18:23:39.200Z,34.6923356,-76.7790214,2132.964,-22.57,-54.63,-8.94,7.581,9.985,1.75,12
$GNSS,2024-10-11T18:23:39.400Z,34.6922939,-76.7791406,2134.918,-22.77,-54.63,-9.20,7.589,10.008,1.75,12
$GNSS,2024-10-11T18:23:39.600Z,34.6922529,-76.7792597,2136.796,-22.42,-54.50,-9.02,7.597,10.026,1.77,12
$GNSS,2024-10-11T18:23:39.800Z,34.6922118,-76.7793786,2138.664,-22.51,-54.57,-9.16,7.601,10.032,1.72,12
$GNSS,2024-10-11T18:23:40.000Z,34.6921705,-76.7795000,2140.239,-22.70,-55.61,-9.02,7.607,10.040,1.72,11
$GNSS,2024-10-11T18:23:40.200Z,34.6921305,-76.7796213,2142.109,-22.32,-55.86,-9.54,7.619,10.050,1.76,10
$GNSS,2024-10-11T18:23:40.400Z,34.6920882,-76.7797443,2143.995,-23.10,-56.13,-9.64,7.631,10.062,1.74,9
$GNSS,2024-10-11T18:23:40.600Z,34.6920452,-76.7798677,2145.674,-23.42,-56.20,-9.14,7.643,10.069,1.75,9
$GNSS,2024-10-11T18:23:40.800Z,34.6920015,-76.7799907,2147.739,-23.37,-55.74,-8.85,7.599,10.032,1.66,11
$GNSS,2024-10-11T18:23:41.000Z,34.6919584,-76.7801139,2149.845,-23.31,-56.03,-9.12,7.558,10.000,1.62,10
$GNSS,2024-10-11T18:23:41.200Z,34.6919160,-76.7802362,2151.433,-23.53,-56.12,-9.16,7.506,9.952,1.51,11
$GNSS,2024-10-11T18:23:41.400Z,34.6918758,-76.7803572,2152.738,-22.81,-55.99,-9.15,7.449,9.897,1.44,12
$GNSS,2024-10-11T18:23:41.600Z,34.6918362,-76.7804776,2153.727,-22.57,-55.68,-8.78,7.394,9.843,1.43,12
$GNSS,2024-10-11T18:23:41.800Z,34.6917961,-76.7805990,2155.011,-22.30,-55.70,-8.58,7.338,9.793,1.41,13
$GNSS,2024-10-11T18:23:42.000Z,34.6917577,-76.7807205,2156.224,-21.54,-56.04,-8.69,7.284,9.742,1.41,13
$GNSS,2024-10-11T18:23:42.200Z,34.6917191,-76.7808443,2157.595,-21.55,-56.94,-8.80,7.235,9.696,1.47,13
$GNSS,2024-10-11T18:23:42.400Z,34.6916790,-76.7809671,2159.173,-22.18,-56.14,-8.79,7.185,9.654,1.47,13
$GNSS,2024-10-11T18:23:42.600Z,34.6916386,-76.7810890,2160.712,-22.34,-55.78,-8.65,7.137,9.609,1.43,13
$GNSS,2024-10-11T18:23:42.800Z,34.6915985,-76.7812106,2162.289,-22.18,-55.65,-8.70,7.090,9.567,1.40,13
$GNSS,2024-10-11T18:23:43.000Z,34.6915574,-76.7813326,2164.418,-22.31,-55.57,-9.05,7.053,9.530,1.52,13
$GNSS,2024-10-11T18:23:43.200Z,34.6915166,-76.7814552,2166.254,-22.28,-55.97,-8.95,7.019,9.496,1.46,13
$GNSS,2024-10-11T18:23:43.400Z,34.6914726,-76.7815789,2168.449,-23.59,-55.91,-8.69,6.980,9.450,1.35,13
$GNSS,2024-10-11T18:23:43.600Z,34.6914292,-76.7817015,2170.644,-23.37,-55.60,-8.64,6.941,9.409,1.34,13
$GNSS,2024-10-11T18:23:43.800Z,34.6913871,-76.7818255,2172.545,-22.89,-56.53,-8.51,6.905,9.373,1.37,14
$GNSS,2024-10-11T18:23:44.000Z,34.6913439,-76.7819504,2174.488,-23.60,-56.99,-8.59,6.870,9.338,1.38,15
$GNSS,2024-10-11T18:23:44.200Z,34.6913012,-76.7820737,2176.356,-23.51,-56.46,-8.83,6.838,9.306,1.36,15
$GNSS,2024-10-11T18:23:44.400Z,34.6912586,-76.7821974,2178.211,-23.62,-56.73,-9.12,6.809,9.284,1.37,15
$GNSS,2024-10-11T18:23:44.600Z,34.6912165,-76.7823217,2180.178,-23.25,-56.96,-9.30,6.783,9.263,1.37,15
$GNSS,2024-10-11T18:23:44.800Z,34.6911749,-76.7824462,2182.228,-22.87,-57.01,-9.43,6.758,9.244,1.37,15
$GNSS,2024-10-11T18:23:45.000Z,34.6911337,-76.7825690,2184.023,-23.05,-56.45,-9.65,6.756,9.246,1.43,14
$GNSS,2024-10-11T18:23:45.200Z,34.6910917,-76.7826918,2186.073,-23.34,-56.35,-10.01,6.756,9.249,1.44,14
$GNSS,2024-10-11T18:23:45.400Z,34.6910493,-76.7828146,2187.988,-23.57,-56.25,-10.01,6.761,9.250,1.48,14
$GNSS,2024-10-11T18:23:45.600Z,34.6910075,-76.7829379,2189.599,-23.31,-56.67,-9.68,6.763,9.250,1.41,14
$GNSS,2024-10-11T18:23:45.800Z,34.6909654,-76.7830614,2191.429,-23.30,-56.45,-9.51,6.766,9.252,1.45,14
$GNSS,2024-10-11T18:23:46.000Z,34.6909236,-76.7831840,2193.170,-23.46,-56.37,-9.63,6.746,9.233,1.39,15
$GNSS,2024-10-11T18:23:46.200Z,34.6908816,-76.7833073,2194.893,-23.37,-56.51,-9.40,6.729,9.222,1.36,14
$GNSS,2024-10-11T18:23:46.400Z,34.6908389,-76.7834324,2196.800,-23.46,-57.02,-9.11,6.712,9.210,1.35,14
$GNSS,2024-10-11T18:23:46.600Z,34.6907962,-76.7835579,2198.735,-23.50,-57.28,-9.10,6.695,9.199,1.41,14
$GNSS,2024-10-11T18:23:46.800Z,34.6907538,-76.7836838,2200.717,-23.50,-57.62,-9.40,6.678,9.186,1.36,14
$GNSS,2024-10-11T18:23:47.000Z,34.6907120,-76.7838086,2202.668,-23.21,-56.97,-9.45,6.690,9.198,1.50,13
$GNSS,2024-10-11T18:23:47.200Z,34.6906710,-76.7839317,2204.772,-22.86,-56.49,-10.03,6.706,9.211,1.51,13
$GNSS,2024-10-11T18:23:47.400Z,34.6906296,-76.7840552,2206.810,-23.02,-56.56,-10.19,6.726,9.228,1.59,13
$GNSS,2024-10-11T18:23:47.600Z,34.6905878,-76.7841779,2208.668,-23.47,-56.45,-10.25,6.753,9.250,1.66,13
$GNSS,2024-10-11T18:23:47.800Z,34.6905454,-76.7843027,2210.672,-23.47,-56.81,-10.02,6.780,9.270,1.63,13
$GNSS,2024-10-11T18:23:48.000Z,34.6905035,-76.7844270,2212.733,-23.20,-56.75,-9.99,6.807,9.291,1.56,13
$GNSS,2024-10-11T18:23:48.200Z,34.6904615,-76.7845494,2214.361,-23.70,-56.31,-9.66,6.837,9.317,1.59,12
$GNSS,2024-10-11T18:23:48.400Z,34.6904210,-76.7846707,2215.905,-23.21,-56.38,-9.69,6.872,9.346,1.62,12
$GNSS,2024-10-11T18:23:48.600Z,34.6903804,-76.7847941,2217.584,-22.97,-56.95,-9.62,6.910,9.373,1.65,12
$GNSS,2024-10-11T18:23:48.800Z,34.6903400,-76.7849166,2219.237,-22.89,-56.45,-9.47,6.948,9.398,1.63,12
$GNSS,2024-10-11T18:23:49.000Z,34.6902982,-76.7850381,2221.088,-23.43,-55.76,-9.54,6.979,9.419,1.63,12
$GNSS,2024-10-11T18:23:49.200Z,34.6902557,-76.7851598,2222.834,-23.81,-55.95,-9.54,7.010,9.442,1.61,12
$GNSS,2024-10-11T18:23:49.400Z,34.6902137,-76.7852817,2224.754,-23.79,-56.13,-9.92,7.039,9.464,1.56,12
$GNSS,2024-10-11T18:23:49.600Z,34.6901704,-76.7854050,2226.820,-24.01,-56.21,-10.01,7.023,9.446,1.44,13
$GNSS,2024-10-11T18:23:49.800Z,34.6901267,-76.7855302,2229.004,-23.90,-56.51,-9.85,7.007,9.429,1.41,13
$GNSS,2024-10-11T18:23:50.000Z,34.6900852,-76.7856525,2230.815,-23.33,-56.10,-9.75,6.989,9.413,1.44,13
$GNSS,2024-10-11T18:23:50.200Z,34.6900451,-76.7857739,2232.332,-22.96,-56.22,-9.64,6.964,9.383,1.38,13
$GNSS,2024-10-11T18:23:50.400Z,34.6900043,-76.7858968,2233.895,-23.13,-56.82,-9.57,6.939,9.354,1.39,13
$GNSS,2024-10-11T18:23:50.600Z,34.6899623,-76.7860197,2235.760,-23.48,-56.16,-9.57,6.916,9.328,1.42,13
$GNSS,2024-10-11T18:23:50.800Z,34.6899205,-76.7861423,2237.606,-23.46,-56.36,-9.77,6.890,9.295,1.36,14
$GNSS,2024-10-11T18:23:51.000Z,34.6898788,-76.7862652,2239.281,-23.53,-56.81,-9.84,6.863,9.259,1.36,14
$GNSS,2024-10-11T18:23:51.200Z,34.6898377,-76.7863872,2240.930,-23.38,-56.63,-10.07,6.838,9.226,1.36,14
$GNSS,2024-10-11T18:23:51.400Z,34.6897956,-76.7865095,2242.651,-23.73,-56.52,-10.12,6.816,9.204,1.39,14
$GNSS,2024-10-11T18:23:51.600Z,34.6897526,-76.7866322,2244.244,-23.90,-56.33,-9.50,6.794,9.175,1.41,14
$GNSS,2024-10-11T18:23:51.800Z,34.6897094,-76.7867541,2246.260,-23.84,-55.50,-9.41,6.773,9.153,1.40,14
$GNSS,2024-10-11T18:23:52.000Z,34.6896678,-76.7868764,2248.601,-22.91,-55.58,-9.80,6.752,9.129,1.35,14
$GNSS,2024-10-11T18:23:52.200Z,34.6896257,-76.7869990,2250.919,-23.18,-55.86,-10.22,6.731,9.103,1.36,14
$GNSS,2024-10-11T18:23:52.400Z,34.6895836,-76.7871216,2252.846,-23.27,-56.22,-10.04,6.711,9.083,1.34,14
$GNSS,2024-10-11T18:23:52.600Z,34.6895415,-76.7872452,2254.811,-23.34,-56.69,-10.08,6.687,9.058,1.34,14
$GNSS,2024-10-11T18:23:52.800Z,34.6894987,-76.7873686,2256.831,-23.61,-56.38,-10.03,6.666,9.032,1.36,14
$GNSS,2024-10-11T18:23:53.000Z,34.6894554,-76.7874918,2258.626,-23.88,-56.44,-9.73,6.646,9.008,1.34,14
$GNSS,2024-10-11T18:23:53.200Z,34.6894120,-76.7876150,2260.551,-23.79,-56.23,-9.54,6.627,8.983,1.34,14
$GNSS,2024-10-11T18:23:53.400Z,34.6893686,-76.7877390,2262.639,-23.92,-56.64,-9.82,6.608,8.961,1.34,14
$GNSS,2024-10-11T18:23:53.600Z,34.6893265,-76.7878624,2264.160,-23.31,-56.87,-9.39,6.593,8.943,1.39,14
$GNSS,2024-10-11T18:23:53.800Z,34.6892844,-76.7879847,2265.393,-23.51,-56.35,-8.84,6.574,8.920,1.39,15
$GNSS,2024-10-11T18:23:54.000Z,34.6892438,-76.7881061,2266.891,-23.06,-56.10,-9.24,6.555,8.897,1.36,15
$GNSS,2024-10-11T18:23:54.200Z,34.6892026,-76.7882279,2268.444,-22.96,-56.00,-9.14,6.535,8.876,1.40,15
$GNSS,2024-10-11T18:23:54.400Z,34.6891608,-76.7883499,2270.039,-23.09,-56.01,-9.03,6.517,8.856,1.41,14
$GNSS,2024-10-11T18:23:54.600Z,34.6891190,-76.7884713,2271.538,-23.32,-55.91,-8.99,6.499,8.837,1.40,14
$GNSS,2024-10-11T18:23:54.800Z,34.6890776,-76.7885924,2273.015,-23.14,-55.87,-9.10,6.481,8.817,1.37,13
$GNSS,2024-10-11T18:23:55.000Z,34.6890368,-76.7887146,2274.774,-22.52,-56.09,-9.26,6.463,8.797,1.34,13
$GNSS,2024-10-11T18:23:55.200Z,34.6889965,-76.7888373,2276.592,-22.13,-56.16,-9.35,6.447,8.780,1.32,13
$GNSS,2024-10-11T18:23:55.400Z,34.6889552,-76.7889600,2278.476,-22.64,-55.93,-9.31,6.451,8.783,1.38,12
$GNSS,2024-10-11T18:23:55.600Z,34.6889129,-76.7890831,2280.313,-23.12,-56.18,-9.22,6.464,8.788,1.65,12
$GNSS,2024-10-11T18:23:55.800Z,34.6888720,-76.7892057,2282.359,-22.39,-56.06,-9.52,6.477,8.795,1.61,13
$GNSS,2024-10-11T18:23:56.000Z,34.6888322,-76.7893277,2284.478,-21.79,-55.80,-9.80,6.492,8.806,1.59,13
$GNSS,2024-10-11T18:23:56.200Z,34.6887921,-76.7894514,2286.936,-21.72,-56.35,-10.42,6.509,8.818,1.63,13
$GNSS,2024-10-11T18:23:56.400Z,34.6887506,-76.7895761,2289.135,-22.44,-56.74,-10.35,6.526,8.837,1.63,12
$GNSS,2024-10-11T18:23:56.600Z,34.6887102,-76.7896985,2290.908,-22.62,-56.49,-10.35,6.518,8.834,1.49,13
$GNSS,2024-10-11T18:23:56.800Z,34.6886696,-76.7898199,2292.559,-22.83,-56.09,-10.20,6.507,8.829,1.48,13
$GNSS,2024-10-11T18:23:57.000Z,34.6886298,-76.7899411,2294.354,-22.28,-56.04,-10.39,6.495,8.826,1.48,13
$GNSS,2024-10-11T18:23:57.200Z,34.6885919,-76.7900625,2295.973,-21.54,-56.30,-10.51,6.483,8.826,1.45,13
$GNSS,2024-10-11T18:23:57.400Z,34.6885540,-76.7901845,2297.406,-21.57,-56.55,-10.38,6.475,8.827,1.44,12
$GNSS,2024-10-11T18:23:57.600Z,34.6885140,-76.7903077,2298.986,-22.21,-56.67,-10.06,6.469,8.827,1.46,11
$GNSS,2024-10-11T18:23:57.800Z,34.6884733,-76.7904307,2300.655,-22.57,-56.54,-9.91,6.463,8.826,1.43,11
$GNSS,2024-10-11T18:23:58.000Z,34.6884317,-76.7905530,2302.368,-22.78,-56.08,-9.61,6.456,8.826,1.45,11
$GNSS,2024-10-11T18:23:58.200Z,34.6883922,-76.7906745,2304.363,-22.02,-55.76,-10.11,6.449,8.827,1.42,11
$GNSS,2024-10-11T18:23:58.400Z,34.6883523,-76.7907958,2306.252,-21.94,-55.63,-10.12,6.445,8.830,1.39,11
$GNSS,2024-10-11T18:23:58.600Z,34.6883124,-76.7909180,2308.014,-22.12,-56.06,-10.00,6.439,8.832,1.36,12
$GNSS,2024-10-11T18:23:58.800Z,34.6882714,-76.7910403,2309.712,-22.51,-56.02,-9.68,6.451,8.859,1.41,11
$GNSS,2024-10-11T18:23:59.000Z,34.6882307,-76.7911623,2311.088,-22.59,-55.95,-9.14,6.445,8.865,1.35,12
$GNSS,2024-10-11T18:23:59.200Z,34.6881891,-76.7912856,2312.738,-22.98,-56.52,-9.18,6.460,8.893,1.41,11
$GNSS,2024-10-11T18:23:59.400Z,34.6881484,-76.7914090,2314.306,-22.60,-56.62,-9.08,6.459,8.906,1.35,11
$GNSS,2024-10-11T18:23:59.600Z,34.6881059,-76.7915330,2316.082,-22.98,-56.54,-8.96,6.478,8.940,1.37,9
$GNSS,2024-10-11T18:23:59.800Z,34.6880628,-76.7916561,2317.887,-23.36,-56.16,-9.00,6.498,8.979,1.39,9
$GNSS,2024-10-11T18:24:00.000Z,34.6880211,-76.7917784,2319.681,-22.99,-56.01,-9.25,6.518,9.018,1.39,9
$GNSS,2024-10-11T18:24:00.200Z,34.6879810,-76.7919008,2321.412,-22.20,-56.08,-9.23,6.516,9.034,1.36,11
$GNSS,2024-10-11T18:24:00.400Z,34.6879409,-76.7920230,2323.024,-22.26,-56.07,-9.13,6.511,9.053,1.33,11
$GNSS,2024-10-11T18:24:00.600Z,34.6879003,-76.7921442,2324.634,-22.44,-55.57,-9.04,6.508,9.071,1.37,11
$GNSS,2024-10-11T18:24:00.800Z,34.6878594,-76.7922648,2326.326,-22.71,-55.38,-9.18,6.505,9.085,1.38,11
$GNSS,2024-10-11T18:24:01.000Z,34.6878175,-76.7923842,2327.858,-23.33,-54.96,-9.20,6.501,9.100,1.38,11
$GNSS,2024-10-11T18:24:01.200Z,34.6877772,-76.7925042,2329.507,-22.54,-55.21,-9.39,6.501,9.116,1.49,11
$GNSS,2024-10-11T18:24:01.400Z,34.6877374,-76.7926237,2331.374,-21.85,-54.76,-9.50,6.502,9.132,1.49,11
$GNSS,2024-10-11T18:24:01.600Z,34.6876974,-76.7927442,2332.973,-22.09,-55.27,-9.37,6.502,9.150,1.51,11
$GNSS,2024-10-11T18:24:01.800Z,34.6876567,-76.7928650,2334.855,-22.18,-55.35,-9.41,6.505,9.168,1.48,10
$GNSS,2024-10-11T18:24:02.000Z,34.6876163,-76.7929874,2336.631,-22.06,-56.00,-9.34,6.507,9.185,1.48,10
$GNSS,2024-10-11T18:24:02.200Z,34.6875761,-76.7931114,2338.125,-22.15,-56.91,-9.12,6.508,9.202,1.51,10
$GNSS,2024-10-11T18:24:02.400Z,34.6875356,-76.7932348,2339.453,-22.45,-56.89,-8.95,6.507,9.211,1.50,11
$GNSS,2024-10-11T18:24:02.600Z,34.6874952,-76.7933577,2340.605,-22.43,-56.67,-8.60,6.507,9.218,1.53,11
$GNSS,2024-10-11T18:24:02.800Z,34.6874551,-76.7934806,2341.860,-22.44,-56.81,-8.76,6.506,9.223,1.50,11
$GNSS,2024-10-11T18:24:03.000Z,34.6874153,-76.7936037,2343.333,-22.05,-56.64,-8.77,6.507,9.228,1.49,12
$GNSS,2024-10-11T18:24:03.200Z,34.6873757,-76.7937263,2344.774,-22.05,-56.44,-8.83,6.506,9.228,1.48,13
$GNSS,2024-10-11T18:24:03.400Z,34.6873353,-76.7938496,2346.551,-22.33,-56.58,-9.15,6.505,9.220,1.54,13
$GNSS,2024-10-11T18:24:03.600Z,34.6872954,-76.7939715,2348.057,-21.96,-55.86,-8.91,6.502,9.207,1.56,14
$GNSS,2024-10-11T18:24:03.800Z,34.6872562,-76.7940926,2349.524,-21.60,-55.59,-8.73,6.496,9.192,1.51,14
$GNSS,2024-10-11T18:24:04.000Z,34.6872163,-76.7942145,2351.066,-21.87,-55.82,-8.61,6.490,9.174,1.48,14
$GNSS,2024-10-11T18:24:04.200Z,34.6871764,-76.7943363,2352.685,-21.96,-55.82,-8.67,6.485,9.158,1.48,14
$GNSS,2024-10-11T18:24:04.400Z,34.6871354,-76.7944590,2354.276,-22.55,-56.15,-8.61,6.481,9.142,1.49,14
$GNSS,2024-10-11T18:24:04.600Z,34.6870938,-76.7945812,2356.116,-22.63,-55.63,-8.52,6.475,9.123,1.48,14
$GNSS,2024-10-11T18:24:04.800Z,34.6870521,-76.7947037,2357.767,-22.83,-55.89,-8.43,6.464,9.093,1.41,15
$GNSS,2024-10-11T18:24:05.000Z,34.6870092,-76.7948262,2359.364,-23.51,-55.68,-8.14,6.452,9.060,1.40,15
$GNSS,2024-10-11T18:24:05.200Z,34.6869652,-76.7949498,2360.942,-24.08,-56.30,-8.00,6.438,9.028,1.40,15
$GNSS,2024-10-11T18:24:05.400Z,34.6869208,-76.7950739,2362.672,-24.32,-56.58,-8.24,6.423,9.003,1.38,15
$GNSS,2024-10-11T18:24:05.600Z,34.6868763,-76.7951967,2364.054,-24.75,-56.17,-8.26,6.404,8.981,1.29,16
$GNSS,2024-10-11T18:24:05.800Z,34.6868307,-76.7953188,2365.437,-25.35,-56.01,-8.29,6.383,8.958,1.27,16
$GNSS,2024-10-11T18:24:06.000Z,34.6867848,-76.7954406,2366.795,-25.50,-55.97,-8.23,6.363,8.937,1.27,16
$GNSS,2024-10-11T18:24:06.200Z,34.6867385,-76.7955638,2368.141,-25.59,-56.44,-7.98,6.342,8.909,1.26,16
$GNSS,2024-10-11T18:24:06.400Z,34.6866922,-76.7956865,2369.613,-25.52,-56.17,-8.00,6.321,8.879,1.26,16
$GNSS,2024-10-11T18:24:06.600Z,34.6866438,-76.7958086,2371.221,-26.55,-55.89,-8.07,6.295,8.843,1.27,17
$GNSS,2024-10-11T18:24:06.800Z,34.6865931,-76.7959295,2372.637,-27.94,-55.43,-8.04,6.272,8.810,1.34,17
$GNSS,2024-10-11T18:24:07.000Z,34.6865411,-76.7960492,2374.169,-28.50,-54.86,-8.11,6.252,8.779,1.40,17
$GNSS,2024-10-11T18:24:07.200Z,34.6864883,-76.7961666,2375.640,-29.04,-53.74,-7.99,6.234,8.749,1.38,17
$GNSS,2024-10-11T18:24:07.400Z,34.6864343,-76.7962832,2377.115,-29.61,-53.14,-7.73,6.219,8.730,1.36,16
$GNSS,2024-10-11T18:24:07.600Z,34.6863792,-76.7963989,2378.424,-30.46,-53.22,-7.64,6.206,8.712,1.38,16
$GNSS,2024-10-11T18:24:07.800Z,34.6863230,-76.7965151,2379.561,-31.06,-53.62,-7.47,6.196,8.701,1.40,16
$GNSS,2024-10-11T18:24:08.000Z,34.6862663,-76.7966304,2380.680,-31.45,-53.40,-7.51,6.191,8.696,1.44,16
$GNSS,2024-10-11T18:24:08.200Z,34.6862084,-76.7967444,2381.953,-32.14,-52.64,-7.60,6.190,8.694,1.47,16
$GNSS,2024-10-11T18:24:08.400Z,34.6861492,-76.7968573,2383.097,-32.89,-52.22,-7.52,6.191,8.693,1.50,16
$GNSS,2024-10-11T18:24:08.600Z,34.6860883,-76.7969703,2384.616,-33.52,-51.96,-7.74,6.209,8.705,1.50,15
$GNSS,2024-10-11T18:24:08.800Z,34.6860265,-76.7970826,2386.083,-34.15,-51.61,-7.79,6.226,8.712,1.45,16
$GNSS,2024-10-11T18:24:09.000Z,34.6859644,-76.7971946,2387.661,-34.25,-51.49,-7.91,6.243,8.719,1.45,16
$GNSS,2024-10-11T18:24:09.200Z,34.6859017,-76.7973052,2389.275,-34.61,-50.61,-7.92,6.258,8.718,1.51,17
$GNSS,2024-10-11T18:24:09.400Z,34.6858385,-76.7974137,2390.841,-35.08,-49.98,-8.13,6.275,8.715,1.53,17
$GNSS,2024-10-11T18:24:09.600Z,34.6857745,-76.7975208,2392.265,-35.61,-49.29,-8.04,6.295,8.714,1.59,17
$GNSS,2024-10-11T18:24:09.800Z,34.6857092,-76.7976266,2393.625,-36.33,-48.74,-7.87,6.316,8.712,1.58,17
$GNSS,2024-10-11T18:24:10.000Z,34.6856420,-76.7977322,2395.176,-37.14,-48.05,-7.65,6.341,8.714,1.67,17
$GNSS,2024-10-11T18:24:10.200Z,34.6855720,-76.7978387,2396.937,-38.22,-47.88,-7.41,6.372,8.728,1.75,16
$GNSS,2024-10-11T18:24:10.400Z,34.6854997,-76.7979432,2398.546,-39.44,-47.03,-7.00,6.405,8.745,1.65,16
$GNSS,2024-10-11T18:24:10.600Z,34.6854262,-76.7980459,2400.060,-40.20,-46.30,-6.68,6.437,8.766,1.65,16
$GNSS,2024-10-11T18:24:10.800Z,34.6853533,-76.7981444,2401.566,-40.38,-45.09,-6.83,6.467,8.786,1.57,16
$GNSS,2024-10-11T18:24:11.000Z,34.6852794,-76.7982417,2403.068,-40.84,-44.35,-6.95,6.492,8.806,1.54,16
$GNSS,2024-10-11T18:24:11.200Z,34.6852028,-76.7983386,2404.433,-42.25,-44.06,-6.90,6.517,8.827,1.60,16
$GNSS,2024-10-11T18:24:11.400Z,34.6851236,-76.7984355,2405.880,-43.41,-43.62,-6.75,6.539,8.846,1.58,16
$GNSS,2024-10-11T18:24:11.600Z,34.6850442,-76.7985298,2407.449,-43.74,-42.76,-6.89,6.557,8.863,1.56,16
$GNSS,2024-10-11T18:24:11.800Z,34.6849640,-76.7986211,2408.969,-44.66,-42.03,-7.32,6.577,8.881,1.54,16
$GNSS,2024-10-11T18:24:12.000Z,34.6848832,-76.7987111,2410.500,-44.87,-41.32,-7.53,6.595,8.897,1.52,16
$GNSS,2024-10-11T18:24:12.200Z,34.6848028,-76.7987991,2412.096,-44.88,-40.76,-7.94,6.613,8.915,1.53,16
$GNSS,2024-10-11T18:24:12.400Z,34.6847210,-76.7988869,2413.996,-45.15,-40.00,-8.29,6.631,8.934,1.49,16
$GNSS,2024-10-11T18:24:12.600Z,34.6846398,-76.7989729,2415.786,-45.02,-39.42,-8.39,6.651,8.958,1.49,15
$GNSS,2024-10-11T18:24:12.800Z,34.6845562,-76.7990597,2417.328,-45.80,-39.19,-7.98,6.677,8.988,1.57,14
$GNSS,2024-10-11T18:24:13.000Z,34.6844711,-76.7991477,2419.272,-46.02,-39.04,-7.90,6.700,9.016,1.64,15
$GNSS,2024-10-11T18:24:13.200Z,34.6843855,-76.7992325,2420.927,-46.85,-38.33,-7.88,6.724,9.043,1.61,15
$GNSS,2024-10-11T18:24:13.400Z,34.6842978,-76.7993160,2422.383,-48.18,-38.04,-7.84,6.745,9.064,1.68,15
$GNSS,2024-10-11T18:24:13.600Z,34.6842087,-76.7993990,2423.744,-48.85,-37.67,-7.56,6.770,9.086,1.74,15
$GNSS,2024-10-11T18:24:13.800Z,34.6841183,-76.7994809,2425.110,-49.86,-37.58,-7.64,6.798,9.108,1.80,15
$GNSS,2024-10-11T18:24:14.000Z,34.6840269,-76.7995617,2426.432,-50.45,-37.07,-7.57,6.828,9.131,1.81,15
$GNSS,2024-10-11T18:24:14.200Z,34.6839344,-76.7996414,2427.895,-50.85,-36.05,-7.42,6.865,9.160,1.88,14
$GNSS,2024-10-11T18:24:14.400Z,34.6838418,-76.7997196,2429.002,-51.04,-35.71,-6.98,6.902,9.192,1.87,14
$GNSS,2024-10-11T18:24:14.600Z,34.6837504,-76.7997937,2430.170,-50.70,-34.06,-6.67,6.937,9.222,1.75,13
$GNSS,2024-10-11T18:24:14.800Z,34.6836586,-76.7998620,2431.060,-51.84,-32.70,-6.69,6.967,9.243,1.66,15
$GNSS,2024-10-11T18:24:15.000Z,34.6835632,-76.7999302,2432.351,-53.33,-32.02,-6.99,6.997,9.263,1.71,15
$GNSS,2024-10-11T18:24:15.200Z,34.6834663,-76.7999970,2433.439,-54.46,-31.60,-7.24,7.025,9.292,1.65,14
$GNSS,2024-10-11T18:24:15.400Z,34.6833679,-76.8000637,2434.920,-54.87,-30.87,-7.25,7.057,9.314,1.66,14
$GNSS,2024-10-11T18:24:15.600Z,34.6832691,-76.8001298,2436.764,-54.62,-30.06,-7.40,7.088,9.334,1.64,14
$GNSS,2024-10-11T18:24:15.800Z,34.6831716,-76.8001946,2438.678,-53.94,-29.50,-7.58,7.123,9.361,1.68,14
$GNSS,2024-10-11T18:24:16.000Z,34.6830750,-76.8002558,2440.176,-53.96,-28.46,-7.54,7.160,9.388,1.70,14
$GNSS,2024-10-11T18:24:16.200Z,34.6829786,-76.8003130,2441.525,-54.53,-27.46,-7.79,7.195,9.409,1.67,14
$GNSS,2024-10-11T18:24:16.400Z,34.6828807,-76.8003697,2442.801,-55.11,-26.80,-7.64,7.234,9.431,1.69,13
$GNSS,2024-10-11T18:24:16.600Z,34.6827804,-76.8004251,2443.923,-56.02,-25.77,-7.09,7.275,9.466,1.72,12
$GNSS,2024-10-11T18:24:16.800Z,34.6826762,-76.8004823,2445.270,-57.48,-26.04,-6.83,7.317,9.499,1.79,13
$GNSS,2024-10-11T18:24:17.000Z,34.6825702,-76.8005403,2446.704,-58.24,-26.21,-6.59,7.361,9.533,1.82,13
$GNSS,2024-10-11T18:24:17.200Z,34.6824646,-76.8005938,2447.627,-59.09,-25.21,-6.31,7.426,9.579,1.87,12
$GNSS,2024-10-11T18:24:17.400Z,34.6823558,-76.8006465,2448.489,-59.96,-24.16,-5.84,7.474,9.619,1.81,13
$GNSS,2024-10-11T18:24:17.600Z,34.6822456,-76.8006979,2449.273,-60.70,-23.56,-5.41,7.521,9.655,1.78,13
$GNSS,2024-10-11T18:24:17.800Z,34.6821354,-76.8007468,2449.950,-61.05,-22.71,-5.03,7.564,9.688,1.73,13
$GNSS,2024-10-11T18:24:18.000Z,34.6820259,-76.8007932,2450.695,-61.33,-22.13,-4.99,7.593,9.724,1.73,14
$GNSS,2024-10-11T18:24:18.200Z,34.6819171,-76.8008359,2450.831,-61.86,-21.55,-4.77,7.615,9.735,1.68,15
$GNSS,2024-10-11T18:24:18.400Z,34.6818087,-76.8008786,2451.149,-61.61,-21.43,-4.71,7.633,9.747,1.55,15
$GNSS,2024-10-11T18:24:18.600Z,34.6816995,-76.8009214,2451.804,-61.39,-20.84,-4.80,7.651,9.759,1.59,15
$GNSS,2024-10-11T18:24:18.800Z,34.6815881,-76.8009626,2452.161,-62.14,-19.85,-4.42,7.675,9.775,1.60,14
$GNSS,2024-10-11T18:24:19.000Z,34.6814745,-76.8010017,2452.804,-63.05,-18.52,-4.27,7.693,9.785,1.48,14
$GNSS,2024-10-11T18:24:19.200Z,34.6813608,-76.8010384,2453.478,-63.29,-17.58,-4.28,7.708,9.795,1.46,14
$GNSS,2024-10-11T18:24:19.400Z,34.6812471,-76.8010706,2454.483,-63.26,-15.55,-4.66,7.730,9.816,1.52,13
$GNSS,2024-10-11T18:24:19.600Z,34.6811331,-76.8011011,2455.363,-63.10,-14.48,-4.65,7.749,9.831,1.50,13
$GNSS,2024-10-11T18:24:19.800Z,34.6810174,-76.8011308,2456.551,-63.66,-13.68,-4.98,7.765,9.848,1.47,13
$GNSS,2024-10-11T18:24:20.000Z,34.6808983,-76.8011608,2457.960,-64.60,-12.90,-5.05,7.776,9.855,1.50,14
$GNSS,2024-10-11T18:24:20.200Z,34.6807787,-76.8011878,2459.361,-65.37,-11.99,-5.40,7.788,9.864,1.52,14
$GNSS,2024-10-11T18:24:20.400Z,34.6806583,-76.8012141,2460.735,-65.66,-11.42,-5.47,7.800,9.870,1.49,14
$GNSS,2024-10-11T18:24:20.600Z,34.6805356,-76.8012357,2462.685,-65.93,-8.54,-5.81,7.816,9.884,1.53,14
$GNSS,2024-10-11T18:24:20.800Z,34.6804135,-76.8012528,2464.235,-66.00,-6.89,-5.66,7.827,9.893,1.48,14
$GNSS,2024-10-11T18:24:21.000Z,34.6802920,-76.8012665,2465.596,-66.00,-5.63,-5.47,7.835,9.898,1.46,14
$GNSS,2024-10-11T18:24:21.200Z,34.6801700,-76.8012806,2467.148,-65.76,-5.30,-5.41,7.844,9.905,1.53,14
$GNSS,2024-10-11T18:24:21.400Z,34.6800507,-76.8012919,2468.364,-65.18,-4.87,-5.39,7.852,9.913,1.53,14
$GNSS,2024-10-11T18:24:21.600Z,34.6799298,-76.8013022,2469.886,-65.95,-4.49,-5.93,7.862,9.926,1.53,13
$GNSS,2024-10-11T18:24:21.800Z,34.6798057,-76.8013141,2471.922,-66.33,-4.10,-6.25,7.874,9.941,1.53,13
$GNSS,2024-10-11T18:24:22.000Z,34.6796828,-76.8013224,2473.845,-66.57,-3.23,-6.79,7.886,9.954,1.51,13
$GNSS,2024-10-11T18:24:22.200Z,34.6795624,-76.8013237,2475.285,-66.19,-1.04,-6.88,7.905,9.975,1.57,13
$GNSS,2024-10-11T18:24:22.400Z,34.6794391,-76.8013241,2476.778,-67.09,-0.08,-6.74,7.923,9.987,1.50,13
$GNSS,2024-10-11T18:24:22.600Z,34.6793154,-76.8013234,2478.305,-67.45,0.38,-6.79,7.937,10.000,1.46,13
$GNSS,2024-10-11T18:24:22.800Z,34.6791910,-76.8013177,2479.957,-68.14,2.24,-7.15,7.953,10.010,1.45,13
$GNSS,2024-10-11T18:24:23.000Z,34.6790673,-76.8013094,2481.366,-68.16,3.15,-7.24,7.969,10.021,1.46,13
$GNSS,2024-10-11T18:24:23.200Z,34.6789439,-76.8012998,2482.508,-68.23,3.75,-7.05,7.978,10.027,1.56,14
$GNSS,2024-10-11T18:24:23.400Z,34.6788190,-76.8012897,2483.965,-68.46,4.53,-7.04,7.989,10.034,1.57,14
$GNSS,2024-10-11T18:24:23.600Z,34.6786955,-76.8012767,2485.313,-67.85,5.70,-6.88,7.997,10.036,1.57,14
$GNSS,2024-10-11T18:24:23.800Z,34.6785727,-76.8012616,2486.564,-67.70,6.43,-6.75,8.001,10.036,1.55,14
$GNSS,2024-10-11T18:24:24.000Z,34.6784496,-76.8012454,2488.172,-67.48,7.22,-7.09,8.002,10.037,1.55,14
$GNSS,2024-10-11T18:24:24.200Z,34.6783265,-76.8012261,2489.750,-67.51,8.51,-7.20,8.006,10.047,1.53,14
$GNSS,2024-10-11T18:24:24.400Z,34.6782058,-76.8012017,2490.799,-67.18,10.00,-7.11,7.961,10.040,1.49,15
$GNSS,2024-10-11T18:24:24.600Z,34.6780848,-76.8011738,2491.809,-67.48,11.54,-7.07,7.921,10.043,1.50,14
$GNSS,2024-10-11T18:24:24.800Z,34.6779627,-76.8011445,2492.761,-67.67,12.56,-6.85,7.815,9.982,1.46,15
$GNSS,2024-10-11T18:24:25.000Z,34.6778393,-76.8011150,2493.918,-67.72,13.25,-6.61,7.712,9.931,1.47,15
$GNSS,2024-10-11T18:24:25.200Z,34.6777172,-76.8010831,2494.720,-67.42,13.98,-6.26,7.614,9.878,1.46,16
$GNSS,2024-10-11T18:24:25.400Z,34.6775941,-76.8010483,2495.350,-67.99,15.08,-5.87,7.521,9.824,1.42,16
$GNSS,2024-10-11T18:24:25.600Z,34.6774686,-76.8010139,2496.651,-67.86,16.03,-5.65,7.435,9.774,1.46,16
$GNSS,2024-10-11T18:24:25.800Z,34.6773435,-76.8009785,2498.250,-67.47,16.69,-5.91,7.357,9.729,1.41,16
$GNSS,2024-10-11T18:24:26.000Z,34.6772184,-76.8009399,2499.769,-68.01,17.61,-6.48,7.285,9.684,1.47,16
$GNSS,2024-10-11T18:24:26.200Z,34.6770959,-76.8008992,2500.804,-67.39,17.83,-6.58,7.220,9.641,1.37,16
$GNSS,2024-10-11T18:24:26.400Z,34.6769759,-76.8008546,2501.327,-67.15,18.91,-6.78,7.156,9.595,1.40,16
$GNSS,2024-10-11T18:24:26.600Z,34.6768558,-76.8008078,2501.976,-66.81,20.20,-6.69,7.097,9.556,1.44,16
$GNSS,2024-10-11T18:24:26.800Z,34.6767363,-76.8007570,2502.354,-66.33,21.98,-5.94,7.040,9.516,1.44,16
$GNSS,2024-10-11T18:24:27.000Z,34.6766162,-76.8007044,2503.350,-65.47,23.72,-5.39,6.987,9.478,1.34,16
$GNSS,2024-10-11T18:24:27.200Z,34.6764974,-76.8006484,2504.231,-65.28,25.46,-5.24,6.943,9.446,1.36,16
$GNSS,2024-10-11T18:24:27.400Z,34.6763781,-76.8005906,2504.956,-65.04,26.79,-5.00,6.890,9.406,1.34,18
$GNSS,2024-10-11T18:24:27.600Z,34.6762602,-76.8005307,2505.522,-64.54,27.56,-4.88,6.837,9.364,1.32,18
$GNSS,2024-10-11T18:24:27.800Z,34.6761440,-76.8004686,2506.238,-63.61,28.66,-5.05,6.789,9.327,1.33,18
$GNSS,2024-10-11T18:24:28.000Z,34.6760293,-76.8004048,2507.040,-62.92,29.26,-5.22,6.746,9.296,1.33,17
$GNSS,2024-10-11T18:24:28.200Z,34.6759151,-76.8003413,2508.060,-62.74,29.12,-5.61,6.709,9.272,1.42,17
$GNSS,2024-10-11T18:24:28.400Z,34.6758019,-76.8002735,2508.753,-62.08,31.02,-5.41,6.669,9.245,1.34,17
$GNSS,2024-10-11T18:24:28.600Z,34.6756893,-76.8002010,2509.707,-61.52,33.04,-5.59,6.624,9.211,1.26,18
$GNSS,2024-10-11T18:24:28.800Z,34.6755775,-76.8001249,2510.353,-60.71,34.28,-5.19,6.572,9.168,1.25,17
$GNSS,2024-10-11T18:24:29.000Z,34.6754672,-76.8000479,2511.069,-60.36,34.99,-5.28,6.531,9.128,1.21,13
$GNSS,2024-10-11T18:24:29.200Z,34.6753567,-76.7999703,2511.724,-59.96,35.25,-5.13,6.488,9.088,1.08,14
$GNSS,2024-10-11T18:24:29.400Z,34.6752472,-76.7998925,2512.202,-59.54,35.20,-4.85,6.447,9.050,1.02,14
$GNSS,2024-10-11T18:24:29.600Z,34.6751380,-76.7998139,2512.817,-59.17,36.28,-4.91,6.414,9.021,1.03,13
$GNSS,2024-10-11T18:24:29.800Z,34.6750313,-76.7997320,2513.041,-58.16,37.46,-4.67,6.384,8.995,1.04,13
$GNSS,2024-10-11T18:24:30.000Z,34.6749255,-76.7996502,2513.362,-57.60,37.87,-4.48,6.358,8.977,1.29,14
$GNSS,2024-10-11T18:24:30.200Z,34.6748212,-76.7995615,2514.108,-56.81,39.84,-4.30,6.323,8.949,1.28,17
$GNSS,2024-10-11T18:24:30.400Z,34.6747191,-76.7994702,2514.680,-55.89,41.15,-4.51,6.289,8.922,1.28,18
$GNSS,2024-10-11T18:24:30.600Z,34.6746178,-76.7993772,2515.375,-55.31,41.93,-4.78,6.253,8.899,1.32,19
$GNSS,2024-10-11T18:24:30.800Z,34.6745154,-76.7992792,2516.928,-55.03,44.39,-5.08,6.226,8.879,1.33,17
$GNSS,2024-10-11T18:24:31.000Z,34.6744131,-76.7991795,2518.458,-54.75,45.46,-5.11,6.203,8.868,1.44,17
$GNSS,2024-10-11T18:24:31.200Z,34.6743162,-76.7990808,2519.430,-52.65,44.82,-5.09,6.177,8.845,1.35,17
$GNSS,2024-10-11T18:24:31.400Z,34.6742200,-76.7989789,2520.590,-52.70,46.03,-5.43,6.156,8.826,1.45,16
$GNSS,2024-10-11T18:24:31.600Z,34.6741243,-76.7988762,2521.888,-52.44,46.42,-5.92,6.136,8.808,1.47,16
$GNSS,2024-10-11T18:24:31.800Z,34.6740296,-76.7987713,2523.551,-51.46,47.55,-6.59,6.115,8.786,1.34,17
$GNSS,2024-10-11T18:24:32.000Z,34.6739360,-76.7986650,2525.228,-50.82,48.08,-7.00,6.094,8.764,1.34,17
$GNSS,2024-10-11T18:24:32.200Z,34.6738445,-76.7985563,2527.058,-49.43,49.26,-7.27,6.075,8.746,1.35,17
$GNSS,2024-10-11T18:24:32.400Z,34.6737538,-76.7984460,2528.910,-48.90,49.95,-7.30,6.056,8.737,1.37,16
$GNSS,2024-10-11T18:24:32.600Z,34.6736647,-76.7983410,2531.323,-48.27,48.07,-8.22,6.039,8.732,1.45,16
$GNSS,2024-10-11T18:24:32.800Z,34.6735763,-76.7982367,2533.661,-47.93,47.76,-8.68,6.027,8.729,1.46,16
$GNSS,2024-10-11T18:24:33.000Z,34.6734896,-76.7981318,2536.075,-47.25,48.05,-9.19,6.023,8.738,1.66,15
$GNSS,2024-10-11T18:24:33.200Z,34.6734022,-76.7980171,2537.636,-47.16,51.48,-8.14,6.019,8.738,1.47,13
$GNSS,2024-10-11T18:24:33.400Z,34.6733172,-76.7979000,2539.448,-45.94,52.88,-7.61,6.004,8.721,1.36,15
$GNSS,2024-10-11T18:24:33.600Z,34.6732307,-76.7977800,2540.749,-45.88,53.79,-6.84,5.983,8.699,1.28,16
$GNSS,2024-10-11T18:24:33.800Z,34.6731444,-76.7976585,2542.260,-45.59,54.65,-6.41,5.965,8.682,1.33,15
$GNSS,2024-10-11T18:24:34.000Z,34.6730612,-76.7975365,2543.789,-44.33,55.01,-6.42,5.948,8.662,1.32,16
$GNSS,2024-10-11T18:24:34.200Z,34.6729801,-76.7974138,2545.138,-43.34,55.23,-6.45,5.931,8.639,1.29,17
$GNSS,2024-10-11T18:24:34.400Z,34.6729002,-76.7972910,2546.706,-42.72,55.43,-6.83,5.918,8.619,1.29,16
$GNSS,2024-10-11T18:24:34.600Z,34.6728209,-76.7971666,2548.337,-41.99,55.90,-6.75,5.906,8.597,1.25,16
$GNSS,2024-10-11T18:24:34.800Z,34.6727430,-76.7970421,2549.967,-41.11,55.96,-6.78,5.894,8.576,1.26,15
$GNSS,2024-10-11T18:24:35.000Z,34.6726690,-76.7969163,2551.880,-39.75,56.84,-6.99,5.890,8.560,1.44,14
$GNSS,2024-10-11T18:24:35.200Z,34.6725960,-76.7967879,2554.046,-39.12,57.93,-7.45,5.887,8.548,1.39,15
$GNSS,2024-10-11T18:24:35.400Z,34.6725238,-76.7966581,2556.368,-38.59,58.57,-7.84,5.882,8.528,1.32,15
$GNSS,2024-10-11T18:24:35.600Z,34.6724559,-76.7965251,2558.145,-36.75,59.72,-8.02,5.878,8.511,1.36,15
$GNSS,2024-10-11T18:24:35.800Z,34.6723912,-76.7963900,2559.631,-35.40,60.45,-7.99,5.872,8.491,1.28,15
$GNSS,2024-10-11T18:24:36.000Z,34.6723285,-76.7962544,2561.350,-34.28,60.78,-8.31,5.867,8.476,1.31,15
$GNSS,2024-10-11T18:24:36.200Z,34.6722668,-76.7961186,2563.093,-33.78,60.77,-8.60,5.861,8.462,1.28,15
$GNSS,2024-10-11T18:24:36.400Z,34.6722066,-76.7959805,2564.495,-33.35,61.59,-8.68,5.853,8.444,1.23,15
$GNSS,2024-10-11T18:24:36.600Z,34.6721473,-76.7958418,2565.501,-32.93,61.63,-8.13,5.843,8.426,1.20,14
$GNSS,2024-10-11T18:24:36.800Z,34.6720900,-76.7957020,2566.665,-31.58,62.26,-7.84,5.833,8.410,1.17,14
$GNSS,2024-10-11T18:24:37.000Z,34.6720366,-76.7955606,2567.650,-29.60,62.82,-7.47,5.826,8.402,1.24,13
$GNSS,2024-10-11T18:24:37.200Z,34.6719847,-76.7954195,2568.771,-28.68,62.84,-7.25,5.820,8.397,1.24,13
$GNSS,2024-10-11T18:24:37.400Z,34.6719341,-76.7952779,2569.669,-27.89,62.99,-6.69,5.813,8.379,1.22,13
$GNSS,2024-10-11T18:24:37.600Z,34.6718851,-76.7951352,2570.919,-26.67,63.75,-6.60,5.809,8.370,1.30,13
$GNSS,2024-10-11T18:24:37.800Z,34.6718373,-76.7949898,2572.539,-25.75,65.11,-6.84,5.808,8.356,1.24,13
$GNSS,2024-10-11T18:24:38.000Z,34.6717919,-76.7948424,2573.789,-24.97,65.87,-6.84,5.805,8.339,1.23,13
$GNSS,2024-10-11T18:24:38.200Z,34.6717466,-76.7946949,2575.089,-24.60,65.94,-6.91,5.797,8.318,1.13,14
$GNSS,2024-10-11T18:24:38.400Z,34.6717007,-76.7945479,2576.713,-24.49,65.71,-7.16,5.788,8.299,1.10,14
$GNSS,2024-10-11T18:24:38.600Z,34.6716562,-76.7944006,2578.261,-24.09,65.81,-7.20,5.780,8.278,1.09,13
$GNSS,2024-10-11T18:24:38.800Z,34.6716150,-76.7942522,2579.876,-22.42,66.45,-7.46,5.772,8.259,1.10,13
$GNSS,2024-10-11T18:24:39.000Z,34.6715765,-76.7941029,2581.511,-20.96,66.76,-7.69,5.763,8.236,1.10,13
$GNSS,2024-10-11T18:24:39.200Z,34.6715393,-76.7939537,2583.253,-20.45,66.90,-8.26,5.755,8.216,1.12,13
$GNSS,2024-10-11T18:24:39.400Z,34.6715037,-76.7938049,2585.067,-19.91,66.79,-8.86,5.751,8.205,1.27,12
$GNSS,2024-10-11T18:24:39.600Z,34.6714696,-76.7936563,2586.926,-19.15,66.67,-9.37,5.746,8.191,1.25,12
$GNSS,2024-10-11T18:24:39.800Z,34.6714361,-76.7935077,2588.617,-18.59,66.62,-9.21,5.740,8.180,1.26,12
$GNSS,2024-10-11T18:24:40.000Z,34.6714030,-76.7933588,2590.387,-18.40,66.79,-9.24,5.736,8.171,1.25,12
$GNSS,2024-10-11T18:24:40.200Z,34.6713689,-76.7932094,2591.994,-18.84,67.18,-8.96,5.736,8.171,1.35,11
$GNSS,2024-10-11T18:24:40.400Z,34.6713358,-76.7930596,2593.463,-18.61,67.52,-8.76,5.738,8.171,1.35,11
$GNSS,2024-10-11T18:24:40.600Z,34.6713042,-76.7929099,2594.925,-18.09,67.66,-8.85,5.739,8.170,1.35,11
$GNSS,2024-10-11T18:24:40.800Z,34.6712706,-76.7927595,2596.610,-18.37,67.79,-8.64,5.747,8.177,1.43,11
$GNSS,2024-10-11T18:24:41.000Z,34.6712376,-76.7926086,2597.961,-18.26,68.11,-8.12,5.762,8.192,1.44,11
$GNSS,2024-10-11T18:24:41.200Z,34.6712048,-76.7924575,2599.413,-18.14,68.12,-8.14,5.782,8.202,1.50,12
$GNSS,2024-10-11T18:24:41.400Z,34.6711748,-76.7923067,2600.841,-17.08,68.25,-8.36,5.802,8.214,1.51,12
$GNSS,2024-10-11T18:24:41.600Z,34.6711438,-76.7921552,2602.442,-16.96,68.26,-8.39,5.826,8.231,1.56,12
$GNSS,2024-10-11T18:24:41.800Z,34.6711124,-76.7920034,2604.086,-17.03,68.39,-8.41,5.844,8.249,1.57,12
$GNSS,2024-10-11T18:24:42.000Z,34.6710834,-76.7918527,2605.622,-16.30,68.15,-8.56,5.861,8.268,1.55,12
$GNSS,2024-10-11T18:24:42.200Z,34.6710550,-76.7917035,2607.056,-15.49,67.56,-8.41,5.877,8.293,1.52,12
$GNSS,2024-10-11T18:24:42.400Z,34.6710277,-76.7915555,2608.568,-15.08,66.81,-8.58,5.887,8.311,1.37,13
$GNSS,2024-10-11T18:24:42.600Z,34.6710007,-76.7914084,2610.275,-14.68,66.22,-8.86,5.895,8.331,1.35,13
$GNSS,2024-10-11T18:24:42.800Z,34.6709738,-76.7912614,2612.016,-14.70,66.26,-9.12,5.906,8.349,1.33,12
$GNSS,2024-10-11T18:24:43.000Z,34.6709475,-76.7911144,2614.170,-14.27,66.05,-9.50,5.921,8.381,1.32,11
$GNSS,2024-10-11T18:24:43.200Z,34.6709220,-76.7909685,2616.183,-14.04,65.76,-9.84,5.936,8.411,1.33,11
$GNSS,2024-10-11T18:24:43.400Z,34.6708968,-76.7908226,2618.244,-14.10,65.91,-10.43,5.951,8.436,1.32,11
$GNSS,2024-10-11T18:24:43.600Z,34.6708726,-76.7906763,2620.553,-13.44,65.98,-10.94,5.963,8.457,1.30,11
$GNSS,2024-10-11T18:24:43.800Z,34.6708492,-76.7905315,2622.639,-12.93,65.36,-11.03,5.975,8.478,1.38,11
$GNSS,2024-10-11T18:24:44.000Z,34.6708250,-76.7903859,2625.139,-13.02,65.36,-11.29,5.993,8.497,1.39,10
$GNSS,2024-10-11T18:24:44.200Z,34.6708000,-76.7902398,2627.535,-13.50,65.77,-11.48,6.010,8.516,1.39,10
$GNSS,2024-10-11T18:24:44.400Z,34.6707745,-76.7900944,2629.904,-13.59,65.33,-11.35,6.026,8.536,1.38,10
$GNSS,2024-10-11T18:24:44.600Z,34.6707486,-76.7899477,2632.468,-13.58,65.82,-11.27,6.043,8.549,1.38,10
$GNSS,2024-10-11T18:24:44.800Z,34.6707225,-76.7898010,2635.278,-13.65,65.62,-11.45,6.058,8.561,1.37,10
$GNSS,2024-10-11T18:24:45.000Z,34.6706971,-76.7896538,2638.068,-13.40,65.96,-11.59,6.072,8.571,1.33,10
$GNSS,2024-10-11T18:24:45.200Z,34.6706718,-76.7895058,2640.544,-13.23,66.45,-11.33,6.089,8.585,1.44,10
$GNSS,2024-10-11T18:24:45.400Z,34.6706455,-76.7893567,2643.142,-13.64,66.81,-11.45,6.097,8.598,1.42,11
$GNSS,2024-10-11T18:24:45.600Z,34.6706197,-76.7892087,2645.534,-13.67,66.45,-11.54,6.104,8.610,1.41,11
$GNSS,2024-10-11T18:24:45.800Z,34.6705939,-76.7890599,2648.038,-13.75,66.77,-11.80,6.111,8.623,1.36,11
$GNSS,2024-10-11T18:24:46.000Z,34.6705689,-76.7889133,2650.534,-12.83,65.76,-11.44,6.119,8.639,1.42,11
$GNSS,2024-10-11T18:24:46.200Z,34.6705443,-76.7887670,2653.174,-12.64,65.59,-11.38,6.125,8.649,1.39,12
$GNSS,2024-10-11T18:24:46.400Z,34.6705193,-76.7886213,2655.731,-13.06,65.41,-11.49,6.130,8.660,1.39,12
$GNSS,2024-10-11T18:24:46.600Z,34.6704964,-76.7884753,2657.542,-12.43,65.94,-10.99,6.138,8.675,1.45,12
$GNSS,2024-10-11T18:24:46.800Z,34.6704730,-76.7883295,2659.537,-12.43,65.73,-10.62,6.148,8.689,1.44,12
$GNSS,2024-10-11T18:24:47.000Z,34.6704501,-76.7881846,2661.637,-12.17,65.23,-10.49,6.156,8.706,1.42,12
$GNSS,2024-10-11T18:24:47.200Z,34.6704265,-76.7880400,2664.010,-12.53,65.01,-10.74,6.161,8.717,1.40,12
$GNSS,2024-10-11T18:24:47.400Z,34.6704024,-76.7878959,2666.305,-12.69,64.88,-10.69,6.163,8.728,1.39,12
$GNSS,2024-10-11T18:24:47.600Z,34.6703802,-76.7877517,2668.340,-12.05,64.90,-10.55,6.162,8.734,1.36,12
$GNSS,2024-10-11T18:24:47.800Z,34.6703592,-76.7876083,2670.156,-11.47,64.71,-10.23,6.159,8.742,1.38,12
$GNSS,2024-10-11T18:24:48.000Z,34.6703376,-76.7874638,2672.055,-11.77,65.22,-10.14,6.159,8.752,1.43,12
$GNSS,2024-10-11T18:24:48.200Z,34.6703160,-76.7873193,2674.124,-11.43,65.21,-9.84,6.160,8.765,1.45,12
$GNSS,2024-10-11T18:24:48.400Z,34.6702953,-76.7871753,2676.044,-11.34,64.93,-9.61,6.152,8.766,1.39,14
$GNSS,2024-10-11T18:24:48.600Z,34.6702764,-76.7870306,2678.069,-10.81,65.23,-9.93,6.137,8.767,1.36,15
$GNSS,2024-10-11T18:24:48.800Z,34.6702560,-76.7868865,2680.275,-11.30,65.07,-9.93,6.126,8.775,1.43,14
$GNSS,2024-10-11T18:24:49.000Z,34.6702345,-76.7867414,2682.231,-11.76,65.37,-9.79,6.121,8.784,1.45,14
$GNSS,2024-10-11T18:24:49.200Z,34.6702146,-76.7865972,2684.219,-11.66,65.30,-9.98,6.124,8.800,1.50,12
$GNSS,2024-10-11T18:24:49.400Z,34.6701959,-76.7864531,2686.008,-11.15,65.33,-9.98,6.128,8.814,1.51,12
$GNSS,2024-10-11T18:24:49.600Z,34.6701784,-76.7863100,2687.890,-10.40,64.84,-9.94,6.124,8.815,1.42,13
$GNSS,2024-10-11T18:24:49.800Z,34.6701617,-76.7861663,2689.835,-9.89,65.06,-9.93,6.118,8.815,1.43,13
$GNSS,2024-10-11T18:24:50.000Z,34.6701446,-76.7860228,2691.883,-10.01,64.90,-9.97,6.113,8.816,1.42,13
$GNSS,2024-10-11T18:24:50.200Z,34.6701270,-76.7858796,2694.032,-10.25,64.73,-10.09,6.107,8.819,1.41,13
$GNSS,2024-10-11T18:24:50.400Z,34.6701086,-76.7857366,2696.346,-10.57,64.63,-10.33,6.103,8.825,1.42,13
$GNSS,2024-10-11T18:24:50.600Z,34.6700899,-76.7855931,2698.433,-10.84,64.95,-10.45,6.101,8.838,1.47,13
$GNSS,2024-10-11T18:24:50.800Z,34.6700698,-76.7854497,2700.690,-11.28,64.70,-10.37,6.102,8.853,1.48,13
$GNSS,2024-10-11T18:24:51.000Z,34.6700510,-76.7853061,2702.984,-10.76,65.01,-10.49,6.103,8.866,1.46,13
$GNSS,2024-10-11T18:24:51.200Z,34.6700314,-76.7851607,2705.041,-11.07,65.76,-10.40,6.103,8.877,1.47,13
$GNSS,2024-10-11T18:24:51.400Z,34.6700124,-76.7850154,2707.155,-10.95,65.78,-10.53,6.103,8.888,1.47,13
$GNSS,2024-10-11T18:24:51.600Z,34.6699929,-76.7848711,2709.400,-10.99,65.20,-10.38,6.102,8.897,1.47,13
$GNSS,2024-10-11T18:24:51.800Z,34.6699730,-76.7847272,2711.393,-11.17,64.94,-10.01,6.099,8.903,1.48,13
$GNSS,2024-10-11T18:24:52.000Z,34.6699538,-76.7845828,2713.220,-10.87,65.24,-9.71,6.092,8.904,1.43,14
$GNSS,2024-10-11T18:24:52.200Z,34.6699352,-76.7844392,2714.717,-10.76,64.86,-9.27,6.080,8.897,1.33,14
$GNSS,2024-10-11T18:24:52.400Z,34.6699176,-76.7842965,2716.549,-10.16,64.66,-9.34,6.070,8.892,1.36,13
$GNSS,2024-10-11T18:24:52.600Z,34.6698986,-76.7841537,2718.719,-10.84,64.64,-9.70,6.060,8.884,1.35,13
$GNSS,2024-10-11T18:24:52.800Z,34.6698797,-76.7840108,2721.065,-10.56,64.57,-9.78,6.051,8.878,1.35,13
$GNSS,2024-10-11T18:24:53.000Z,34.6698608,-76.7838673,2723.383,-10.68,64.93,-10.01,6.042,8.871,1.34,13
$GNSS,2024-10-11T18:24:53.200Z,34.6698419,-76.7837233,2725.443,-10.73,64.94,-9.74,6.031,8.863,1.32,14
$GNSS,2024-10-11T18:24:53.400Z,34.6698228,-76.7835803,2727.441,-10.89,64.50,-9.51,6.019,8.852,1.32,14
$GNSS,2024-10-11T18:24:53.600Z,34.6698044,-76.7834370,2729.160,-10.56,64.75,-9.24,6.006,8.840,1.31,14
$GNSS,2024-10-11T18:24:53.800Z,34.6697850,-76.7832932,2731.241,-10.90,64.84,-9.16,5.995,8.830,1.31,14
$GNSS,2024-10-11T18:24:54.000Z,34.6697658,-76.7831485,2733.191,-10.83,65.38,-9.00,5.987,8.820,1.34,14
$GNSS,2024-10-11T18:24:54.200Z,34.6697463,-76.7830030,2734.792,-10.92,65.69,-8.44,5.983,8.811,1.35,13
$GNSS,2024-10-11T18:24:54.400Z,34.6697275,-76.7828581,2736.206,-10.78,65.67,-8.13,5.987,8.807,1.41,12
$GNSS,2024-10-11T18:24:54.600Z,34.6697095,-76.7827130,2737.762,-10.64,66.11,-8.59,5.994,8.804,1.42,11
$GNSS,2024-10-11T18:24:54.800Z,34.6696905,-76.7825672,2739.078,-10.93,66.30,-8.59,5.993,8.798,1.39,12
$GNSS,2024-10-11T18:24:55.000Z,34.6696707,-76.7824226,2740.464,-11.11,65.65,-8.36,5.991,8.794,1.39,12
$GNSS,2024-10-11T18:24:55.200Z,34.6696514,-76.7822783,2742.073,-10.99,65.55,-8.53,5.987,8.788,1.36,13
$GNSS,2024-10-11T18:24:55.400Z,34.6696327,-76.7821336,2743.806,-10.57,65.71,-8.68,5.984,8.783,1.38,13
$GNSS,2024-10-11T18:24:55.600Z,34.6696138,-76.7819892,2745.509,-10.68,65.67,-8.88,5.982,8.777,1.41,12
$GNSS,2024-10-11T18:24:55.800Z,34.6695941,-76.7818447,2747.564,-10.86,65.72,-9.46,5.983,8.777,1.41,11
$GNSS,2024-10-11T18:24:56.000Z,34.6695747,-76.7816995,2749.255,-10.66,65.90,-9.25,5.983,8.775,1.41,12
$GNSS,2024-10-11T18:24:56.200Z,34.6695549,-76.7815551,2751.079,-10.67,65.45,-9.02,5.983,8.774,1.46,13
$GNSS,2024-10-11T18:24:56.400Z,34.6695337,-76.7814107,2752.463,-11.59,65.68,-8.68,5.986,8.775,1.57,13
$GNSS,2024-10-11T18:24:56.600Z,34.6695122,-76.7812670,2754.047,-11.67,65.30,-8.53,5.990,8.786,1.53,12
$GNSS,2024-10-11T18:24:56.800Z,34.6694920,-76.7811240,2755.736,-10.97,64.85,-8.36,5.992,8.794,1.43,12
$GNSS,2024-10-11T18:24:57.000Z,34.6694714,-76.7809817,2757.651,-11.18,64.70,-8.65,5.994,8.800,1.42,12
$GNSS,2024-10-11T18:24:57.200Z,34.6694503,-76.7808388,2759.546,-11.42,64.79,-8.66,6.000,8.814,1.57,12
$GNSS,2024-10-11T18:24:57.400Z,34.6694288,-76.7806963,2761.562,-11.57,64.83,-9.04,6.009,8.826,1.54,12
$GNSS,2024-10-11T18:24:57.600Z,34.6694077,-76.7805539,2763.371,-11.48,64.76,-8.97,6.022,8.839,1.56,11
$GNSS,2024-10-11T18:24:57.800Z,34.6693875,-76.7804119,2765.202,-10.98,64.52,-8.84,6.038,8.845,1.54,11
$GNSS,2024-10-11T18:24:58.000Z,34.6693656,-76.7802717,2767.054,-11.69,63.80,-8.55,6.056,8.850,1.56,11
$GNSS,2024-10-11T18:24:58.200Z,34.6693435,-76.7801314,2768.682,-12.00,63.81,-8.33,6.071,8.852,1.54,11
$GNSS,2024-10-11T18:24:58.400Z,34.6693210,-76.7799899,2770.175,-12.50,64.62,-8.50,6.085,8.856,1.62,11
$GNSS,2024-10-11T18:24:58.600Z,34.6692982,-76.7798476,2772.062,-12.57,65.01,-9.01,6.098,8.854,1.52,11
$GNSS,2024-10-11T18:24:58.800Z,34.6692748,-76.7797064,2774.003,-12.71,64.59,-9.41,6.107,8.852,1.49,12
$GNSS,2024-10-11T18:24:59.000Z,34.6692521,-76.7795648,2775.535,-12.42,64.60,-9.19,6.119,8.852,1.50,11
$GNSS,2024-10-11T18:24:59.200Z,34.6692300,-76.7794228,2777.216,-12.10,64.96,-9.38,6.131,8.848,1.49,11
$GNSS,2024-10-11T18:24:59.400Z,34.6692083,-76.7792805,2778.864,-11.78,64.95,-9.33,6.142,8.846,1.50,11
$GNSS,2024-10-11T18:24:59.600Z,34.6691876,-76.7791387,2780.955,-11.18,64.60,-9.52,6.159,8.847,1.53,10
$GNSS,2024-10-11T18:24:59.800Z,34.6691675,-76.7789955,2782.762,-10.98,65.09,-9.56,6.167,8.848,1.49,11
$GNSS,2024-10-11T18:25:00.000Z,34.6691475,-76.7788523,2784.851,-10.78,65.23,-9.72,6.181,8.847,1.53,10
$GNSS,2024-10-11T18:25:00.200Z,34.6691272,-76.7787104,2786.962,-10.90,64.53,-9.92,6.184,8.842,1.42,11
$GNSS,2024-10-11T18:25:00.400Z,34.6691063,-76.7785686,2788.984,-11.27,64.28,-9.84,6.186,8.837,1.40,11
$GNSS,2024-10-11T18:25:00.600Z,34.6690854,-76.7784261,2790.849,-11.34,64.60,-9.68,6.186,8.831,1.38,11
$GNSS,2024-10-11T18:25:00.800Z,34.6690650,-76.7782829,2792.676,-11.04,64.75,-9.31,6.187,8.827,1.38,11
$GNSS,2024-10-11T18:25:01.000Z,34.6690434,-76.7781390,2794.135,-11.73,65.55,-9.09,6.189,8.828,1.42,11
$GNSS,2024-10-11T18:25:01.200Z,34.6690203,-76.7779950,2795.673,-12.41,65.39,-8.77,6.194,8.832,1.41,11
$GNSS,2024-10-11T18:25:01.400Z,34.6689986,-76.7778508,2797.310,-11.82,65.35,-8.59,6.197,8.832,1.38,11
$GNSS,2024-10-11T18:25:01.600Z,34.6689780,-76.7777064,2798.956,-11.27,65.69,-8.72,6.204,8.836,1.43,11
$GNSS,2024-10-11T18:25:01.800Z,34.6689570,-76.7775620,2800.552,-11.40,65.51,-8.54,6.206,8.837,1.37,12
$GNSS,2024-10-11T18:25:02.000Z,34.6689361,-76.7774180,2802.449,-11.32,65.16,-8.52,6.204,8.835,1.34,12
$GNSS,2024-10-11T18:25:02.200Z,34.6689165,-76.7772731,2804.184,-10.70,65.55,-8.40,6.201,8.841,1.32,11
$GNSS,2024-10-11T18:25:02.400Z,34.6688968,-76.7771284,2805.988,-10.71,65.68,-8.57,6.197,8.848,1.31,11
$GNSS,2024-10-11T18:25:02.600Z,34.6688772,-76.7769834,2807.667,-10.67,65.77,-8.53,6.192,8.854,1.31,11
$GNSS,2024-10-11T18:25:02.800Z,34.6688568,-76.7768383,2809.405,-11.07,65.70,-8.39,6.188,8.865,1.33,11
$GNSS,2024-10-11T18:25:03.000Z,34.6688355,-76.7766940,2811.039,-11.56,65.40,-8.28,6.185,8.877,1.33,11
$GNSS,2024-10-11T18:25:03.200Z,34.6688138,-76.7765501,2812.554,-11.77,65.11,-7.96,6.180,8.885,1.31,11
$GNSS,2024-10-11T18:25:03.400Z,34.6687923,-76.7764073,2814.553,-11.62,64.89,-8.52,6.177,8.894,1.31,11
$GNSS,2024-10-11T18:25:03.600Z,34.6687699,-76.7762655,2816.426,-12.13,64.27,-8.60,6.179,8.911,1.45,11
$GNSS,2024-10-11T18:25:03.800Z,34.6687476,-76.7761232,2818.379,-12.08,64.21,-8.43,6.181,8.923,1.43,11
$GNSS,2024-10-11T18:25:04.000Z,34.6687269,-76.7759789,2819.951,-11.32,65.22,-8.24,6.177,8.938,1.45,11
$GNSS,2024-10-11T18:25:04.200Z,34.6687061,-76.7758335,2821.862,-11.17,65.82,-8.36,6.167,8.952,1.38,12
$GNSS,2024-10-11T18:25:04.400Z,34.6686874,-76.7756869,2823.314,-10.38,66.07,-7.81,6.152,8.959,1.41,13
$GNSS,2024-10-11T18:25:04.600Z,34.6686689,-76.7755427,2824.972,-9.95,65.50,-7.89,6.140,8.965,1.43,12
$GNSS,2024-10-11T18:25:04.800Z,34.6686497,-76.7753981,2826.691,-10.34,65.65,-8.09,6.124,8.962,1.37,14
$GNSS,2024-10-11T18:25:05.000Z,34.6686303,-76.7752524,2828.433,-10.49,66.10,-8.21,6.107,8.960,1.39,14
$GNSS,2024-10-11T18:25:05.200Z,34.6686114,-76.7751060,2830.312,-10.22,66.23,-8.24,6.090,8.958,1.38,14
$GNSS,2024-10-11T18:25:05.400Z,34.6685932,-76.7749589,2832.268,-9.67,66.55,-8.37,6.074,8.957,1.37,14
$GNSS,2024-10-11T18:25:05.600Z,34.6685743,-76.7748128,2834.277,-10.11,66.28,-8.73,6.060,8.956,1.41,14
$GNSS,2024-10-11T18:25:05.800Z,34.6685554,-76.7746662,2836.090,-10.28,66.26,-8.50,6.050,8.957,1.45,14
$GNSS,2024-10-11T18:25:06.000Z,34.6685368,-76.7745200,2837.881,-10.07,66.21,-8.40,6.042,8.959,1.45,14
$GNSS,2024-10-11T18:25:06.200Z,34.6685176,-76.7743762,2839.518,-10.31,65.61,-8.45,6.039,8.959,1.56,13
$GNSS,2024-10-11T18:25:06.400Z,34.6684984,-76.7742337,2841.174,-10.37,65.11,-8.65,6.037,8.957,1.52,13
$GNSS,2024-10-11T18:25:06.600Z,34.6684791,-76.7740909,2842.767,-10.48,65.17,-8.75,6.035,8.966,1.56,13
$GNSS,2024-10-11T18:25:06.800Z,34.6684598,-76.7739474,2844.456,-10.39,65.46,-8.92,6.036,8.978,1.59,13
$GNSS,2024-10-11T18:25:07.000Z,34.6684409,-76.7738042,2846.301,-10.26,65.25,-8.90,6.041,8.994,1.64,13
$GNSS,2024-10-11T18:25:07.200Z,34.6684217,-76.7736618,2848.279,-10.41,64.89,-8.96,6.050,9.011,1.67,13
$GNSS,2024-10-11T18:25:07.400Z,34.6684024,-76.7735207,2850.354,-10.46,64.46,-9.24,6.060,9.025,1.64,13
$GNSS,2024-10-11T18:25:07.600Z,34.6683832,-76.7733788,2852.475,-10.77,64.25,-9.11,6.064,9.034,1.62,15
$GNSS,2024-10-11T18:25:07.800Z,34.6683643,-76.7732352,2854.480,-10.62,64.19,-8.98,6.062,9.046,1.57,15
$GNSS,2024-10-11T18:25:08.000Z,34.6683458,-76.7730928,2856.799,-10.43,64.17,-9.15,6.060,9.053,1.56,16
$GNSS,2024-10-11T18:25:08.200Z,34.6683276,-76.7729505,2858.933,-10.25,64.24,-9.27,6.062,9.064,1.57,16
$GNSS,2024-10-11T18:25:08.400Z,34.6683093,-76.7728048,2860.815,-10.39,65.66,-9.76,6.063,9.069,1.54,17
$GNSS,2024-10-11T18:25:08.600Z,34.6682900,-76.7726584,2862.579,-10.71,66.16,-9.67,6.062,9.071,1.47,17
$GNSS,2024-10-11T18:25:08.800Z,34.6682698,-76.7725124,2864.455,-11.08,65.93,-9.54,6.063,9.079,1.47,16
$GNSS,2024-10-11T18:25:09.000Z,34.6682478,-76.7723664,2866.096,-12.03,66.05,-9.08,6.075,9.100,1.61,14
$GNSS,2024-10-11T18:25:09.200Z,34.6682278,-76.7722208,2867.657,-11.26,65.94,-8.79,6.092,9.126,1.67,14
$GNSS,2024-10-11T18:25:09.400Z,34.6682101,-76.7720758,2869.587,-10.12,65.73,-8.65,6.109,9.164,1.73,12
$GNSS,2024-10-11T18:25:09.600Z,34.6681925,-76.7719299,2871.117,-9.89,65.76,-8.80,6.117,9.196,1.64,14
$GNSS,2024-10-11T18:25:09.800Z,34.6681754,-76.7717831,2872.968,-9.60,66.22,-9.39,6.119,9.215,1.60,15
$GNSS,2024-10-11T18:25:10.000Z,34.6681577,-76.7716365,2874.890,-9.79,66.03,-9.59,6.119,9.233,1.54,15
$GNSS,2024-10-11T18:25:10.200Z,34.6681402,-76.7714905,2876.556,-9.70,65.81,-9.49,6.117,9.250,1.53,15
$GNSS,2024-10-11T18:25:10.400Z,34.6681216,-76.7713433,2878.555,-10.32,66.21,-9.60,6.110,9.261,1.51,16
$GNSS,2024-10-11T18:25:10.600Z,34.6681036,-76.7711960,2880.566,-10.06,66.10,-9.34,6.100,9.264,1.45,16
$GNSS,2024-10-11T18:25:10.800Z,34.6680857,-76.7710497,2882.401,-9.95,65.81,-9.24,6.089,9.268,1.45,16
$GNSS,2024-10-11T18:25:11.000Z,34.6680681,-76.7709039,2884.071,-9.83,65.52,-8.98,6.077,9.284,1.46,15
$GNSS,2024-10-11T18:25:11.200Z,34.6680505,-76.7707586,2885.966,-9.82,65.38,-9.14,6.065,9.291,1.46,16
$GNSS,2024-10-11T18:25:11.400Z,34.6680324,-76.7706127,2887.827,-10.25,65.66,-9.49,6.052,9.296,1.46,16
$GNSS,2024-10-11T18:25:11.600Z,34.6680141,-76.7704668,2889.665,-10.13,65.89,-9.54,6.037,9.301,1.42,17
$GNSS,2024-10-11T18:25:11.800Z,34.6679954,-76.7703215,2891.553,-10.31,65.68,-9.54,6.023,9.310,1.44,17
$GNSS,2024-10-11T18:25:12.000Z,34.6679770,-76.7701756,2893.590,-10.08,65.93,-9.77,6.010,9.320,1.46,17
$GNSS,2024-10-11T18:25:12.200Z,34.6679593,-76.7700295,2895.496,-9.73,66.04,-9.69,5.998,9.333,1.47,17
$GNSS,2024-10-11T18:25:12.400Z,34.6679416,-76.7698823,2897.572,-9.72,66.61,-9.88,5.989,9.347,1.48,17
$GNSS,2024-10-11T18:25:12.600Z,34.6679237,-76.7697355,2899.488,-9.88,66.55,-9.81,5.981,9.364,1.50,17
$GNSS,2024-10-11T18:25:12.800Z,34.6679057,-76.7695896,2901.173,-10.02,66.47,-9.40,5.972,9.365,1.45,18
$GNSS,2024-10-11T18:25:13.000Z,34.6678873,-76.7694425,2902.949,-10.22,66.86,-8.92,5.962,9.365,1.43,18
$GNSS,2024-10-11T18:25:13.200Z,34.6678688,-76.7692972,2904.701,-10.22,66.39,-8.57,5.958,9.368,1.48,17
$GNSS,2024-10-11T18:25:13.400Z,34.6678508,-76.7691529,2906.789,-9.89,65.91,-8.74,5.956,9.371,1.51,17
$GNSS,2024-10-11T18:25:13.600Z,34.6678338,-76.7690096,2908.798,-9.51,65.70,-9.26,5.957,9.375,1.56,17
$GNSS,2024-10-11T18:25:13.800Z,34.6678172,-76.7688674,2910.616,-9.29,65.23,-9.42,5.960,9.382,1.57,17
$GNSS,2024-10-11T18:25:14.000Z,34.6678001,-76.7687232,2912.813,-9.48,65.90,-9.79,5.963,9.387,1.58,17
$GNSS,2024-10-11T18:25:14.200Z,34.6677822,-76.7685780,2914.702,-9.80,66.19,-9.43,5.967,9.397,1.59,17
$GNSS,2024-10-11T18:25:14.400Z,34.6677645,-76.7684338,2916.314,-9.83,66.01,-9.03,5.971,9.408,1.60,17
$GNSS,2024-10-11T18:25:14.600Z,34.6677456,-76.7682888,2918.242,-10.55,66.64,-9.41,5.977,9.424,1.65,16
$GNSS,2024-10-11T18:25:14.800Z,34.6677262,-76.7681415,2920.086,-10.79,67.30,-9.31,5.976,9.440,1.55,17
$GNSS,2024-10-11T18:25:15.000Z,34.6677088,-76.7679963,2921.615,-9.96,67.03,-9.19,5.982,9.462,1.60,16
$GNSS,2024-10-11T18:25:15.200Z,34.6676921,-76.7678523,2922.934,-9.54,66.40,-8.67,5.990,9.485,1.61,16
$GNSS,2024-10-11T18:25:15.400Z,34.6676765,-76.7677090,2924.581,-8.89,65.89,-8.29,5.999,9.514,1.62,15
$GNSS,2024-10-11T18:25:15.600Z,34.6676600,-76.7675651,2926.287,-9.18,65.96,-8.45,6.003,9.526,1.58,17
$GNSS,2024-10-11T18:25:15.800Z,34.6676431,-76.7674220,2928.040,-9.46,65.74,-8.63,6.004,9.534,1.50,17
$GNSS,2024-10-11T18:25:16.000Z,34.6676265,-76.7672794,2929.756,-9.42,65.46,-8.86,6.001,9.538,1.49,17
$GNSS,2024-10-11T18:25:16.200Z,34.6676095,-76.7671370,2931.520,-9.49,65.29,-9.06,5.997,9.533,1.49,18
$GNSS,2024-10-11T18:25:16.400Z,34.6675925,-76.7669953,2933.011,-9.63,64.99,-9.09,5.991,9.523,1.47,18
$GNSS,2024-10-11T18:25:16.600Z,34.6675746,-76.7668517,2934.872,-9.88,65.50,-9.14,5.988,9.513,1.50,18
$GNSS,2024-10-11T18:25:16.800Z,34.6675566,-76.7667069,2936.809,-9.84,65.96,-9.05,5.986,9.502,1.52,18
$GNSS,2024-10-11T18:25:17.000Z,34.6675386,-76.7665607,2938.694,-9.81,66.52,-9.22,5.984,9.493,1.51,17
$GNSS,2024-10-11T18:25:17.200Z,34.6675210,-76.7664142,2940.362,-9.75,66.77,-9.21,5.982,9.486,1.51,17
$GNSS,2024-10-11T18:25:17.400Z,34.6675029,-76.7662684,2941.773,-10.00,66.46,-8.83,5.979,9.478,1.51,17
$GNSS,2024-10-11T18:25:17.600Z,34.6674848,-76.7661233,2943.163,-10.13,66.21,-8.66,5.976,9.470,1.50,17
$GNSS,2024-10-11T18:25:17.800Z,34.6674677,-76.7659792,2944.836,-9.56,65.86,-8.98,5.971,9.460,1.47,17
$GNSS,2024-10-11T18:25:18.000Z,34.6674499,-76.7658349,2946.719,-9.66,65.66,-8.97,5.968,9.466,1.47,16
$GNSS,2024-10-11T18:25:18.200Z,34.6674329,-76.7656921,2948.768,-9.36,65.31,-9.33,5.965,9.471,1.46,17
$GNSS,2024-10-11T18:25:18.400Z,34.6674162,-76.7655496,2950.580,-9.31,65.25,-9.40,5.962,9.475,1.46,17
$GNSS,2024-10-11T18:25:18.600Z,34.6673988,-76.7654083,2952.776,-9.59,64.66,-9.65,5.958,9.481,1.46,17
$GNSS,2024-10-11T18:25:18.800Z,34.6673819,-76.7652679,2954.688,-9.53,64.46,-9.70,5.962,9.497,1.51,16
$GNSS,2024-10-11T18:25:19.000Z,34.6673643,-76.7651258,2956.791,-9.70,64.95,-9.86,5.963,9.513,1.52,17
$GNSS,2024-10-11T18:25:19.200Z,34.6673483,-76.7649834,2958.747,-8.80,65.15,-9.74,5.964,9.532,1.47,17
$GNSS,2024-10-11T18:25:19.400Z,34.6673319,-76.7648394,2960.797,-9.02,65.79,-9.76,5.965,9.553,1.46,17
$GNSS,2024-10-11T18:25:19.600Z,34.6673152,-76.7646966,2962.817,-9.27,65.41,-9.80,5.967,9.577,1.52,17
$GNSS,2024-10-11T18:25:19.800Z,34.6672976,-76.7645552,2964.988,-9.73,64.84,-9.70,5.972,9.607,1.52,16
$GNSS,2024-10-11T18:25:20.000Z,34.6672797,-76.7644139,2967.106,-9.94,64.80,-9.74,5.977,9.639,1.49,16
$GNSS,2024-10-11T18:25:20.200Z,34.6672625,-76.7642730,2969.162,-9.58,64.74,-9.74,5.982,9.672,1.49,16
$GNSS,2024-10-11T18:25:20.400Z,34.6672459,-76.7641323,2971.021,-9.31,64.59,-9.40,5.989,9.709,1.57,16
$GNSS,2024-10-11T18:25:20.600Z,34.6672285,-76.7639923,2973.234,-9.57,64.36,-9.92,5.999,9.749,1.62,15
$GNSS,2024-10-11T18:25:20.800Z,34.6672104,-76.7638544,2975.249,-9.99,63.32,-10.06,6.014,9.796,1.62,14
$GNSS,2024-10-11T18:25:21.000Z,34.6671924,-76.7637164,2977.228,-9.99,63.20,-10.05,6.035,9.845,1.64,13
$GNSS,2024-10-11T18:25:21.200Z,34.6671739,-76.7635769,2979.016,-10.24,63.68,-9.64,6.061,9.895,1.69,13
$GNSS,2024-10-11T18:25:21.400Z,34.6671552,-76.7634377,2980.855,-10.37,63.78,-9.66,6.084,9.948,1.61,13
$GNSS,2024-10-11T18:25:21.600Z,34.6671371,-76.7632976,2982.504,-10.13,64.02,-9.32,6.107,9.998,1.63,13
$GNSS,2024-10-11T18:25:21.800Z,34.6671193,-76.7631565,2984.437,-9.78,64.44,-9.33,6.128,10.050,1.61,13
$GNSS,2024-10-11T18:25:22.000Z,34.6671002,-76.7630137,2986.561,-10.20,65.01,-9.26,6.148,10.103,1.60,13
$GNSS,2024-10-11T18:25:22.200Z,34.6670817,-76.7628716,2988.618,-10.06,65.02,-9.39,6.171,10.158,1.62,13
$GNSS,2024-10-11T18:25:22.400Z,34.6670634,-76.7627295,2990.699,-9.94,65.01,-9.48,6.195,10.214,1.64,13
$GNSS,2024-10-11T18:25:22.600Z,34.6670453,-76.7625899,2992.655,-10.22,64.43,-9.82,6.218,10.264,1.65,14
$GNSS,2024-10-11T18:25:22.800Z,34.6670268,-76.7624513,2994.642,-10.38,63.90,-10.03,6.240,10.317,1.65,14
$GNSS,2024-10-11T18:25:23.000Z,34.6670084,-76.7623129,2996.631,-10.40,63.74,-10.15,6.263,10.369,1.69,14
$GNSS,2024-10-11T18:25:23.200Z,34.6669926,-76.7621741,2998.020,-9.90,63.95,-10.25,6.267,10.355,1.61,15
$GNSS,2024-10-11T18:25:23.400Z,34.6669770,-76.7620353,2999.820,-9.24,63.72,-10.05,6.271,10.351,1.62,15
$GNSS,2024-10-11T18:25:23.600Z,34.6669622,-76.7618968,3001.295,-9.11,63.71,-9.92,6.275,10.344,1.63,15
$GNSS,2024-10-11T18:25:23.800Z,34.6669471,-76.7617563,3002.969,-8.94,64.42,-9.79,6.281,10.336,1.65,15
$GNSS,2024-10-11T18:25:24.000Z,34.6669317,-76.7616161,3004.973,-8.93,64.13,-9.66,6.285,10.318,1.62,15
$GNSS,2024-10-11T18:25:24.200Z,34.6669152,-76.7614752,3006.909,-9.44,64.34,-9.58,6.287,10.298,1.64,15
$GNSS,2024-10-11T18:25:24.400Z,34.6668972,-76.7613320,3008.727,-10.22,65.23,-9.23,6.290,10.276,1.64,15
$GNSS,2024-10-11T18:25:24.600Z,34.6668786,-76.7611880,3010.839,-10.41,65.63,-9.27,6.291,10.257,1.64,15
$GNSS,2024-10-11T18:25:24.800Z,34.6668600,-76.7610439,3012.958,-10.57,65.84,-9.61,6.293,10.235,1.60,15
$GNSS,2024-10-11T18:25:25.000Z,34.6668417,-76.7609001,3015.073,-10.51,65.77,-9.83,6.295,10.213,1.60,15
$GNSS,2024-10-11T18:25:25.200Z,34.6668229,-76.7607553,3017.189,-10.63,66.13,-9.85,6.296,10.193,1.58,15
$GNSS,2024-10-11T18:25:25.400Z,34.6668056,-76.7606122,3019.097,-10.09,65.64,-9.67,6.297,10.168,1.57,15
$GNSS,2024-10-11T18:25:25.600Z,34.6667893,-76.7604691,3021.416,-9.27,65.35,-9.57,6.297,10.143,1.57,15
$GNSS,2024-10-11T18:25:25.800Z,34.6667742,-76.7603272,3023.411,-8.85,65.00,-9.33,6.297,10.117,1.58,15
$GNSS,2024-10-11T18:25:26.000Z,34.6667587,-76.7601851,3025.576,-8.97,64.93,-9.36,6.297,10.095,1.58,15
$GNSS,2024-10-11T18:25:26.200Z,34.6667426,-76.7600425,3027.458,-9.46,65.18,-9.22,6.296,10.073,1.56,15
$GNSS,2024-10-11T18:25:26.400Z,34.6667264,-76.7599008,3029.420,-9.39,64.93,-9.32,6.297,10.053,1.58,15
$GNSS,2024-10-11T18:25:26.600Z,34.6667103,-76.7597602,3031.319,-9.44,64.51,-9.34,6.299,10.033,1.58,15
$GNSS,2024-10-11T18:25:26.800Z,34.6666940,-76.7596194,3033.422,-9.18,64.33,-9.16,6.300,10.018,1.57,15
$GNSS,2024-10-11T18:25:27.000Z,34.6666784,-76.7594786,3035.598,-8.69,64.49,-9.56,6.301,10.004,1.56,14
$GNSS,2024-10-11T18:25:27.200Z,34.6666626,-76.7593377,3037.384,-9.01,64.56,-9.28,6.303,9.988,1.56,14
$GNSS,2024-10-11T18:25:27.400Z,34.6666457,-76.7591972,3039.136,-9.77,64.55,-9.40,6.303,9.968,1.54,14
$GNSS,2024-10-11T18:25:27.600Z,34.6666292,-76.7590560,3041.012,-9.36,64.73,-9.37,6.303,9.948,1.53,14
$GNSS,2024-10-11T18:25:27.800Z,34.6666124,-76.7589139,3042.724,-9.59,65.14,-9.14,6.302,9.926,1.52,14
$GNSS,2024-10-11T18:25:28.000Z,34.6665962,-76.7587725,3044.265,-9.31,64.98,-8.78,6.300,9.900,1.52,14
$GNSS,2024-10-11T18:25:28.200Z,34.6665797,-76.7586295,3046.187,-9.31,65.33,-8.89,6.297,9.876,1.49,14
$GNSS,2024-10-11T18:25:28.400Z,34.6665634,-76.7584885,3047.918,-9.35,64.80,-9.10,6.290,9.853,1.46,14
$GNSS,2024-10-11T18:25:28.600Z,34.6665466,-76.7583460,3049.624,-9.59,65.28,-8.94,6.286,9.833,1.50,14
$GNSS,2024-10-11T18:25:28.800Z,34.6665296,-76.7582036,3051.019,-9.77,65.50,-8.49,6.284,9.820,1.55,14
$GNSS,2024-10-11T18:25:29.000Z,34.6665122,-76.7580630,3052.283,-10.26,64.98,-8.55,6.273,9.796,1.46,15
$GNSS,2024-10-11T18:25:29.200Z,34.6664948,-76.7579217,3053.697,-10.08,65.04,-8.58,6.264,9.775,1.50,15
$GNSS,2024-10-11T18:25:29.400Z,34.6664768,-76.7577796,3054.935,-10.42,65.29,-8.12,6.254,9.758,1.49,15
$GNSS,2024-10-11T18:25:29.600Z,34.6664587,-76.7576383,3056.256,-10.47,65.07,-8.18,6.243,9.743,1.49,15
$GNSS,2024-10-11T18:25:29.800Z,34.6664414,-76.7574960,3058.019,-9.58,64.99,-8.28,6.235,9.734,1.54,15
$GNSS,2024-10-11T18:25:30.000Z,34.6664245,-76.7573540,3059.561,-9.58,64.99,-8.21,6.227,9.726,1.51,15
$GNSS,2024-10-11T18:25:30.200Z,34.6664078,-76.7572117,3060.966,-9.41,65.13,-7.95,6.219,9.714,1.50,15
$GNSS,2024-10-11T18:25:30.400Z,34.6663911,-76.7570692,3062.470,-9.49,65.21,-7.99,6.211,9.706,1.50,15
$GNSS,2024-10-11T18:25:30.600Z,34.6663736,-76.7569278,3063.879,-9.76,64.63,-7.49,6.204,9.709,1.54,15
$GNSS,2024-10-11T18:25:30.800Z,34.6663566,-76.7567857,3065.508,-9.42,64.75,-7.49,6.198,9.713,1.55,15
$GNSS,2024-10-11T18:25:31.000Z,34.6663398,-76.7566430,3067.020,-9.38,65.13,-7.47,6.194,9.718,1.57,15
$GNSS,2024-10-11T18:25:31.200Z,34.6663224,-76.7565011,3068.507,-9.71,64.84,-7.38,6.195,9.728,1.61,14
$GNSS,2024-10-11T18:25:31.400Z,34.6663049,-76.7563588,3070.179,-9.62,64.80,-7.32,6.197,9.734,1.61,14
$GNSS,2024-10-11T18:25:31.600Z,34.6662869,-76.7562163,3071.869,-9.86,64.98,-7.37,6.205,9.757,1.70,13
$GNSS,2024-10-11T18:25:31.800Z,34.6662691,-76.7560712,3073.577,-9.68,65.99,-7.37,6.216,9.781,1.73,13
$GNSS,2024-10-11T18:25:32.000Z,34.6662509,-76.7559266,3075.158,-10.01,65.99,-7.19,6.223,9.804,1.66,13
$GNSS,2024-10-11T18:25:32.200Z,34.6662324,-76.7557821,3076.738,-10.08,65.95,-7.08,6.230,9.826,1.64,13
$GNSS,2024-10-11T18:25:32.400Z,34.6662149,-76.7556385,3078.298,-9.79,65.69,-7.26,6.235,9.846,1.60,13
$GNSS,2024-10-11T18:25:32.600Z,34.6661972,-76.7554947,3079.816,-9.89,65.75,-7.37,6.241,9.868,1.62,13
$GNSS,2024-10-11T18:25:32.800Z,34.6661802,-76.7553497,3081.140,-9.59,66.28,-7.39,6.249,9.890,1.66,13
$GNSS,2024-10-11T18:25:33.000Z,34.6661637,-76.7552052,3082.576,-9.32,66.17,-7.48,6.255,9.915,1.66,13
$GNSS,2024-10-11T18:25:33.200Z,34.6661464,-76.7550614,3084.149,-9.65,65.73,-7.47,6.257,9.937,1.57,14
$GNSS,2024-10-11T18:25:33.400Z,34.6661285,-76.7549176,3085.892,-9.88,65.61,-7.53,6.259,9.960,1.60,14
$GNSS,2024-10-11T18:25:33.600Z,34.6661110,-76.7547736,3087.577,-9.65,65.63,-7.39,6.263,9.986,1.64,14
$GNSS,2024-10-11T18:25:33.800Z,34.6660930,-76.7546286,3088.925,-10.04,66.12,-7.15,6.267,10.011,1.67,15
$GNSS,2024-10-11T18:25:34.000Z,34.6660750,-76.7544838,3090.489,-10.01,66.08,-7.18,6.271,10.038,1.67,15
$GNSS,2024-10-11T18:25:34.200Z,34.6660577,-76.7543399,3091.978,-9.71,65.80,-7.24,6.276,10.066,1.68,14
$GNSS,2024-10-11T18:25:34.400Z,34.6660403,-76.7541960,3093.807,-9.59,65.68,-7.49,6.282,10.091,1.66,14
$GNSS,2024-10-11T18:25:34.600Z,34.6660231,-76.7540508,3095.571,-9.38,66.15,-7.55,6.289,10.116,1.71,14
$GNSS,2024-10-11T18:25:34.800Z,34.6660055,-76.7539067,3097.402,-9.66,65.76,-7.53,6.297,10.143,1.73,14
$GNSS,2024-10-11T18:25:35.000Z,34.6659876,-76.7537629,3099.085,-9.88,65.58,-7.41,6.310,10.174,1.78,12
$GNSS,2024-10-11T18:25:35.200Z,34.6659699,-76.7536184,3100.817,-9.71,65.85,-7.35,6.326,10.209,1.84,12
$GNSS,2024-10-11T18:25:35.400Z,34.6659523,-76.7534729,3102.571,-9.60,66.06,-7.03,6.342,10.246,1.86,12
$GNSS,2024-10-11T18:25:35.600Z,34.6659347,-76.7533260,3104.174,-9.63,66.78,-6.90,6.361,10.287,1.89,12
$GNSS,2024-10-11T18:25:35.800Z,34.6659167,-76.7531766,3105.649,-9.89,67.85,-6.84,6.380,10.329,1.87,12
$GNSS,2024-10-11T18:25:36.000Z,34.6658985,-76.7530297,3107.301,-10.10,67.31,-6.90,6.399,10.374,1.83,12
$GNSS,2024-10-11T18:25:36.200Z,34.6658799,-76.7528796,3108.399,-10.57,68.21,-6.68,6.415,10.410,1.76,12
$GNSS,2024-10-11T18:25:36.400Z,34.6658612,-76.7527310,3109.883,-10.50,68.20,-6.77,6.420,10.417,1.55,13
$GNSS,2024-10-11T18:25:36.600Z,34.6658426,-76.7525829,3111.212,-10.72,68.16,-6.78,6.431,10.431,1.56,12
$GNSS,2024-10-11T18:25:36.800Z,34.6658233,-76.7524343,3112.537,-10.92,68.22,-6.75,6.436,10.425,1.54,12
$GNSS,2024-10-11T18:25:37.000Z,34.6658045,-76.7522877,3113.955,-10.76,67.56,-7.02,6.443,10.423,1.61,12
$GNSS,2024-10-11T18:25:37.200Z,34.6657862,-76.7521409,3115.295,-10.52,67.47,-7.15,6.451,10.420,1.63,12
$GNSS,2024-10-11T18:25:37.400Z,34.6657685,-76.7519953,3116.370,-10.78,67.13,-6.92,6.442,10.385,1.50,14
$GNSS,2024-10-11T18:25:37.600Z,34.6657505,-76.7518504,3117.856,-10.74,66.82,-7.20,6.429,10.344,1.44,14
$GNSS,2024-10-11T18:25:37.800Z,34.6657328,-76.7517061,3118.875,-10.83,66.57,-7.15,6.417,10.308,1.45,14
$GNSS,2024-10-11T18:25:38.000Z,34.6657154,-76.7515609,3120.003,-10.51,66.98,-7.36,6.404,10.271,1.44,14
$GNSS,2024-10-11T18:25:38.200Z,34.6656979,-76.7514160,3120.978,-10.65,66.76,-7.30,6.389,10.234,1.40,14
$GNSS,2024-10-11T18:25:38.400Z,34.6656795,-76.7512705,3122.092,-10.90,66.92,-7.16,6.374,10.198,1.40,14
$GNSS,2024-10-11T18:25:38.600Z,34.6656618,-76.7511259,3122.912,-10.74,66.73,-7.12,6.358,10.155,1.39,14
$GNSS,2024-10-11T18:25:38.800Z,34.6656447,-76.7509814,3123.751,-10.49,66.85,-7.47,6.343,10.118,1.42,14
$GNSS,2024-10-11T18:25:39.000Z,34.6656277,-76.7508356,3124.644,-10.33,67.39,-7.45,6.327,10.077,1.41,14
$GNSS,2024-10-11T18:25:39.200Z,34.6656093,-76.7506892,3125.988,-10.77,67.32,-7.37,6.312,10.044,1.40,14
$GNSS,2024-10-11T18:25:39.400Z,34.6655912,-76.7505443,3127.189,-10.64,66.71,-7.26,6.299,10.017,1.42,13
$GNSS,2024-10-11T18:25:39.600Z,34.6655729,-76.7503998,3128.392,-10.52,66.62,-7.44,6.288,9.996,1.41,12
$GNSS,2024-10-11T18:25:39.800Z,34.6655540,-76.7502551,3129.761,-10.80,66.57,-7.51,6.278,9.976,1.44,12
$GNSS,2024-10-11T18:25:40.000Z,34.6655349,-76.7501114,3130.981,-11.03,66.25,-7.52,6.267,9.955,1.45,12
$GNSS,2024-10-11T18:25:40.200Z,34.6655159,-76.7499661,3132.094,-10.84,66.87,-7.26,6.260,9.941,1.52,12
$GNSS,2024-10-11T18:25:40.400Z,34.6654964,-76.7498207,3133.415,-11.01,66.79,-7.09,6.254,9.928,1.50,12
$GNSS,2024-10-11T18:25:40.600Z,34.6654768,-76.7496745,3134.732,-11.01,67.09,-6.98,6.249,9.916,1.50,12
$GNSS,2024-10-11T18:25:40.800Z,34.6654583,-76.7495267,3135.946,-10.46,67.84,-6.92,6.246,9.913,1.56,12
$GNSS,2024-10-11T18:25:41.000Z,34.6654385,-76.7493805,3137.056,-11.29,67.39,-6.89,6.250,9.914,1.66,12
$GNSS,2024-10-11T18:25:41.200Z,34.6654174,-76.7492342,3138.285,-11.95,67.28,-6.96,6.256,9.914,1.70,12
$GNSS,2024-10-11T18:25:41.400Z,34.6653961,-76.7490889,3139.401,-12.10,67.10,-7.26,6.264,9.915,1.72,12
$GNSS,2024-10-11T18:25:41.600Z,34.6653744,-76.7489440,3140.500,-12.28,66.81,-7.24,6.267,9.904,1.59,12
$GNSS,2024-10-11T18:25:41.800Z,34.6653534,-76.7487964,3141.741,-11.79,67.60,-7.14,6.271,9.894,1.62,12
$GNSS,2024-10-11T18:25:42.000Z,34.6653315,-76.7486484,3143.402,-12.14,67.62,-7.37,6.287,9.899,1.80,9
$GNSS,2024-10-11T18:25:42.200Z,34.6653097,-76.7484999,3144.733,-12.31,67.80,-7.16,6.301,9.892,1.82,11
$GNSS,2024-10-11T18:25:42.400Z,34.6652882,-76.7483529,3145.953,-12.25,67.57,-7.25,6.312,9.882,1.72,11
$GNSS,2024-10-11T18:25:42.600Z,34.6652668,-76.7482065,3147.336,-12.11,67.40,-7.66,6.324,9.873,1.73,10
$GNSS,2024-10-11T18:25:42.800Z,34.6652459,-76.7480608,3148.826,-11.73,66.99,-7.88,6.339,9.871,1.75,9
$GNSS,2024-10-11T18:25:43.000Z,34.6652249,-76.7479142,3150.258,-11.72,67.10,-7.89,6.354,9.871,1.72,9
$GNSS,2024-10-11T18:25:43.200Z,34.6652027,-76.7477671,3151.975,-12.29,67.28,-8.20,6.371,9.875,1.81,10
$GNSS,2024-10-11T18:25:43.400Z,34.6651794,-76.7476200,3153.685,-12.83,67.30,-8.48,6.390,9.881,1.82,10
$GNSS,2024-10-11T18:25:43.600Z,34.6651575,-76.7474752,3155.487,-12.29,66.53,-8.49,6.406,9.880,1.75,11
$GNSS,2024-10-11T18:25:43.800Z,34.6651360,-76.7473300,3157.315,-11.94,66.73,-8.91,6.422,9.881,1.69,11
$GNSS,2024-10-11T18:25:44.000Z,34.6651155,-76.7471866,3158.949,-11.49,66.35,-9.34,6.438,9.894,1.72,11
$GNSS,2024-10-11T18:25:44.200Z,34.6650942,-76.7470429,3160.686,-11.94,66.09,-9.30,6.459,9.910,1.79,11
$GNSS,2024-10-11T18:25:44.400Z,34.6650721,-76.7468993,3162.271,-12.52,66.05,-9.27,6.475,9.921,1.77,12
$GNSS,2024-10-11T18:25:44.600Z,34.6650498,-76.7467524,3163.682,-12.56,66.91,-8.79,6.493,9.939,1.78,10
$GNSS,2024-10-11T18:25:44.800Z,34.6650269,-76.7466062,3164.943,-13.08,67.30,-8.48,6.497,9.933,1.60,13
$GNSS,2024-10-11T18:25:45.000Z,34.6650042,-76.7464613,3166.399,-12.73,66.98,-8.53,6.502,9.936,1.59,12
$GNSS,2024-10-11T18:25:45.200Z,34.6649826,-76.7463170,3167.669,-12.40,66.89,-8.57,6.504,9.932,1.59,13
$GNSS,2024-10-11T18:25:45.400Z,34.6649613,-76.7461719,3168.940,-12.22,67.01,-8.47,6.503,9.929,1.51,14
$GNSS,2024-10-11T18:25:45.600Z,34.6649398,-76.7460272,3170.613,-12.01,66.67,-8.69,6.502,9.934,1.50,13
$GNSS,2024-10-11T18:25:45.800Z,34.6649176,-76.7458814,3172.177,-12.45,66.99,-8.67,6.511,9.941,1.58,12
$GNSS,2024-10-11T18:25:46.000Z,34.6648952,-76.7457350,3173.633,-12.61,67.41,-8.64,6.522,9.949,1.60,12
$GNSS,2024-10-11T18:25:46.200Z,34.6648717,-76.7455885,3175.061,-13.22,67.48,-8.59,6.533,9.956,1.56,12
$GNSS,2024-10-11T18:25:46.400Z,34.6648484,-76.7454417,3176.688,-13.23,67.54,-8.86,6.544,9.949,1.66,14
$GNSS,2024-10-11T18:25:46.600Z,34.6648252,-76.7452938,3178.409,-13.15,67.78,-8.78,6.556,9.944,1.67,14
$GNSS,2024-10-11T18:25:46.800Z,34.6648011,-76.7451439,3180.310,-13.51,68.23,-8.53,6.570,9.939,1.67,14
$GNSS,2024-10-11T18:25:47.000Z,34.6647763,-76.7449937,3182.173,-13.91,68.45,-8.36,6.582,9.933,1.60,14
$GNSS,2024-10-11T18:25:47.200Z,34.6647499,-76.7448442,3183.988,-14.80,68.38,-8.47,6.593,9.927,1.61,14
$GNSS,2024-10-11T18:25:47.400Z,34.6647229,-76.7446952,3185.687,-15.21,68.28,-8.49,6.603,9.918,1.60,14
$GNSS,2024-10-11T18:25:47.600Z,34.6646963,-76.7445476,3187.200,-15.11,67.90,-8.35,6.611,9.911,1.60,14
$GNSS,2024-10-11T18:25:47.800Z,34.6646702,-76.7444012,3188.732,-14.77,67.15,-8.09,6.619,9.903,1.61,14
$GNSS,2024-10-11T18:25:48.000Z,34.6646456,-76.7442542,3190.246,-13.86,67.43,-7.97,6.626,9.895,1.60,14
$GNSS,2024-10-11T18:25:48.200Z,34.6646216,-76.7441076,3191.740,-13.57,67.32,-7.86,6.635,9.887,1.64,14
$GNSS,2024-10-11T18:25:48.400Z,34.6645974,-76.7439615,3193.222,-13.60,67.10,-7.80,6.643,9.880,1.58,14
$GNSS,2024-10-11T18:25:48.600Z,34.6645732,-76.7438173,3194.449,-13.81,66.74,-7.76,6.654,9.886,1.58,13
$GNSS,2024-10-11T18:25:48.800Z,34.6645497,-76.7436743,3195.580,-13.49,66.48,-7.86,6.668,9.893,1.64,13
$GNSS,2024-10-11T18:25:49.000Z,34.6645255,-76.7435311,3196.835,-13.87,66.45,-8.01,6.686,9.906,1.61,12
$GNSS,2024-10-11T18:25:49.200Z,34.6645006,-76.7433877,3197.959,-14.37,66.63,-8.10,6.704,9.918,1.63,12
$GNSS,2024-10-11T18:25:49.400Z,34.6644755,-76.7432415,3199.643,-13.99,66.91,-8.12,6.725,9.937,1.66,12
$GNSS,2024-10-11T18:25:49.600Z,34.6644504,-76.7430964,3201.251,-13.98,66.82,-8.26,6.750,9.965,1.66,11
$GNSS,2024-10-11T18:25:49.800Z,34.6644260,-76.7429526,3202.891,-13.72,66.44,-8.52,6.770,9.987,1.60,11
$GNSS,2024-10-11T18:25:50.000Z,34.6644019,-76.7428079,3204.486,-13.37,66.49,-8.42,6.791,10.009,1.61,11
$GNSS,2024-10-11T18:25:50.200Z,34.6643782,-76.7426636,3206.028,-13.23,66.58,-8.40,6.812,10.032,1.65,10
$GNSS,2024-10-11T18:25:50.400Z,34.6643548,-76.7425209,3207.445,-13.18,66.32,-8.60,6.815,10.050,1.59,11
$GNSS,2024-10-11T18:25:50.600Z,34.6643314,-76.7423780,3208.915,-13.17,66.13,-8.65,6.818,10.073,1.61,11
$GNSS,2024-10-11T18:25:50.800Z,34.6643073,-76.7422341,3210.381,-13.63,66.43,-8.77,6.821,10.104,1.66,12
$GNSS,2024-10-11T18:25:51.000Z,34.6642832,-76.7420881,3211.649,-13.61,67.36,-8.64,6.826,10.135,1.71,12
$GNSS,2024-10-11T18:25:51.200Z,34.6642591,-76.7419415,3212.748,-13.71,67.72,-8.32,6.833,10.166,1.71,12
$GNSS,2024-10-11T18:25:51.400Z,34.6642357,-76.7417949,3213.622,-13.41,67.97,-7.94,6.839,10.199,1.70,12
$GNSS,2024-10-11T18:25:51.600Z,34.6642117,-76.7416485,3214.596,-13.66,67.85,-7.85,6.845,10.230,1.69,12
$GNSS,2024-10-11T18:25:51.800Z,34.6641877,-76.7415023,3216.044,-13.65,67.58,-8.24,6.851,10.265,1.71,12
$GNSS,2024-10-11T18:25:52.000Z,34.6641636,-76.7413558,3217.528,-13.62,67.44,-8.47,6.858,10.300,1.72,12
$GNSS,2024-10-11T18:25:52.200Z,34.6641386,-76.7412083,3219.056,-13.65,66.96,-8.13,6.856,10.346,1.67,12
$GNSS,2024-10-11T18:25:52.400Z,34.6641168,-76.7410635,3220.279,-12.68,66.72,-7.90,6.865,10.399,1.71,10
$GNSS,2024-10-11T18:25:52.600Z,34.6640942,-76.7409180,3221.723,-12.85,66.79,-8.07,6.875,10.450,1.73,10
$GNSS,2024-10-11T18:25:52.800Z,34.6640711,-76.7407712,3223.077,-12.94,66.93,-7.80,6.885,10.499,1.73,11
$GNSS,2024-10-11T18:25:53.000Z,34.6640478,-76.7406254,3224.222,-13.20,66.82,-7.59,6.893,10.548,1.78,11
$GNSS,2024-10-11T18:25:53.200Z,34.6640242,-76.7404783,3225.485,-13.21,67.12,-7.40,6.900,10.597,1.74,11
$GNSS,2024-10-11T18:25:53.400Z,34.6639986,-76.7403307,3226.622,-14.15,67.39,-7.30,6.901,10.650,1.66,11
$GNSS,2024-10-11T18:25:53.600Z,34.6639706,-76.7401835,3227.856,-15.52,67.44,-7.58,6.902,10.701,1.65,11
$GNSS,2024-10-11T18:25:53.800Z,34.6639442,-76.7400377,3228.972,-15.01,67.07,-7.34,6.904,10.747,1.62,11
$GNSS,2024-10-11T18:25:54.000Z,34.6639180,-76.7398919,3230.274,-14.75,67.02,-7.37,6.906,10.792,1.59,11
$GNSS,2024-10-11T18:25:54.200Z,34.6638914,-76.7397439,3231.459,-14.70,67.78,-7.20,6.908,10.835,1.56,11
$GNSS,2024-10-11T18:25:54.400Z,34.6638643,-76.7395963,3232.752,-15.01,67.76,-7.61,6.900,10.837,1.43,12
$GNSS,2024-10-11T18:25:54.600Z,34.6638373,-76.7394480,3234.504,-14.92,67.71,-8.12,6.890,10.842,1.41,12
$GNSS,2024-10-11T18:25:54.800Z,34.6638097,-76.7393005,3235.560,-15.12,67.65,-7.94,6.879,10.853,1.46,12
$GNSS,2024-10-11T18:25:55.000Z,34.6637819,-76.7391531,3236.550,-15.13,67.57,-7.65,6.871,10.863,1.48,12
$GNSS,2024-10-11T18:25:55.200Z,34.6637541,-76.7390046,3237.193,-15.04,68.05,-6.94,6.864,10.872,1.48,12
$GNSS,2024-10-11T18:25:55.400Z,34.6637269,-76.7388559,3238.339,-14.85,68.16,-7.34,6.867,10.877,1.54,11
$GNSS,2024-10-11T18:25:55.600Z,34.6636990,-76.7387085,3239.258,-15.38,67.87,-7.58,6.859,10.876,1.49,12
$GNSS,2024-10-11T18:25:55.800Z,34.6636711,-76.7385597,3240.471,-15.28,68.20,-7.77,6.853,10.880,1.50,12
$GNSS,2024-10-11T18:25:56.000Z,34.6636443,-76.7384110,3241.944,-14.65,67.87,-7.89,6.841,10.868,1.50,13
$GNSS,2024-10-11T18:25:56.200Z,34.6636168,-76.7382619,3243.311,-15.13,68.21,-8.14,6.830,10.850,1.54,13
$GNSS,2024-10-11T18:25:56.400Z,34.6635887,-76.7381121,3244.862,-15.39,68.19,-8.02,6.820,10.841,1.55,13
$GNSS,2024-10-11T18:25:56.600Z,34.6635603,-76.7379626,3246.270,-15.61,68.14,-7.85,6.811,10.841,1.52,13
$GNSS,2024-10-11T18:25:56.800Z,34.6635311,-76.7378125,3247.889,-16.04,68.29,-8.01,6.803,10.843,1.52,13
$GNSS,2024-10-11T18:25:57.000Z,34.6635022,-76.7376633,3249.263,-16.00,68.23,-8.08,6.795,10.845,1.51,13
$GNSS,2024-10-11T18:25:57.200Z,34.6634728,-76.7375143,3250.648,-16.30,68.17,-8.22,6.787,10.844,1.49,13
$GNSS,2024-10-11T18:25:57.400Z,34.6634432,-76.7373641,3251.987,-16.37,68.68,-8.12,6.780,10.846,1.52,13
$GNSS,2024-10-11T18:25:57.600Z,34.6634137,-76.7372132,3253.636,-16.16,68.74,-8.13,6.777,10.850,1.62,13
$GNSS,2024-10-11T18:25:57.800Z,34.6633838,-76.7370619,3255.157,-16.45,69.07,-8.13,6.777,10.857,1.64,13
$GNSS,2024-10-11T18:25:58.000Z,34.6633548,-76.7369117,3256.620,-16.16,68.89,-8.37,6.777,10.873,1.60,13
$GNSS,2024-10-11T18:25:58.200Z,34.6633269,-76.7367616,3258.110,-15.52,68.75,-8.43,6.778,10.890,1.61,13
$GNSS,2024-10-11T18:25:58.400Z,34.6632989,-76.7366117,3259.728,-15.51,68.57,-8.67,6.778,10.906,1.59,13
$GNSS,2024-10-11T18:25:58.600Z,34.6632705,-76.7364615,3261.050,-15.63,68.55,-8.07,6.781,10.928,1.64,12
$GNSS,2024-10-11T18:25:58.800Z,34.6632414,-76.7363131,3262.369,-16.20,68.01,-7.95,6.786,10.950,1.65,12
$GNSS,2024-10-11T18:25:59.000Z,34.6632111,-76.7361654,3263.945,-16.67,67.39,-7.85,6.793,10.971,1.68,12
$GNSS,2024-10-11T18:25:59.200Z,34.6631807,-76.7360181,3265.471,-16.70,67.30,-7.78,6.798,10.981,1.64,13
$GNSS,2024-10-11T18:25:59.400Z,34.6631496,-76.7358708,3267.080,-16.99,67.29,-7.96,6.802,10.990,1.66,13
$GNSS,2024-10-11T18:25:59.600Z,34.6631188,-76.7357218,3268.731,-16.69,67.83,-7.90,6.808,11.001,1.71,13
$GNSS,2024-10-11T18:25:59.800Z,34.6630880,-76.7355729,3270.350,-16.91,68.01,-8.01,6.817,11.022,1.81,13
$GNSS,2024-10-11T18:26:00.000Z,34.6630578,-76.7354244,3272.014,-16.60,67.94,-8.17,6.827,11.038,1.85,13
$GNSS,2024-10-11T18:26:00.200Z,34.6630276,-76.7352753,3273.553,-16.50,67.99,-7.85,6.837,11.062,1.85,13
$GNSS,2024-10-11T18:26:00.400Z,34.6629984,-76.7351281,3275.075,-16.24,67.51,-8.01,6.859,11.087,1.86,12
$GNSS,2024-10-11T18:26:00.600Z,34.6629695,-76.7349791,3276.511,-15.95,68.14,-8.12,6.890,11.116,1.95,11
$GNSS,2024-10-11T18:26:00.800Z,34.6629408,-76.7348311,3278.067,-15.95,67.79,-8.24,6.920,11.148,1.93,11
$GNSS,2024-10-11T18:26:01.000Z,34.6629115,-76.7346829,3279.865,-16.01,67.61,-8.47,6.950,11.183,1.86,11
$GNSS,2024-10-11T18:26:01.200Z,34.6628831,-76.7345352,3281.429,-15.78,67.78,-8.66,6.973,11.234,1.79,12
$GNSS,2024-10-11T18:26:01.400Z,34.6628560,-76.7343885,3282.912,-15.37,67.58,-8.89,6.987,11.279,1.74,12
$GNSS,2024-10-11T18:26:01.600Z,34.6628287,-76.7342413,3284.790,-15.17,67.53,-9.35,6.993,11.293,1.70,13
$GNSS,2024-10-11T18:26:01.800Z,34.6628013,-76.7340935,3286.699,-15.03,67.56,-9.53,6.989,11.284,1.65,13
$GNSS,2024-10-11T18:26:02.000Z,34.6627750,-76.7339468,3287.997,-14.75,67.36,-9.06,6.980,11.268,1.59,13
$GNSS,2024-10-11T18:26:02.200Z,34.6627490,-76.7337997,3289.276,-14.62,67.46,-8.77,6.969,11.245,1.57,13
$GNSS,2024-10-11T18:26:02.400Z,34.6627229,-76.7336517,3290.397,-14.73,67.93,-8.53,6.953,11.215,1.51,13
$GNSS,2024-10-11T18:26:02.600Z,34.6626964,-76.7335029,3291.680,-14.63,68.02,-8.40,6.934,11.181,1.46,14
$GNSS,2024-10-11T18:26:02.800Z,34.6626698,-76.7333546,3292.769,-14.80,67.96,-8.16,6.912,11.131,1.44,13
$GNSS,2024-10-11T18:26:03.000Z,34.6626429,-76.7332072,3294.149,-14.79,67.45,-8.28,6.890,11.084,1.44,13
$GNSS,2024-10-11T18:26:03.200Z,34.6626168,-76.7330602,3295.446,-14.61,67.58,-8.65,6.868,11.032,1.46,14
$GNSS,2024-10-11T18:26:03.400Z,34.6625911,-76.7329122,3296.886,-14.22,67.74,-8.79,6.847,10.980,1.48,14
$GNSS,2024-10-11T18:26:03.600Z,34.6625652,-76.7327638,3298.572,-14.19,67.73,-8.94,6.828,10.933,1.48,14
$GNSS,2024-10-11T18:26:03.800Z,34.6625401,-76.7326159,3300.116,-13.85,67.57,-8.98,6.811,10.880,1.52,14
$GNSS,2024-10-11T18:26:04.000Z,34.6625153,-76.7324673,3301.412,-13.88,67.82,-8.57,6.795,10.825,1.52,14
$GNSS,2024-10-11T18:26:04.200Z,34.6624907,-76.7323184,3302.379,-13.85,67.89,-7.68,6.779,10.772,1.49,14
$GNSS,2024-10-11T18:26:04.400Z,34.6624667,-76.7321699,3303.375,-13.45,67.90,-7.21,6.764,10.725,1.47,14
$GNSS,2024-10-11T18:26:04.600Z,34.6624433,-76.7320212,3304.675,-13.02,67.85,-6.99,6.755,10.696,1.54,13
$GNSS,2024-10-11T18:26:04.800Z,34.6624199,-76.7318706,3305.943,-12.87,68.73,-6.86,6.747,10.671,1.55,13
$GNSS,2024-10-11T18:26:05.000Z,34.6623974,-76.7317177,3307.246,-12.37,69.73,-6.71,6.749,10.662,1.63,12
$GNSS,2024-10-11T18:26:05.200Z,34.6623757,-76.7315643,3308.168,-12.22,70.00,-6.17,6.758,10.659,1.70,12
$GNSS,2024-10-11T18:26:05.400Z,34.6623536,-76.7314098,3309.630,-12.09,70.48,-6.56,6.770,10.654,1.73,12
$GNSS,2024-10-11T18:26:05.600Z,34.6623314,-76.7312545,3311.182,-12.15,70.80,-6.88,6.786,10.653,1.75,12
$GNSS,2024-10-11T18:26:05.800Z,34.6623096,-76.7310996,3312.790,-12.06,70.60,-7.02,6.804,10.657,1.82,12
$GNSS,2024-10-11T18:26:06.000Z,34.6622884,-76.7309488,3313.997,-11.94,69.61,-7.25,6.820,10.663,1.85,13
$GNSS,2024-10-11T18:26:06.200Z,34.6622673,-76.7307987,3315.204,-11.93,68.96,-7.15,6.837,10.669,1.88,13
$GNSS,2024-10-11T18:26:06.400Z,34.6622455,-76.7306507,3316.470,-12.24,68.16,-7.34,6.850,10.675,1.83,13
$GNSS,2024-10-11T18:26:06.600Z,34.6622222,-76.7305019,3317.863,-12.89,68.09,-7.50,6.860,10.681,1.76,13
$GNSS,2024-10-11T18:26:06.800Z,34.6622002,-76.7303536,3319.187,-12.41,67.96,-7.44,6.872,10.686,1.79,13
$GNSS,2024-10-11T18:26:07.000Z,34.6621778,-76.7302036,3320.386,-12.41,68.84,-7.60,6.883,10.694,1.78,13
$GNSS,2024-10-11T18:26:07.200Z,34.6621563,-76.7300539,3321.711,-12.02,68.88,-7.93,6.891,10.703,1.81,13
$GNSS,2024-10-11T18:26:07.400Z,34.6621355,-76.7299048,3323.031,-11.77,68.37,-7.70,6.901,10.712,1.84,13
$GNSS,2024-10-11T18:26:07.600Z,34.6621155,-76.7297561,3324.309,-11.32,68.31,-7.71,6.911,10.720,1.84,13
$GNSS,2024-10-11T18:26:07.800Z,34.6620962,-76.7296075,3325.951,-10.84,68.19,-8.02,6.915,10.721,1.76,15
$GNSS,2024-10-11T18:26:08.000Z,34.6620773,-76.7294594,3327.463,-10.62,67.83,-8.04,6.919,10.730,1.74,14
$GNSS,2024-10-11T18:26:08.200Z,34.6620588,-76.7293122,3328.764,-10.44,67.62,-7.99,6.924,10.743,1.72,14
$GNSS,2024-10-11T18:26:08.400Z,34.6620399,-76.7291638,3330.159,-10.42,67.84,-7.90,6.932,10.763,1.74,13
$GNSS,2024-10-11T18:26:08.600Z,34.6620213,-76.7290159,3331.459,-10.47,67.88,-7.89,6.940,10.775,1.75,14
$GNSS,2024-10-11T18:26:08.800Z,34.6620041,-76.7288699,3332.915,-9.78,67.22,-8.04,6.952,10.797,1.78,13
$GNSS,2024-10-11T18:26:09.000Z,34.6619874,-76.7287260,3333.943,-9.55,66.68,-8.15,6.965,10.803,1.79,14
$GNSS,2024-10-11T18:26:09.200Z,34.6619700,-76.7285839,3335.034,-9.86,66.08,-8.55,6.976,10.804,1.72,14
$GNSS,2024-10-11T18:26:09.400Z,34.6619528,-76.7284400,3336.067,-9.66,66.35,-8.33,6.987,10.807,1.70,14
$GNSS,2024-10-11T18:26:09.600Z,34.6619355,-76.7282900,3337.033,-9.53,68.27,-7.49,7.009,10.813,1.75,13
$GNSS,2024-10-11T18:26:09.800Z,34.6619189,-76.7281392,3338.220,-9.27,68.81,-7.04,7.036,10.827,1.85,12
$GNSS,2024-10-11T18:26:10.000Z,34.6619030,-76.7279871,3339.351,-8.90,69.46,-6.83,7.052,10.820,1.78,13
$GNSS,2024-10-11T18:26:10.200Z,34.6618867,-76.7278356,3340.512,-9.00,69.43,-6.67,7.061,10.808,1.65,14
$GNSS,2024-10-11T18:26:10.400Z,34.6618705,-76.7276855,3341.710,-9.08,69.22,-6.87,7.066,10.789,1.58,15
$GNSS,2024-10-11T18:26:10.600Z,34.6618540,-76.7275353,3342.642,-9.26,69.36,-6.80,7.066,10.770,1.57,15
$GNSS,2024-10-11T18:26:10.800Z,34.6618377,-76.7273863,3343.403,-9.16,69.25,-6.83,7.056,10.747,1.56,16
$GNSS,2024-10-11T18:26:11.000Z,34.6618214,-76.7272378,3344.072,-9.29,69.22,-6.93,7.045,10.724,1.54,16
$GNSS,2024-10-11T18:26:11.200Z,34.6618050,-76.7270888,3344.945,-9.27,69.28,-7.12,7.034,10.702,1.49,16
$GNSS,2024-10-11T18:26:11.400Z,34.6617879,-76.7269384,3345.882,-9.59,69.58,-7.07,7.023,10.681,1.51,16
$GNSS,2024-10-11T18:26:11.600Z,34.6617706,-76.7267874,3346.609,-9.78,69.82,-6.59,7.013,10.659,1.47,16
$GNSS,2024-10-11T18:26:11.800Z,34.6617539,-76.7266362,3347.552,-9.48,69.88,-6.55,7.002,10.636,1.48,16
$GNSS,2024-10-11T18:26:12.000Z,34.6617392,-76.7264872,3348.358,-8.54,69.27,-6.70,6.991,10.611,1.48,16
$GNSS,2024-10-11T18:26:12.200Z,34.6617244,-76.7263376,3349.492,-8.39,69.10,-6.89,6.987,10.587,1.53,16
$GNSS,2024-10-11T18:26:12.400Z,34.6617096,-76.7261885,3350.414,-8.48,68.79,-6.69,6.984,10.565,1.54,16
$GNSS,2024-10-11T18:26:12.600Z,34.6616966,-76.7260363,3351.562,-7.32,69.47,-6.25,6.973,10.543,1.54,17
$GNSS,2024-10-11T18:26:12.800Z,34.6616854,-76.7258848,3352.440,-6.50,69.61,-5.87,6.968,10.525,1.51,16
$GNSS,2024-10-11T18:26:13.000Z,34.6616745,-76.7257331,3353.274,-6.13,69.57,-5.55,6.954,10.507,1.47,17
$GNSS,2024-10-11T18:26:13.200Z,34.6616645,-76.7255798,3354.298,-5.54,70.02,-5.44,6.938,10.491,1.45,17
$GNSS,2024-10-11T18:26:13.400Z,34.6616547,-76.7254245,3355.535,-5.27,70.57,-5.34,6.921,10.478,1.43,17
$GNSS,2024-10-11T18:26:13.600Z,34.6616444,-76.7252700,3356.728,-5.54,70.34,-5.40,6.903,10.469,1.46,17
$GNSS,2024-10-11T18:26:13.800Z,34.6616351,-76.7251168,3357.951,-5.04,69.95,-5.72,6.886,10.459,1.46,17
$GNSS,2024-10-11T18:26:14.000Z,34.6616266,-76.7249643,3359.299,-4.62,69.56,-6.12,6.868,10.447,1.45,17
$GNSS,2024-10-11T18:26:14.200Z,34.6616188,-76.7248117,3360.362,-4.33,69.70,-5.79,6.847,10.440,1.45,16
$GNSS,2024-10-11T18:26:14.400Z,34.6616106,-76.7246582,3361.539,-4.42,70.00,-5.80,6.825,10.426,1.44,17
$GNSS,2024-10-11T18:26:14.600Z,34.6616022,-76.7245046,3362.566,-4.60,70.09,-5.51,6.806,10.411,1.49,17
$GNSS,2024-10-11T18:26:14.800Z,34.6615938,-76.7243525,3363.671,-4.67,69.25,-5.19,6.786,10.397,1.46,17
$GNSS,2024-10-11T18:26:15.000Z,34.6615859,-76.7242010,3364.772,-4.34,69.29,-5.37,6.767,10.385,1.46,17
$GNSS,2024-10-11T18:26:15.200Z,34.6615783,-76.7240503,3365.742,-4.27,69.12,-5.49,6.748,10.366,1.44,17
$GNSS,2024-10-11T18:26:15.400Z,34.6615713,-76.7239008,3366.413,-4.08,69.02,-5.58,6.729,10.353,1.43,17
$GNSS,2024-10-11T18:26:15.600Z,34.6615648,-76.7237504,3367.295,-3.72,69.09,-5.58,6.711,10.343,1.44,17
$GNSS,2024-10-11T18:26:15.800Z,34.6615582,-76.7236005,3368.502,-3.69,68.55,-5.67,6.694,10.340,1.46,17
$GNSS,2024-10-11T18:26:16.000Z,34.6615531,-76.7234497,3369.297,-3.05,69.41,-5.53,6.679,10.333,1.47,17
$GNSS,2024-10-11T18:26:16.200Z,34.6615489,-76.7232975,3370.150,-2.49,69.79,-5.23,6.664,10.322,1.48,16
$GNSS,2024-10-11T18:26:16.400Z,34.6615437,-76.7231450,3370.838,-3.03,70.29,-5.38,6.651,10.317,1.49,16
$GNSS,2024-10-11T18:26:16.600Z,34.6615391,-76.7229924,3371.471,-2.80,70.43,-5.52,6.637,10.309,1.47,16
$GNSS,2024-10-11T18:26:16.800Z,34.6615345,-76.7228392,3372.726,-2.56,70.04,-5.87,6.624,10.298,1.51,16
$GNSS,2024-10-11T18:26:17.000Z,34.6615308,-76.7226874,3373.655,-2.24,69.69,-5.70,6.614,10.288,1.53,16
$GNSS,2024-10-11T18:26:17.200Z,34.6615274,-76.7225350,3374.640,-2.02,69.86,-5.64,6.605,10.276,1.53,16
$GNSS,2024-10-11T18:26:17.400Z,34.6615253,-76.7223808,3375.683,-1.29,70.61,-5.63,6.600,10.274,1.62,17
$GNSS,2024-10-11T18:26:17.600Z,34.6615243,-76.7222270,3376.597,-0.69,70.71,-5.69,6.599,10.272,1.60,17
$GNSS,2024-10-11T18:26:17.800Z,34.6615230,-76.7220736,3377.388,-0.89,70.53,-5.53,6.595,10.264,1.53,17
$GNSS,2024-10-11T18:26:18.000Z,34.6615206,-76.7219210,3378.325,-1.37,70.18,-5.67,6.589,10.255,1.49,17
$GNSS,2024-10-11T18:26:18.200Z,34.6615204,-76.7217682,3379.013,-0.35,70.29,-5.28,6.581,10.245,1.50,17
$GNSS,2024-10-11T18:26:18.400Z,34.6615214,-76.7216151,3379.693,0.33,70.51,-5.26,6.569,10.228,1.45,17
$GNSS,2024-10-11T18:26:18.600Z,34.6615222,-76.7214611,3380.581,0.43,70.81,-5.43,6.555,10.207,1.43,17
$GNSS,2024-10-11T18:26:18.800Z,34.6615241,-76.7213074,3381.248,0.87,70.87,-5.36,6.539,10.185,1.42,17
$GNSS,2024-10-11T18:26:19.000Z,34.6615272,-76.7211538,3381.844,1.54,70.90,-5.33,6.523,10.164,1.41,17
$GNSS,2024-10-11T18:26:19.200Z,34.6615303,-76.7210002,3382.607,1.54,70.58,-5.12,6.508,10.143,1.43,17
$GNSS,2024-10-11T18:26:19.400Z,34.6615339,-76.7208470,3383.317,1.86,70.41,-4.87,6.494,10.125,1.41,17
$GNSS,2024-10-11T18:26:19.600Z,34.6615364,-76.7206932,3384.370,1.40,70.20,-4.66,6.481,10.112,1.43,17
$GNSS,2024-10-11T18:26:19.800Z,34.6615388,-76.7205397,3385.399,1.36,70.16,-4.52,6.470,10.105,1.45,17
$GNSS,2024-10-11T18:26:20.000Z,34.6615411,-76.7203847,3386.466,1.32,70.89,-4.65,6.462,10.100,1.45,17
$GNSS,2024-10-11T18:26:20.200Z,34.6615436,-76.7202288,3387.460,1.37,71.37,-4.61,6.454,10.095,1.43,17
$GNSS,2024-10-11T18:26:20.400Z,34.6615453,-76.7200734,3388.551,1.01,71.10,-4.57,6.445,10.092,1.42,17
$GNSS,2024-10-11T18:26:20.600Z,34.6615473,-76.7199176,3389.619,1.15,71.37,-4.82,6.439,10.087,1.46,17
$GNSS,2024-10-11T18:26:20.800Z,34.6615500,-76.7197627,3390.525,1.47,71.06,-4.81,6.434,10.084,1.48,16
$GNSS,2024-10-11T18:26:21.000Z,34.6615537,-76.7196062,3391.595,2.04,71.56,-4.94,6.434,10.087,1.55,15
$GNSS,2024-10-11T18:26:21.200Z,34.6615581,-76.7194511,3392.683,2.45,70.96,-4.99,6.435,10.093,1.59,15
$GNSS,2024-10-11T18:26:21.400Z,34.6615627,-76.7192963,3393.722,2.56,70.76,-4.86,6.437,10.096,1.54,15
$GNSS,2024-10-11T18:26:21.600Z,34.6615688,-76.7191419,3394.832,3.43,70.75,-5.19,6.441,10.101,1.58,15
$GNSS,2024-10-11T18:26:21.800Z,34.6615766,-76.7189878,3395.972,4.29,70.61,-5.41,6.446,10.108,1.57,15
$GNSS,2024-10-11T18:26:22.000Z,34.6615831,-76.7188327,3397.301,3.82,70.85,-5.61,6.453,10.115,1.58,15
$GNSS,2024-10-11T18:26:22.200Z,34.6615908,-76.7186799,3398.380,4.27,70.11,-5.69,6.458,10.120,1.57,15
$GNSS,2024-10-11T18:26:22.400Z,34.6615970,-76.7185261,3399.382,3.48,70.54,-5.75,6.462,10.125,1.56,15
$GNSS,2024-10-11T18:26:22.600Z,34.6616048,-76.7183719,3400.195,4.23,70.71,-5.42,6.464,10.127,1.55,15
$GNSS,2024-10-11T18:26:22.800Z,34.6616135,-76.7182172,3401.192,4.78,70.81,-5.31,6.462,10.128,1.55,15
$GNSS,2024-10-11T18:26:23.000Z,34.6616248,-76.7180601,3401.871,6.07,71.86,-4.88,6.458,10.123,1.52,15
$GNSS,2024-10-11T18:26:23.200Z,34.6616362,-76.7179050,3402.584,6.26,71.31,-4.84,6.454,10.117,1.51,15
$GNSS,2024-10-11T18:26:23.400Z,34.6616469,-76.7177512,3403.065,5.74,71.07,-5.07,6.450,10.107,1.47,15
$GNSS,2024-10-11T18:26:23.600Z,34.6616574,-76.7175958,3404.086,5.79,71.11,-5.12,6.444,10.096,1.47,15
$GNSS,2024-10-11T18:26:23.800Z,34.6616686,-76.7174407,3404.944,6.15,71.20,-5.28,6.436,10.079,1.44,15
$GNSS,2024-10-11T18:26:24.000Z,34.6616805,-76.7172854,3405.805,6.57,71.34,-5.45,6.424,10.056,1.41,15
$GNSS,2024-10-11T18:26:24.200Z,34.6616938,-76.7171302,3406.479,7.15,71.31,-5.21,6.411,10.034,1.41,15
$GNSS,2024-10-11T18:26:24.400Z,34.6617079,-76.7169752,3407.372,7.88,71.17,-5.34,6.398,10.012,1.45,15
$GNSS,2024-10-11T18:26:24.600Z,34.6617218,-76.7168190,3408.308,7.64,71.56,-5.25,6.384,9.990,1.45,15
$GNSS,2024-10-11T18:26:24.800Z,34.6617363,-76.7166642,3409.364,8.18,71.00,-5.64,6.370,9.968,1.40,16
$GNSS,2024-10-11T18:26:25.000Z,34.6617505,-76.7165098,3410.584,7.96,70.73,-5.97,6.363,9.951,1.44,15
$GNSS,2024-10-11T18:26:25.200Z,34.6617636,-76.7163544,3411.976,7.34,70.93,-6.10,6.358,9.940,1.45,15
$GNSS,2024-10-11T18:26:25.400Z,34.6617767,-76.7161994,3413.173,7.21,70.71,-5.66,6.356,9.933,1.46,15
$GNSS,2024-10-11T18:26:25.600Z,34.6617896,-76.7160433,3414.411,7.24,71.32,-5.68,6.356,9.925,1.46,15
$GNSS,2024-10-11T18:26:25.800Z,34.6618036,-76.7158852,3415.563,7.76,72.32,-5.75,6.357,9.917,1.51,16
$GNSS,2024-10-11T18:26:26.000Z,34.6618192,-76.7157284,3416.656,8.67,72.09,-6.10,6.352,9.901,1.41,16
$GNSS,2024-10-11T18:26:26.200Z,34.6618354,-76.7155707,3418.021,8.92,71.90,-6.00,6.345,9.884,1.38,16
$GNSS,2024-10-11T18:26:26.400Z,34.6618513,-76.7154139,3419.384,8.89,71.81,-6.29,6.336,9.862,1.41,16
$GNSS,2024-10-11T18:26:26.600Z,34.6618675,-76.7152584,3420.481,8.81,71.46,-6.18,6.307,9.797,1.33,17
$GNSS,2024-10-11T18:26:26.800Z,34.6618836,-76.7151045,3421.224,8.62,71.18,-6.08,6.280,9.740,1.33,17
$GNSS,2024-10-11T18:26:27.000Z,34.6618994,-76.7149490,3422.491,8.70,71.41,-6.43,6.254,9.681,1.29,17
$GNSS,2024-10-11T18:26:27.200Z,34.6619151,-76.7147929,3423.753,8.67,71.68,-6.62,6.227,9.624,1.31,17
$GNSS,2024-10-11T18:26:27.400Z,34.6619318,-76.7146382,3424.773,9.02,71.06,-6.40,6.203,9.571,1.33,17
$GNSS,2024-10-11T18:26:27.600Z,34.6619492,-76.7144838,3426.084,9.55,70.88,-6.60,6.180,9.520,1.31,17
$GNSS,2024-10-11T18:26:27.800Z,34.6619680,-76.7143283,3427.545,10.21,70.99,-6.42,6.155,9.467,1.29,17
$GNSS,2024-10-11T18:26:28.000Z,34.6619878,-76.7141726,3429.056,10.73,71.01,-6.30,6.132,9.420,1.29,17
$GNSS,2024-10-11T18:26:28.200Z,34.6620075,-76.7140175,3430.684,10.95,70.87,-6.62,6.115,9.376,1.33,16
$GNSS,2024-10-11T18:26:28.400Z,34.6620282,-76.7138621,3431.963,11.25,71.21,-6.50,6.101,9.340,1.37,16
$GNSS,2024-10-11T18:26:28.600Z,34.6620499,-76.7137061,3433.103,11.76,71.46,-6.23,6.091,9.307,1.36,16
$GNSS,2024-10-11T18:26:28.800Z,34.6620712,-76.7135513,3434.197,11.75,71.22,-6.37,6.086,9.276,1.40,16
$GNSS,2024-10-11T18:26:29.000Z,34.6620933,-76.7133961,3435.564,12.13,71.17,-6.53,6.086,9.254,1.52,16
$GNSS,2024-10-11T18:26:29.200Z,34.6621155,-76.7132411,3437.293,12.37,71.00,-7.02,6.086,9.234,1.53,16
$GNSS,2024-10-11T18:26:29.400Z,34.6621389,-76.7130853,3438.827,12.78,71.28,-7.07,6.083,9.207,1.42,16
$GNSS,2024-10-11T18:26:29.600Z,34.6621614,-76.7129325,3440.632,12.65,70.17,-7.63,6.090,9.183,1.47,15
$GNSS,2024-10-11T18:26:29.800Z,34.6621842,-76.7127782,3442.006,12.38,70.66,-7.33,6.092,9.160,1.47,16
$GNSS,2024-10-11T18:26:30.000Z,34.6622076,-76.7126216,3443.653,12.79,71.33,-7.20,6.082,9.106,1.41,17
$GNSS,2024-10-11T18:26:30.200Z,34.6622314,-76.7124663,3445.025,13.07,71.04,-7.08,6.071,9.053,1.44,17
$GNSS,2024-10-11T18:26:30.400Z,34.6622551,-76.7123132,3446.014,13.25,70.62,-7.13,6.061,9.001,1.43,17
$GNSS,2024-10-11T18:26:30.600Z,34.6622786,-76.7121614,3446.906,13.27,70.15,-7.22,6.051,8.950,1.38,17
$GNSS,2024-10-11T18:26:30.800Z,34.6623040,-76.7120087,3447.841,14.10,70.23,-7.02,6.049,8.905,1.43,16
$GNSS,2024-10-11T18:26:31.000Z,34.6623310,-76.7118566,3448.801,15.03,70.05,-7.10,6.050,8.862,1.44,16
$GNSS,2024-10-11T18:26:31.200Z,34.6623593,-76.7117052,3449.821,15.68,69.65,-7.07,6.058,8.824,1.48,15
$GNSS,2024-10-11T18:26:31.400Z,34.6623873,-76.7115535,3451.158,15.57,69.84,-7.35,6.066,8.787,1.48,15
$GNSS,2024-10-11T18:26:31.600Z,34.6624146,-76.7114010,3452.572,15.16,70.09,-7.52,6.078,8.755,1.52,15
$GNSS,2024-10-11T18:26:31.800Z,34.6624410,-76.7112482,3454.136,14.52,69.83,-7.48,6.099,8.732,1.56,14
$GNSS,2024-10-11T18:26:32.000Z,34.6624686,-76.7110957,3455.605,15.14,69.88,-7.63,6.124,8.712,1.59,14
$GNSS,2024-10-11T18:26:32.200Z,34.6624957,-76.7109441,3456.961,14.91,69.64,-7.56,6.139,8.682,1.52,15
$GNSS,2024-10-11T18:26:32.400Z,34.6625249,-76.7107913,3458.189,15.73,69.96,-7.29,6.154,8.655,1.58,15
$GNSS,2024-10-11T18:26:32.600Z,34.6625532,-76.7106390,3459.590,15.61,69.96,-7.41,6.163,8.625,1.49,15
$GNSS,2024-10-11T18:26:32.800Z,34.6625823,-76.7104862,3460.949,15.87,70.01,-7.34,6.171,8.597,1.50,15
$GNSS,2024-10-11T18:26:33.000Z,34.6626114,-76.7103348,3462.186,15.96,69.45,-7.14,6.179,8.570,1.50,14
$GNSS,2024-10-11T18:26:33.200Z,34.6626408,-76.7101828,3463.752,16.19,69.57,-7.46,6.190,8.549,1.40,12
$GNSS,2024-10-11T18:26:33.400Z,34.6626706,-76.7100317,3465.138,16.37,69.24,-7.44,6.185,8.520,1.30,14
$GNSS,2024-10-11T18:26:33.600Z,34.6627006,-76.7098814,3466.639,16.48,68.99,-7.72,6.179,8.492,1.28,14
$GNSS,2024-10-11T18:26:33.800Z,34.6627304,-76.7097310,3467.937,16.55,69.17,-7.86,6.172,8.462,1.27,14
$GNSS,2024-10-11T18:26:34.000Z,34.6627618,-76.7095798,3469.498,16.96,69.09,-7.78,6.164,8.437,1.26,14
$GNSS,2024-10-11T18:26:34.200Z,34.6627934,-76.7094276,3470.970,17.06,69.53,-7.48,6.154,8.413,1.25,14
$GNSS,2024-10-11T18:26:34.400Z,34.6628236,-76.7092761,3472.161,16.63,69.47,-7.28,6.145,8.391,1.23,14
$GNSS,2024-10-11T18:26:34.600Z,34.6628538,-76.7091248,3473.415,16.68,69.47,-7.31,6.135,8.372,1.23,15
$GNSS,2024-10-11T18:26:34.800Z,34.6628837,-76.7089731,3474.989,16.37,69.65,-7.93,6.124,8.345,1.18,15
$GNSS,2024-10-11T18:26:35.000Z,34.6629149,-76.7088212,3476.605,16.87,69.46,-7.90,6.113,8.321,1.18,15
$GNSS,2024-10-11T18:26:35.200Z,34.6629470,-76.7086702,3478.415,17.34,69.22,-8.37,6.104,8.300,1.19,15
$GNSS,2024-10-11T18:26:35.400Z,34.6629793,-76.7085180,3480.182,17.18,69.16,-8.43,6.087,8.281,1.19,16
$GNSS,2024-10-11T18:26:35.600Z,34.6630110,-76.7083661,3481.807,16.96,69.18,-8.45,6.071,8.264,1.20,16
$GNSS,2024-10-11T18:26:35.800Z,34.6630423,-76.7082152,3483.290,16.97,69.08,-8.67,6.063,8.257,1.23,15
$GNSS,2024-10-11T18:26:36.000Z,34.6630745,-76.7080655,3484.775,17.41,68.48,-8.43,6.056,8.252,1.26,15
$GNSS,2024-10-11T18:26:36.200Z,34.6631077,-76.7079165,3486.198,17.96,68.25,-8.17,6.054,8.251,1.30,15
$GNSS,2024-10-11T18:26:36.400Z,34.6631411,-76.7077688,3487.499,18.38,67.93,-8.19,6.051,8.250,1.28,15
$GNSS,2024-10-11T18:26:36.600Z,34.6631750,-76.7076220,3488.879,18.53,67.50,-8.33,6.046,8.249,1.28,15
$GNSS,2024-10-11T18:26:36.800Z,34.6632086,-76.7074757,3490.192,18.51,67.35,-8.33,6.041,8.248,1.26,15
$GNSS,2024-10-11T18:26:37.000Z,34.6632419,-76.7073297,3491.494,18.29,67.08,-8.21,6.035,8.245,1.26,16
$GNSS,2024-10-11T18:26:37.200Z,34.6632753,-76.7071843,3492.640,18.52,66.95,-7.97,6.031,8.242,1.28,16
$GNSS,2024-10-11T18:26:37.400Z,34.6633091,-76.7070386,3493.872,18.70,66.94,-7.88,6.026,8.240,1.28,17
$GNSS,2024-10-11T18:26:37.600Z,34.6633442,-76.7068942,3495.192,19.22,66.34,-7.66,6.033,8.250,1.30,15
$GNSS,2024-10-11T18:26:37.800Z,34.6633800,-76.7067505,3496.644,19.48,66.05,-7.81,6.043,8.260,1.32,14
$GNSS,2024-10-11T18:26:38.000Z,34.6634164,-76.7066061,3498.191,19.77,66.04,-7.61,6.050,8.262,1.30,15
$GNSS,2024-10-11T18:26:38.200Z,34.6634516,-76.7064608,3499.674,19.48,66.41,-7.75,6.057,8.265,1.31,14
$GNSS,2024-10-11T18:26:38.400Z,34.6634881,-76.7063160,3501.077,20.05,66.36,-7.66,6.068,8.271,1.38,14
$GNSS,2024-10-11T18:26:38.600Z,34.6635262,-76.7061709,3502.535,20.69,66.32,-7.37,6.077,8.278,1.35,15
$GNSS,2024-10-11T18:26:38.800Z,34.6635638,-76.7060267,3504.068,20.52,65.89,-7.68,6.082,8.284,1.30,16
$GNSS,2024-10-11T18:26:39.000Z,34.6636032,-76.7058828,3505.828,21.18,65.70,-7.91,6.090,8.294,1.32,14
$GNSS,2024-10-11T18:26:39.200Z,34.6636420,-76.7057374,3507.633,20.98,66.26,-8.17,6.098,8.301,1.33,14
$GNSS,2024-10-11T18:26:39.400Z,34.6636801,-76.7055926,3509.406,20.90,66.27,-8.61,6.107,8.312,1.39,14
$GNSS,2024-10-11T18:26:39.600Z,34.6637185,-76.7054481,3511.344,20.90,66.20,-9.00,6.114,8.320,1.35,15
$GNSS,2024-10-11T18:26:39.800Z,34.6637571,-76.7053046,3513.074,20.95,65.65,-8.70,6.122,8.331,1.37,15
$GNSS,2024-10-11T18:26:40.000Z,34.6637937,-76.7051609,3514.357,20.95,66.13,-8.60,6.121,8.330,1.34,15
$GNSS,2024-10-11T18:26:40.200Z,34.6638325,-76.7050158,3516.255,20.87,66.26,-8.42,6.126,8.340,1.34,14
$GNSS,2024-10-11T18:26:40.400Z,34.6638709,-76.7048725,3517.992,20.94,65.83,-8.62,6.131,8.352,1.37,14
$GNSS,2024-10-11T18:26:40.600Z,34.6639090,-76.7047292,3519.513,21.25,65.88,-8.55,6.140,8.367,1.41,14
$GNSS,2024-10-11T18:26:40.800Z,34.6639497,-76.7045866,3521.433,21.97,65.37,-8.60,6.151,8.381,1.41,14
$GNSS,2024-10-11T18:26:41.000Z,34.6639908,-76.7044436,3523.184,22.28,65.48,-8.30,6.159,8.394,1.35,14
$GNSS,2024-10-11T18:26:41.200Z,34.6640315,-76.7043000,3524.784,22.26,65.77,-8.11,6.163,8.407,1.34,15
$GNSS,2024-10-11T18:26:41.400Z,34.6640715,-76.7041575,3526.467,21.99,65.44,-8.39,6.167,8.410,1.21,15
$GNSS,2024-10-11T18:26:41.600Z,34.6641110,-76.7040152,3527.933,21.98,65.42,-8.37,6.171,8.410,1.15,15
$GNSS,2024-10-11T18:26:41.800Z,34.6641509,-76.7038736,3529.523,21.90,64.94,-8.35,6.174,8.411,1.17,15
$GNSS,2024-10-11T18:26:42.000Z,34.6641896,-76.7037339,3530.707,22.15,64.40,-8.40,6.175,8.414,1.23,15
$GNSS,2024-10-11T18:26:42.200Z,34.6642287,-76.7035955,3532.080,21.98,63.63,-8.47,6.179,8.423,1.38,15
$GNSS,2024-10-11T18:26:42.400Z,34.6642672,-76.7034572,3533.408,21.86,63.65,-8.47,6.185,8.436,1.42,15
$GNSS,2024-10-11T18:26:42.600Z,34.6643064,-76.7033195,3534.700,22.24,63.40,-8.53,6.193,8.448,1.46,15
$GNSS,2024-10-11T18:26:42.800Z,34.6643477,-76.7031833,3536.285,22.73,62.63,-8.48,6.203,8.465,1.43,15
$GNSS,2024-10-11T18:26:43.000Z,34.6643908,-76.7030455,3538.111,23.21,63.10,-8.34,6.212,8.483,1.40,15
$GNSS,2024-10-11T18:26:43.200Z,34.6644351,-76.7029076,3539.719,24.28,63.29,-8.32,6.220,8.503,1.42,15
$GNSS,2024-10-11T18:26:43.400Z,34.6644794,-76.7027705,3541.429,24.09,62.82,-8.11,6.226,8.520,1.38,15
$GNSS,2024-10-11T18:26:43.600Z,34.6645239,-76.7026336,3543.167,24.19,62.78,-8.10,6.232,8.537,1.38,15
$GNSS,2024-10-11T18:26:43.800Z,34.6645682,-76.7024956,3544.800,24.37,63.37,-8.19,6.237,8.557,1.37,15
$GNSS,2024-10-11T18:26:44.000Z,34.6646118,-76.7023573,3546.387,24.17,63.53,-8.33,6.240,8.575,1.35,15
$GNSS,2024-10-11T18:26:44.200Z,34.6646573,-76.7022192,3548.287,24.42,63.23,-8.20,6.244,8.595,1.38,15
$GNSS,2024-10-11T18:26:44.400Z,34.6647037,-76.7020817,3550.125,24.79,62.96,-7.85,6.247,8.614,1.35,15
$GNSS,2024-10-11T18:26:44.600Z,34.6647500,-76.7019451,3552.034,25.05,62.66,-8.23,6.249,8.633,1.33,15
$GNSS,2024-10-11T18:26:44.800Z,34.6647962,-76.7018082,3553.680,25.38,62.88,-8.35,6.250,8.651,1.33,15
$GNSS,2024-10-11T18:26:45.000Z,34.6648440,-76.7016720,3555.491,25.90,62.44,-8.36,6.251,8.668,1.30,15
$GNSS,2024-10-11T18:26:45.200Z,34.6648919,-76.7015365,3557.241,26.03,62.17,-8.40,6.250,8.684,1.28,15
$GNSS,2024-10-11T18:26:45.400Z,34.6649395,-76.7014021,3558.849,26.03,61.65,-8.25,6.250,8.701,1.31,15
$GNSS,2024-10-11T18:26:45.600Z,34.6649884,-76.7012662,3560.399,26.56,62.38,-7.88,6.249,8.717,1.36,15
$GNSS,2024-10-11T18:26:45.800Z,34.6650361,-76.7011310,3561.879,26.50,62.05,-8.31,6.249,8.733,1.31,15
$GNSS,2024-10-11T18:26:46.000Z,34.6650839,-76.7009969,3563.287,26.45,61.52,-8.21,6.250,8.748,1.30,15
$GNSS,2024-10-11T18:26:46.200Z,34.6651337,-76.7008626,3564.784,27.09,61.63,-7.83,6.250,8.762,1.29,15
$GNSS,2024-10-11T18:26:46.400Z,34.6651853,-76.7007286,3566.399,27.85,61.55,-7.68,6.248,8.776,1.29,15
$GNSS,2024-10-11T18:26:46.600Z,34.6652365,-76.7005956,3567.992,27.96,61.05,-7.91,6.244,8.791,1.31,15
$GNSS,2024-10-11T18:26:46.800Z,34.6652858,-76.7004642,3569.468,27.21,60.25,-8.15,6.242,8.806,1.30,15
$GNSS,2024-10-11T18:26:47.000Z,34.6653355,-76.7003322,3571.194,26.79,60.66,-7.97,6.242,8.822,1.40,15
$GNSS,2024-10-11T18:26:47.200Z,34.6653857,-76.7001993,3572.994,26.94,61.11,-7.93,6.241,8.836,1.36,15
$GNSS,2024-10-11T18:26:47.400Z,34.6654363,-76.7000660,3574.948,27.19,61.38,-8.29,6.240,8.849,1.35,14
$GNSS,2024-10-11T18:26:47.600Z,34.6654865,-76.6999332,3576.533,27.58,60.91,-8.47,6.238,8.863,1.33,14
$GNSS,2024-10-11T18:26:47.800Z,34.6655385,-76.6998009,3578.248,28.21,60.69,-8.22,6.237,8.879,1.40,13
$GNSS,2024-10-11T18:26:48.000Z,34.6655915,-76.6996694,3580.169,28.45,60.44,-8.19,6.235,8.893,1.37,14
$GNSS,2024-10-11T18:26:48.200Z,34.6656445,-76.6995365,3581.896,28.78,60.89,-8.18,6.232,8.910,1.31,13
$GNSS,2024-10-11T18:26:48.400Z,34.6656983,-76.6994038,3583.785,28.77,60.91,-7.92,6.229,8.930,1.35,12
$GNSS,2024-10-11T18:26:48.600Z,34.6657510,-76.6992705,3585.309,28.58,60.93,-7.43,6.227,8.948,1.33,13
$GNSS,2024-10-11T18:26:48.800Z,34.6657991,-76.6991372,3586.069,28.07,60.70,-7.36,6.213,8.931,1.33,14
$GNSS,2024-10-11T18:26:49.000Z,34.6658468,-76.6990040,3586.380,28.43,60.79,-7.40,6.189,8.893,1.31,15
$GNSS,2024-10-11T18:26:49.200Z,34.6658991,-76.6988728,3587.508,29.06,60.17,-7.35,6.178,8.881,1.32,14
$GNSS,2024-10-11T18:26:49.400Z,34.6659499,-76.6987413,3588.647,28.01,60.42,-6.98,6.169,8.870,1.32,15
$GNSS,2024-10-11T18:26:49.600Z,34.6660025,-76.6986107,3589.962,28.83,60.07,-7.02,6.164,8.866,1.40,14
$GNSS,2024-10-11T18:26:49.800Z,34.6660555,-76.6984801,3591.007,29.39,60.08,-6.89,6.163,8.864,1.44,13
$GNSS,2024-10-11T18:26:50.000Z,34.6661094,-76.6983500,3592.444,29.47,60.02,-7.12,6.161,8.858,1.38,13
$GNSS,2024-10-11T18:26:50.200Z,34.6661629,-76.6982205,3593.650,29.45,59.54,-6.80,6.162,8.853,1.42,13
$GNSS,2024-10-11T18:26:50.400Z,34.6662165,-76.6980908,3594.981,29.38,59.72,-6.84,6.164,8.840,1.39,13
$GNSS,2024-10-11T18:26:50.600Z,34.6662704,-76.6979608,3596.253,29.58,59.87,-6.71,6.167,8.827,1.38,13
$GNSS,2024-10-11T18:26:50.800Z,34.6663242,-76.6978312,3597.614,29.52,59.75,-6.80,6.173,8.816,1.40,13
$GNSS,2024-10-11T18:26:51.000Z,34.6663797,-76.6977021,3599.347,29.89,59.28,-6.85,6.182,8.818,1.40,13
$GNSS,2024-10-11T18:26:51.200Z,34.6664353,-76.6975719,3600.777,30.21,59.78,-6.57,6.193,8.825,1.52,13
$GNSS,2024-10-11T18:26:51.400Z,34.6664917,-76.6974428,3602.338,30.45,59.24,-6.40,6.204,8.829,1.45,13
$GNSS,2024-10-11T18:26:51.600Z,34.6665490,-76.6973140,3604.041,31.00,59.17,-6.63,6.215,8.829,1.41,14
$GNSS,2024-10-11T18:26:51.800Z,34.6666051,-76.6971848,3605.598,30.51,59.25,-6.50,6.230,8.829,1.46,13
$GNSS,2024-10-11T18:26:52.000Z,34.6666597,-76.6970553,3607.302,29.88,59.46,-6.82,6.249,8.830,1.49,13
$GNSS,2024-10-11T18:26:52.200Z,34.6667145,-76.6969247,3608.790,30.18,59.93,-6.98,6.271,8.836,1.57,13
$GNSS,2024-10-11T18:26:52.400Z,34.6667690,-76.6967944,3610.507,29.90,59.81,-7.22,6.295,8.839,1.49,13
$GNSS,2024-10-11T18:26:52.600Z,34.6668235,-76.6966633,3611.966,29.92,60.14,-7.23,6.315,8.847,1.46,13
$GNSS,2024-10-11T18:26:52.800Z,34.6668805,-76.6965327,3613.700,30.41,59.94,-6.97,6.333,8.854,1.46,13
$GNSS,2024-10-11T18:26:53.000Z,34.6669362,-76.6964030,3615.412,30.16,59.59,-7.00,6.354,8.872,1.60,12
$GNSS,2024-10-11T18:26:53.200Z,34.6669925,-76.6962750,3617.040,30.40,58.93,-6.94,6.373,8.892,1.59,12
$GNSS,2024-10-11T18:26:53.400Z,34.6670497,-76.6961478,3618.707,30.86,58.58,-7.02,6.391,8.914,1.59,12
$GNSS,2024-10-11T18:26:53.600Z,34.6671091,-76.6960194,3620.269,32.01,58.96,-7.02,6.407,8.945,1.59,12
$GNSS,2024-10-11T18:26:53.800Z,34.6671687,-76.6958903,3621.867,32.21,59.28,-6.85,6.422,8.980,1.59,12
$GNSS,2024-10-11T18:26:54.000Z,34.6672278,-76.6957611,3623.415,32.03,59.44,-6.80,6.431,9.011,1.61,14
$GNSS,2024-10-11T18:26:54.200Z,34.6672870,-76.6956335,3625.076,32.17,58.96,-7.13,6.439,9.043,1.62,14
$GNSS,2024-10-11T18:26:54.400Z,34.6673464,-76.6955078,3626.976,32.15,58.08,-7.66,6.440,9.064,1.42,15
$GNSS,2024-10-11T18:26:54.600Z,34.6674065,-76.6953823,3628.975,32.31,57.88,-7.96,6.438,9.083,1.37,15
$GNSS,2024-10-11T18:26:54.800Z,34.6674655,-76.6952573,3630.519,32.28,57.51,-7.95,6.437,9.111,1.48,15
$GNSS,2024-10-11T18:26:55.000Z,34.6675239,-76.6951318,3631.541,32.41,57.62,-7.59,6.428,9.113,1.43,16
$GNSS,2024-10-11T18:26:55.200Z,34.6675835,-76.6950062,3633.096,32.23,57.68,-7.12,6.416,9.118,1.43,16
$GNSS,2024-10-11T18:26:55.400Z,34.6676433,-76.6948803,3634.500,32.48,57.97,-6.90,6.400,9.110,1.32,16
$GNSS,2024-10-11T18:26:55.600Z,34.6677032,-76.6947547,3635.732,32.95,57.75,-7.04,6.384,9.101,1.29,16
$GNSS,2024-10-11T18:26:55.800Z,34.6677651,-76.6946303,3637.235,33.75,57.24,-7.17,6.369,9.093,1.35,16
$GNSS,2024-10-11T18:26:56.000Z,34.6678271,-76.6945059,3638.732,33.73,57.22,-7.17,6.355,9.084,1.36,16
$GNSS,2024-10-11T18:26:56.200Z,34.6678890,-76.6943814,3640.129,33.91,57.29,-7.21,6.346,9.078,1.43,16
$GNSS,2024-10-11T18:26:56.400Z,34.6679515,-76.6942574,3641.652,34.14,56.98,-7.51,6.337,9.071,1.40,16
$GNSS,2024-10-11T18:26:56.600Z,34.6680144,-76.6941332,3643.151,34.26,57.07,-7.37,6.332,9.064,1.45,16
$GNSS,2024-10-11T18:26:56.800Z,34.6680768,-76.6940102,3644.070,34.40,56.46,-6.88,6.328,9.054,1.42,16
$GNSS,2024-10-11T18:26:57.000Z,34.6681411,-76.6938868,3645.423,35.04,56.66,-6.85,6.324,9.046,1.43,16
$GNSS,2024-10-11T18:26:57.200Z,34.6682040,-76.6937631,3646.778,34.57,56.92,-7.13,6.318,9.037,1.40,16
$GNSS,2024-10-11T18:26:57.400Z,34.6682676,-76.6936384,3647.914,34.97,57.29,-6.95,6.312,9.028,1.41,16
$GNSS,2024-10-11T18:26:57.600Z,34.6683301,-76.6935143,3648.905,34.65,56.96,-6.86,6.306,9.016,1.31,16
$GNSS,2024-10-11T18:26:57.800Z,34.6683939,-76.6933904,3650.085,34.88,56.88,-6.55,6.301,9.004,1.30,16
$GNSS,2024-10-11T18:26:58.000Z,34.6684560,-76.6932664,3650.957,34.35,56.88,-6.15,6.296,8.990,1.29,16
$GNSS,2024-10-11T18:26:58.200Z,34.6685201,-76.6931415,3651.343,35.94,57.54,-5.94,6.288,8.976,1.24,16
$GNSS,2024-10-11T18:26:58.400Z,34.6685852,-76.6930145,3651.965,36.15,58.42,-5.45,6.282,8.968,1.39,16
$GNSS,2024-10-11T18:26:58.600Z,34.6686499,-76.6928891,3653.343,35.23,57.58,-5.51,6.286,8.976,1.42,15
$GNSS,2024-10-11T18:26:58.800Z,34.6687141,-76.6927656,3654.497,35.23,56.77,-5.60,6.290,8.982,1.40,15
$GNSS,2024-10-11T18:26:59.000Z,34.6687785,-76.6926421,3655.739,35.25,56.75,-5.63,6.295,8.988,1.40,15
$GNSS,2024-10-11T18:26:59.200Z,34.6688434,-76.6925185,3656.686,35.92,56.88,-5.67,6.308,8.992,1.38,14
$GNSS,2024-10-11T18:26:59.400Z,34.6689096,-76.6923942,3657.682,36.65,57.31,-5.59,6.329,8.997,1.44,13
$GNSS,2024-10-11T18:26:59.600Z,34.6689764,-76.6922724,3658.762,36.84,56.13,-5.57,6.357,9.015,1.60,12
$GNSS,2024-10-11T18:26:59.800Z,34.6690410,-76.6921498,3659.627,36.42,56.53,-5.78,6.386,9.032,1.58,12
$GNSS,2024-10-11T18:27:00.000Z,34.6691076,-76.6920282,3660.736,36.79,56.19,-5.86,6.413,9.047,1.50,11
$GNSS,2024-10-11T18:27:00.200Z,34.6691719,-76.6919072,3662.079,35.99,55.95,-6.29,6.437,9.061,1.47,11
$GNSS,2024-10-11T18:27:00.400Z,34.6692379,-76.6917859,3663.533,36.04,55.96,-6.27,6.457,9.079,1.45,10
$GNSS,2024-10-11T18:27:00.600Z,34.6693029,-76.6916649,3664.721,36.03,55.87,-6.30,6.476,9.096,1.42,10
$GNSS,2024-10-11T18:27:00.800Z,34.6693690,-76.6915439,3666.189,36.15,55.87,-6.39,6.492,9.114,1.41,10
$GNSS,2024-10-11T18:27:01.000Z,34.6694341,-76.6914220,3667.502,36.10,56.31,-6.54,6.511,9.132,1.41,10
$GNSS,2024-10-11T18:27:01.200Z,34.6694979,-76.6913005,3668.440,35.79,56.03,-6.49,6.529,9.151,1.45,10
$GNSS,2024-10-11T18:27:01.400Z,34.6695632,-76.6911788,3669.564,36.14,56.19,-6.37,6.547,9.170,1.44,10
$GNSS,2024-10-11T18:27:01.600Z,34.6696300,-76.6910568,3670.664,36.68,56.24,-6.11,6.564,9.192,1.42,9
$GNSS,2024-10-11T18:27:01.800Z,34.6696975,-76.6909355,3671.856,37.06,56.04,-6.05,6.578,9.214,1.44,9
$GNSS,2024-10-11T18:27:02.000Z,34.6697648,-76.6908158,3673.025,37.08,55.37,-6.05,6.592,9.239,1.45,10
$GNSS,2024-10-11T18:27:02.200Z,34.6698331,-76.6906974,3674.231,37.46,54.76,-5.98,6.609,9.264,1.46,10
$GNSS,2024-10-11T18:27:02.400Z,34.6699002,-76.6905790,3675.070,37.35,54.68,-5.81,6.623,9.287,1.45,10
$GNSS,2024-10-11T18:27:02.600Z,34.6699662,-76.6904615,3676.280,36.75,54.42,-6.14,6.638,9.315,1.52,10
$GNSS,2024-10-11T18:27:02.800Z,34.6700325,-76.6903426,3677.218,36.82,54.88,-5.96,6.657,9.345,1.51,10
$GNSS,2024-10-11T18:27:03.000Z,34.6700996,-76.6902239,3678.455,36.90,54.81,-5.96,6.685,9.377,1.61,8
$GNSS,2024-10-11T18:27:03.200Z,34.6701672,-76.6901034,3679.787,36.66,55.35,-5.61,6.717,9.404,1.57,8
$GNSS,2024-10-11T18:27:03.400Z,34.6702365,-76.6899817,3680.959,37.51,56.00,-5.37,6.749,9.434,1.63,8
$GNSS,2024-10-11T18:27:03.600Z,34.6703070,-76.6898605,3682.146,38.24,55.96,-5.23,6.782,9.471,1.71,9
$GNSS,2024-10-11T18:27:03.800Z,34.6703771,-76.6897416,3683.157,38.83,55.17,-5.39,6.816,9.507,1.76,9
$GNSS,2024-10-11T18:27:04.000Z,34.6704463,-76.6896219,3684.008,38.42,55.21,-5.20,6.850,9.547,1.73,9
$GNSS,2024-10-11T18:27:04.200Z,34.6705147,-76.6895032,3685.158,37.96,55.05,-5.37,6.884,9.591,1.77,9
$GNSS,2024-10-11T18:27:04.400Z,34.6705860,-76.6893855,3686.220,38.89,54.40,-5.30,6.917,9.631,1.74,9
$GNSS,2024-10-11T18:27:04.600Z,34.6706576,-76.6892674,3687.182,39.49,54.67,-5.42,6.944,9.661,1.59,9
$GNSS,2024-10-11T18:27:04.800Z,34.6707292,-76.6891494,3688.332,39.53,54.63,-5.53,6.970,9.702,1.65,9
$GNSS,2024-10-11T18:27:05.000Z,34.6708009,-76.6890324,3689.426,39.57,54.19,-5.56,6.991,9.735,1.57,9
$GNSS,2024-10-11T18:27:05.200Z,34.6708714,-76.6889157,3690.576,39.11,54.13,-5.73,7.012,9.780,1.68,9
$GNSS,2024-10-11T18:27:05.400Z,34.6709418,-76.6887987,3691.670,38.76,54.03,-5.56,7.032,9.823,1.56,9
$GNSS,2024-10-11T18:27:05.600Z,34.6710103,-76.6886813,3692.646,38.42,54.51,-5.82,7.051,9.866,1.52,9
$GNSS,2024-10-11T18:27:05.800Z,34.6710814,-76.6885642,3693.541,39.34,54.21,-5.75,7.072,9.909,1.51,9
$GNSS,2024-10-11T18:27:06.000Z,34.6711541,-76.6884468,3694.028,40.24,53.98,-5.11,7.088,9.952,1.50,9
$GNSS,2024-10-11T18:27:06.200Z,34.6712265,-76.6883287,3694.850,40.08,54.36,-4.82,7.117,10.003,1.66,9
$GNSS,2024-10-11T18:27:06.400Z,34.6712999,-76.6882109,3695.871,40.50,54.56,-5.00,7.145,10.040,1.62,10
$GNSS,2024-10-11T18:27:06.600Z,34.6713729,-76.6880929,3696.879,40.45,54.60,-5.11,7.173,10.072,1.61,10
$GNSS,2024-10-11T18:27:06.800Z,34.6714466,-76.6879749,3697.750,40.57,54.36,-4.83,7.202,10.106,1.62,10
$GNSS,2024-10-11T18:27:07.000Z,34.6715181,-76.6878566,3698.737,39.87,54.63,-4.93,7.233,10.150,1.78,10
$GNSS,2024-10-11T18:27:07.200Z,34.6715880,-76.6877393,3700.062,39.16,54.58,-5.51,7.267,10.185,1.66,10
$GNSS,2024-10-11T18:27:07.400Z,34.6716590,-76.6876208,3701.502,39.05,54.80,-5.77,7.297,10.213,1.60,11
$GNSS,2024-10-11T18:27:07.600Z,34.6717321,-76.6875033,3702.334,40.00,54.24,-5.49,7.330,10.258,1.78,10
$GNSS,2024-10-11T18:27:07.800Z,34.6718058,-76.6873853,3703.335,40.68,54.68,-5.68,7.360,10.303,1.77,10
$GNSS,2024-10-11T18:27:08.000Z,34.6718803,-76.6872666,3703.954,40.95,54.57,-5.09,7.382,10.333,1.60,10
$GNSS,2024-10-11T18:27:08.200Z,34.6719534,-76.6871481,3704.532,40.59,54.56,-4.73,7.400,10.363,1.58,10
$GNSS,2024-10-11T18:27:08.400Z,34.6720263,-76.6870300,3705.073,40.54,54.52,-4.52,7.416,10.393,1.57,10
$GNSS,2024-10-11T18:27:08.600Z,34.6721002,-76.6869119,3705.521,41.09,54.59,-4.38,7.432,10.420,1.54,10
$GNSS,2024-10-11T18:27:08.800Z,34.6721743,-76.6867954,3706.668,41.11,54.22,-5.00,7.448,10.448,1.55,10
$GNSS,2024-10-11T18:27:09.000Z,34.6722486,-76.6866765,3707.375,41.11,54.78,-4.78,7.460,10.459,1.52,10
$GNSS,2024-10-11T18:27:09.200Z,34.6723230,-76.6865573,3707.912,41.37,55.00,-4.50,7.476,10.473,1.52,10
$GNSS,2024-10-11T18:27:09.400Z,34.6723984,-76.6864382,3708.887,41.51,55.06,-4.61,7.488,10.485,1.53,10
$GNSS,2024-10-11T18:27:09.600Z,34.6724736,-76.6863186,3709.446,41.78,55.30,-4.36,7.498,10.500,1.53,10
$GNSS,2024-10-11T18:27:09.800Z,34.6725493,-76.6861996,3710.188,41.92,55.08,-4.33,7.508,10.513,1.49,10
$GNSS,2024-10-11T18:27:10.000Z,34.6726260,-76.6860806,3710.999,42.38,55.10,-4.38,7.520,10.531,1.55,10
$GNSS,2024-10-11T18:27:10.200Z,34.6727034,-76.6859623,3712.200,42.50,54.85,-4.74,7.532,10.546,1.54,10
$GNSS,2024-10-11T18:27:10.400Z,34.6727800,-76.6858435,3713.299,42.40,55.04,-5.08,7.544,10.560,1.50,10
$GNSS,2024-10-11T18:27:10.600Z,34.6728583,-76.6857249,3714.363,42.87,54.78,-4.87,7.563,10.582,1.54,10
$GNSS,2024-10-11T18:27:10.800Z,34.6729369,-76.6856076,3715.564,42.97,54.19,-4.77,7.584,10.599,1.63,11
$GNSS,2024-10-11T18:27:11.000Z,34.6730172,-76.6854900,3716.963,43.50,54.30,-4.82,7.608,10.608,1.64,11
$GNSS,2024-10-11T18:27:11.200Z,34.6730972,-76.6853715,3717.722,43.88,54.70,-4.27,7.632,10.629,1.87,12
$GNSS,2024-10-11T18:27:11.400Z,34.6731787,-76.6852513,3718.519,44.39,55.39,-3.88,7.660,10.651,1.92,12
$GNSS,2024-10-11T18:27:11.600Z,34.6732599,-76.6851320,3719.331,44.64,55.29,-3.83,7.683,10.669,1.84,12
$GNSS,2024-10-11T18:27:11.800Z,34.6733406,-76.6850141,3720.718,44.36,54.75,-4.23,7.703,10.678,1.70,12
$GNSS,2024-10-11T18:27:12.000Z,34.6734200,-76.6848956,3721.989,43.83,54.97,-4.50,7.723,10.688,1.66,12
$GNSS,2024-10-11T18:27:12.200Z,34.6734955,-76.6847772,3723.009,42.52,55.01,-4.70,7.747,10.699,1.67,12
$GNSS,2024-10-11T18:27:12.400Z,34.6735720,-76.6846597,3724.104,42.79,54.59,-5.32,7.775,10.717,1.71,11
$GNSS,2024-10-11T18:27:12.600Z,34.6736476,-76.6845435,3725.440,42.36,53.96,-5.84,7.806,10.737,1.77,11
$GNSS,2024-10-11T18:27:12.800Z,34.6737231,-76.6844259,3726.643,42.15,54.45,-6.10,7.837,10.751,1.76,11
$GNSS,2024-10-11T18:27:13.000Z,34.6737985,-76.6843083,3727.848,41.93,54.40,-6.18,7.865,10.766,1.80,12
$GNSS,2024-10-11T18:27:13.200Z,34.6738770,-76.6841916,3729.419,42.51,53.79,-6.10,7.909,10.778,1.85,11
$GNSS,2024-10-11T18:27:13.400Z,34.6739586,-76.6840736,3730.856,43.56,54.16,-5.79,7.954,10.789,1.82,11
$GNSS,2024-10-11T18:27:13.600Z,34.6740371,-76.6839557,3732.127,43.39,54.38,-5.78,7.972,10.787,1.70,12
$GNSS,2024-10-11T18:27:13.800Z,34.6741168,-76.6838367,3733.765,43.43,54.85,-5.84,7.994,10.782,1.67,12
$GNSS,2024-10-11T18:27:14.000Z,34.6741957,-76.6837175,3735.426,43.10,54.96,-5.84,8.021,10.786,1.73,12
$GNSS,2024-10-11T18:27:14.200Z,34.6742754,-76.6835982,3737.180,43.37,55.11,-6.10,8.049,10.790,1.75,12
$GNSS,2024-10-11T18:27:14.400Z,34.6743535,-76.6834797,3738.352,43.44,54.78,-6.06,8.071,10.791,1.70,13
$GNSS,2024-10-11T18:27:14.600Z,34.6744314,-76.6833605,3739.620,43.52,55.14,-6.26,8.095,10.792,1.69,12
$GNSS,2024-10-11T18:27:14.800Z,34.6745093,-76.6832412,3741.000,43.57,55.18,-6.58,8.120,10.794,1.65,12
$GNSS,2024-10-11T18:27:15.000Z,34.6745875,-76.6831222,3742.666,43.41,55.09,-6.92,8.136,10.792,1.63,13
$GNSS,2024-10-11T18:27:15.200Z,34.6746666,-76.6830036,3744.822,42.73,54.96,-7.40,8.065,10.705,1.56,14
$GNSS,2024-10-11T18:27:15.400Z,34.6747446,-76.6828852,3746.870,41.99,54.90,-7.53,7.995,10.629,1.61,15
$GNSS,2024-10-11T18:27:15.600Z,34.6748238,-76.6827676,3748.847,41.89,54.85,-7.57,7.921,10.523,1.58,15
$GNSS,2024-10-11T18:27:15.800Z,34.6749021,-76.6826502,3750.536,41.94,54.80,-7.62,7.861,10.430,1.58,14
$GNSS,2024-10-11T18:27:16.000Z,34.6749810,-76.6825325,3751.917,42.32,54.80,-7.41,7.782,10.338,1.42,14
$GNSS,2024-10-11T18:27:16.200Z,34.6750610,-76.6824133,3753.693,42.12,55.07,-7.35,7.694,10.249,1.26,14
$GNSS,2024-10-11T18:27:16.400Z,34.6751414,-76.6822932,3755.074,42.92,55.60,-7.14,7.602,10.163,1.24,15
$GNSS,2024-10-11T18:27:16.600Z,34.6752222,-76.6821744,3756.909,42.77,54.82,-7.19,7.518,10.084,1.23,15
$GNSS,2024-10-11T18:27:16.800Z,34.6753031,-76.6820550,3758.730,42.89,55.20,-7.03,7.434,10.010,1.23,16
$GNSS,2024-10-11T18:27:17.000Z,34.6753830,-76.6819354,3760.306,43.13,55.14,-6.71,7.379,9.971,1.26,15
$GNSS,2024-10-11T18:27:17.200Z,34.6754608,-76.6818159,3761.121,42.57,55.18,-6.19,7.328,9.934,1.28,15
$GNSS,2024-10-11T18:27:17.400Z,34.6755388,-76.6816965,3762.284,42.56,55.08,-6.32,7.285,9.897,1.28,14
$GNSS,2024-10-11T18:27:17.600Z,34.6756169,-76.6815781,3763.396,42.65,54.79,-6.36,7.249,9.868,1.32,13
$GNSS,2024-10-11T18:27:17.800Z,34.6756953,-76.6814606,3764.342,42.80,54.34,-6.25,7.218,9.840,1.40,12
$GNSS,2024-10-11T18:27:18.000Z,34.6757745,-76.6813420,3765.566,43.06,54.90,-5.92,7.187,9.813,1.41,13
$GNSS,2024-10-11T18:27:18.200Z,34.6758550,-76.6812228,3766.782,43.67,54.98,-5.74,7.154,9.764,1.36,14
$GNSS,2024-10-11T18:27:18.400Z,34.6759366,-76.6811047,3768.383,43.54,54.42,-5.66,7.106,9.694,1.37,15
$GNSS,2024-10-11T18:27:18.600Z,34.6760165,-76.6809873,3769.901,43.04,54.15,-5.90,7.059,9.628,1.36,15
$GNSS,2024-10-11T18:27:18.800Z,34.6760965,-76.6808701,3771.480,43.16,54.06,-6.12,7.018,9.570,1.40,15
$GNSS,2024-10-11T18:27:19.000Z,34.6761755,-76.6807525,3772.961,42.75,54.25,-6.37,6.978,9.515,1.38,15
$GNSS,2024-10-11T18:27:19.200Z,34.6762549,-76.6806342,3774.099,43.05,54.56,-6.20,6.932,9.464,1.41,16
$GNSS,2024-10-11T18:27:19.400Z,34.6763357,-76.6805156,3775.245,44.08,54.67,-6.07,6.889,9.428,1.47,16
$GNSS,2024-10-11T18:27:19.600Z,34.6764170,-76.6803971,3776.233,44.51,54.51,-5.90,6.849,9.396,1.49,16
$GNSS,2024-10-11T18:27:19.800Z,34.6764978,-76.6802793,3777.138,44.51,54.24,-5.96,6.810,9.362,1.47,16
$GNSS,2024-10-11T18:27:20.000Z,34.6765784,-76.6801617,3778.362,44.41,54.13,-6.44,6.769,9.330,1.48,16
$GNSS,2024-10-11T18:27:20.200Z,34.6766584,-76.6800442,3779.747,44.02,54.08,-6.70,6.730,9.301,1.41,16
$GNSS,2024-10-11T18:27:20.400Z,34.6767384,-76.6799264,3781.204,43.89,54.25,-7.01,6.693,9.271,1.44,16
$GNSS,2024-10-11T18:27:20.600Z,34.6768177,-76.6798099,3782.794,43.32,53.71,-6.58,6.655,9.239,1.37,16
$GNSS,2024-10-11T18:27:20.800Z,34.6768971,-76.6796926,3784.352,43.44,54.08,-6.54,6.619,9.210,1.41,16
$GNSS,2024-10-11T18:27:21.000Z,34.6769771,-76.6795756,3786.090,43.85,53.97,-6.66,6.584,9.173,1.35,16
$GNSS,2024-10-11T18:27:21.200Z,34.6770566,-76.6794588,3787.716,43.59,53.83,-6.75,6.550,9.136,1.38,16
$GNSS,2024-10-11T18:27:21.400Z,34.6771357,-76.6793427,3789.055,43.41,53.41,-6.54,6.516,9.099,1.37,16
$GNSS,2024-10-11T18:27:21.600Z,34.6772138,-76.6792265,3790.597,42.98,53.55,-6.80,6.484,9.062,1.36,16
$GNSS,2024-10-11T18:27:21.800Z,34.6772919,-76.6791098,3791.742,42.93,53.67,-6.49,6.452,9.023,1.34,16
$GNSS,2024-10-11T18:27:22.000Z,34.6773694,-76.6789943,3792.927,42.63,53.04,-6.12,6.422,8.988,1.41,16
$GNSS,2024-10-11T18:27:22.200Z,34.6774477,-76.6788788,3794.052,43.21,53.06,-6.25,6.390,8.949,1.34,16
$GNSS,2024-10-11T18:27:22.400Z,34.6775280,-76.6787631,3795.107,44.26,53.13,-5.91,6.363,8.914,1.41,16
$GNSS,2024-10-11T18:27:22.600Z,34.6776086,-76.6786476,3796.117,44.39,53.07,-5.60,6.338,8.879,1.43,16
$GNSS,2024-10-11T18:27:22.800Z,34.6776893,-76.6785318,3797.183,44.62,53.38,-5.74,6.312,8.842,1.35,17
$GNSS,2024-10-11T18:27:23.000Z,34.6777700,-76.6784163,3798.478,44.55,53.41,-5.84,6.285,8.805,1.36,19
$GNSS,2024-10-11T18:27:23.200Z,34.6778508,-76.6783006,3799.992,44.54,53.59,-6.10,6.257,8.764,1.27,19
$GNSS,2024-10-11T18:27:23.400Z,34.6779323,-76.6781853,3801.568,44.54,53.39,-5.70,6.235,8.726,1.33,18
$GNSS,2024-10-11T18:27:23.600Z,34.6780131,-76.6780703,3803.223,44.51,53.30,-5.94,6.217,8.689,1.35,17
$GNSS,2024-10-11T18:27:23.800Z,34.6780954,-76.6779554,3804.905,45.23,53.31,-6.18,6.200,8.653,1.35,17
$GNSS,2024-10-11T18:27:24.000Z,34.6781773,-76.6778391,3806.526,45.26,53.89,-6.48,6.186,8.624,1.32,17
$GNSS,2024-10-11T18:27:24.200Z,34.6782571,-76.6777224,3808.063,44.45,53.98,-6.91,6.182,8.603,1.33,16
$GNSS,2024-10-11T18:27:24.400Z,34.6783363,-76.6776051,3809.522,43.93,54.19,-6.72,6.175,8.584,1.31,17
$GNSS,2024-10-11T18:27:24.600Z,34.6784157,-76.6774865,3810.977,44.06,54.80,-6.76,6.168,8.569,1.34,17
$GNSS,2024-10-11T18:27:24.800Z,34.6784947,-76.6773670,3812.014,43.77,55.00,-6.19,6.167,8.557,1.36,16
$GNSS,2024-10-11T18:27:25.000Z,34.6785734,-76.6772482,3813.112,43.56,54.68,-5.80,6.165,8.547,1.35,16
$GNSS,2024-10-11T18:27:25.200Z,34.6786515,-76.6771301,3814.345,43.31,54.43,-5.82,6.163,8.539,1.37,16
$GNSS,2024-10-11T18:27:25.400Z,34.6787287,-76.6770112,3815.669,43.06,54.89,-6.32,6.166,8.535,1.42,16
$GNSS,2024-10-11T18:27:25.600Z,34.6788070,-76.6768933,3816.887,43.50,54.33,-6.46,6.172,8.538,1.56,16
$GNSS,2024-10-11T18:27:25.800Z,34.6788846,-76.6767765,3818.044,43.30,53.82,-6.53,6.185,8.552,1.59,14
$GNSS,2024-10-11T18:27:26.000Z,34.6789658,-76.6766622,3819.399,44.71,52.76,-6.53,6.205,8.577,1.62,13
$GNSS,2024-10-11T18:27:26.200Z,34.6790489,-76.6765484,3820.744,45.81,52.45,-6.65,6.228,8.602,1.60,13
$GNSS,2024-10-11T18:27:26.400Z,34.6791314,-76.6764334,3822.127,45.72,52.79,-6.52,6.252,8.629,1.63,13
$GNSS,2024-10-11T18:27:26.600Z,34.6792137,-76.6763191,3823.539,45.72,52.66,-6.79,6.276,8.657,1.59,13
$GNSS,2024-10-11T18:27:26.800Z,34.6792955,-76.6762055,3824.944,45.43,52.27,-6.96,6.297,8.687,1.55,14
$GNSS,2024-10-11T18:27:27.000Z,34.6793777,-76.6760911,3826.400,45.38,52.49,-6.78,6.317,8.719,1.56,14
$GNSS,2024-10-11T18:27:27.200Z,34.6794597,-76.6759769,3828.006,45.23,52.43,-6.82,6.338,8.749,1.54,13
$GNSS,2024-10-11T18:27:27.400Z,34.6795389,-76.6758613,3829.368,44.19,52.92,-6.82,6.348,8.773,1.50,14
$GNSS,2024-10-11T18:27:27.600Z,34.6796181,-76.6757458,3830.611,44.12,53.01,-7.14,6.359,8.808,1.62,13
$GNSS,2024-10-11T18:27:27.800Z,34.6796991,-76.6756310,3831.950,44.70,52.86,-7.28,6.366,8.842,1.57,14
$GNSS,2024-10-11T18:27:28.000Z,34.6797805,-76.6755164,3833.613,45.06,52.68,-7.79,6.375,8.878,1.55,13
$GNSS,2024-10-11T18:27:28.200Z,34.6798635,-76.6754012,3835.286,45.64,52.91,-7.73,6.378,8.907,1.48,14
$GNSS,2024-10-11T18:27:28.400Z,34.6799454,-76.6752856,3837.283,45.24,53.10,-7.99,6.377,8.924,1.41,16
$GNSS,2024-10-11T18:27:28.600Z,34.6800276,-76.6751705,3838.929,45.46,52.96,-8.04,6.374,8.936,1.39,16
$GNSS,2024-10-11T18:27:28.800Z,34.6801102,-76.6750569,3840.492,45.81,52.46,-8.48,6.370,8.940,1.33,16
$GNSS,2024-10-11T18:27:29.000Z,34.6801919,-76.6749439,3842.025,45.49,52.13,-9.06,6.369,8.944,1.30,16
$GNSS,2024-10-11T18:27:29.200Z,34.6802726,-76.6748319,3843.293,45.36,51.78,-9.07,6.360,8.928,1.25,17
$GNSS,2024-10-11T18:27:29.400Z,34.6803538,-76.6747190,3844.166,45.85,52.21,-8.87,6.352,8.917,1.27,16
$GNSS,2024-10-11T18:27:29.600Z,34.6804351,-76.6746060,3845.101,45.78,52.19,-8.71,6.347,8.911,1.36,16
$GNSS,2024-10-11T18:27:29.800Z,34.6805166,-76.6744920,3846.004,45.86,52.60,-8.24,6.336,8.897,1.35,17
$GNSS,2024-10-11T18:27:30.000Z,34.6805981,-76.6743778,3846.753,45.95,52.83,-7.97,6.327,8.884,1.35,16
$GNSS,2024-10-11T18:27:30.200Z,34.6806796,-76.6742656,3847.321,45.92,52.25,-7.92,6.315,8.872,1.33,17
$GNSS,2024-10-11T18:27:30.400Z,34.6807609,-76.6741532,3848.117,45.78,52.19,-7.99,6.302,8.857,1.31,17
$GNSS,2024-10-11T18:27:30.600Z,34.6808418,-76.6740403,3849.084,45.47,52.31,-7.94,6.286,8.845,1.31,17
$GNSS,2024-10-11T18:27:30.800Z,34.6809225,-76.6739270,3850.310,45.19,52.35,-7.98,6.265,8.829,1.34,18
$GNSS,2024-10-11T18:27:31.000Z,34.6810031,-76.6738135,3851.815,45.10,52.51,-8.26,6.244,8.812,1.32,18
$GNSS,2024-10-11T18:27:31.200Z,34.6810832,-76.6737000,3853.449,44.87,52.49,-8.77,6.222,8.797,1.34,18
$GNSS,2024-10-11T18:27:31.400Z,34.6811639,-76.6735868,3854.953,45.01,52.28,-8.52,6.200,8.783,1.34,18
$GNSS,2024-10-11T18:27:31.600Z,34.6812436,-76.6734746,3856.767,44.51,51.78,-8.58,6.178,8.778,1.41,18
$GNSS,2024-10-11T18:27:31.800Z,34.6813234,-76.6733648,3858.466,44.60,50.71,-8.64,6.159,8.767,1.40,17
$GNSS,2024-10-11T18:27:32.000Z,34.6814025,-76.6732544,3860.158,44.16,50.92,-8.55,6.143,8.758,1.42,17
$GNSS,2024-10-11T18:27:32.200Z,34.6814814,-76.6731447,3861.979,44.14,50.67,-8.84,6.127,8.757,1.45,17
$GNSS,2024-10-11T18:27:32.400Z,34.6815605,-76.6730362,3863.462,44.23,50.08,-8.83,6.112,8.757,1.44,17
$GNSS,2024-10-11T18:27:32.600Z,34.6816411,-76.6729280,3864.908,44.89,49.87,-8.59,6.099,8.765,1.45,17
$GNSS,2024-10-11T18:27:32.800Z,34.6817222,-76.6728194,3866.442,45.24,50.08,-8.48,6.086,8.773,1.41,17
$GNSS,2024-10-11T18:27:33.000Z,34.6818023,-76.6727096,3868.146,44.56,50.70,-8.23,6.074,8.781,1.43,17
$GNSS,2024-10-11T18:27:33.200Z,34.6818826,-76.6726002,3869.835,44.82,50.53,-8.34,6.063,8.790,1.43,17
$GNSS,2024-10-11T18:27:33.400Z,34.6819625,-76.6724923,3871.552,44.49,49.89,-8.32,6.047,8.787,1.42,18
$GNSS,2024-10-11T18:27:33.600Z,34.6820424,-76.6723854,3873.182,44.51,49.45,-8.24,6.030,8.781,1.39,18
$GNSS,2024-10-11T18:27:33.800Z,34.6821232,-76.6722772,3874.718,44.97,49.89,-8.33,6.011,8.775,1.37,18
$GNSS,2024-10-11T18:27:34.000Z,34.6822041,-76.6721692,3876.270,45.09,49.81,-8.35,5.993,8.769,1.34,18
$GNSS,2024-10-11T18:27:34.200Z,34.6822840,-76.6720609,3877.825,44.45,49.97,-8.36,5.974,8.760,1.35,18
$GNSS,2024-10-11T18:27:34.400Z,34.6823647,-76.6719527,3879.592,45.01,50.00,-8.38,5.955,8.752,1.34,18
$GNSS,2024-10-11T18:27:34.600Z,34.6824445,-76.6718445,3881.190,44.39,49.95,-8.12,5.933,8.741,1.34,19
$GNSS,2024-10-11T18:27:34.800Z,34.6825240,-76.6717358,3882.686,44.26,50.15,-8.19,5.910,8.734,1.27,18
$GNSS,2024-10-11T18:27:35.000Z,34.6826050,-76.6716280,3884.344,45.19,49.71,-7.99,5.888,8.729,1.31,18
$GNSS,2024-10-11T18:27:35.200Z,34.6826860,-76.6715204,3885.805,44.99,49.56,-7.92,5.866,8.724,1.33,18
$GNSS,2024-10-11T18:27:35.400Z,34.6827663,-76.6714144,3887.712,44.56,49.00,-7.72,5.852,8.725,1.45,16
$GNSS,2024-10-11T18:27:35.600Z,34.6828479,-76.6713076,3889.682,45.33,49.47,-7.80,5.838,8.727,1.41,16
$GNSS,2024-10-11T18:27:35.800Z,34.6829272,-76.6712001,3891.999,44.11,50.06,-8.06,5.825,8.722,1.42,16
$GNSS,2024-10-11T18:27:36.000Z,34.6830073,-76.6710915,3893.602,44.41,49.95,-8.00,5.817,8.723,1.48,15
$GNSS,2024-10-11T18:27:36.200Z,34.6830874,-76.6709820,3895.069,44.32,50.24,-7.77,5.809,8.713,1.48,16
$GNSS,2024-10-11T18:27:36.400Z,34.6831680,-76.6708722,3896.513,44.60,50.28,-7.43,5.801,8.699,1.49,16
$GNSS,2024-10-11T18:27:36.600Z,34.6832489,-76.6707632,3897.963,44.92,50.04,-7.38,5.788,8.680,1.41,16
$GNSS,2024-10-11T18:27:36.800Z,34.6833301,-76.6706545,3899.373,44.86,49.88,-7.02,5.772,8.663,1.38,17
$GNSS,2024-10-11T18:27:37.000Z,34.6834110,-76.6705485,3901.045,44.98,48.75,-6.83,5.753,8.646,1.31,18
$GNSS,2024-10-11T18:27:37.200Z,34.6834917,-76.6704442,3902.644,44.83,48.16,-6.70,5.733,8.633,1.31,18
$GNSS,2024-10-11T18:27:37.400Z,34.6835719,-76.6703402,3904.255,44.56,48.06,-6.99,5.715,8.621,1.31,18
$GNSS,2024-10-11T18:27:37.600Z,34.6836528,-76.6702355,3905.527,44.79,48.19,-7.13,5.698,8.610,1.32,18
$GNSS,2024-10-11T18:27:37.800Z,34.6837344,-76.6701317,3907.410,45.41,48.02,-7.59,5.686,8.600,1.40,17
$GNSS,2024-10-11T18:27:38.000Z,34.6838161,-76.6700280,3909.034,45.16,47.84,-7.41,5.678,8.586,1.42,17
$GNSS,2024-10-11T18:27:38.200Z,34.6838975,-76.6699229,3910.632,45.09,48.52,-7.72,5.672,8.572,1.41,16
$GNSS,2024-10-11T18:27:38.400Z,34.6839774,-76.6698173,3912.267,44.35,48.76,-8.13,5.666,8.561,1.43,16
$GNSS,2024-10-11T18:27:38.600Z,34.6840560,-76.6697126,3913.607,43.61,48.14,-8.20,5.662,8.553,1.42,16
$GNSS,2024-10-11T18:27:38.800Z,34.6841350,-76.6696082,3915.029,43.79,48.03,-8.22,5.654,8.545,1.35,17
$GNSS,2024-10-11T18:27:39.000Z,34.6842130,-76.6695059,3916.631,43.20,47.07,-8.18,5.648,8.546,1.37,16
$GNSS,2024-10-11T18:27:39.200Z,34.6842923,-76.6694024,3918.260,43.85,47.68,-8.07,5.645,8.549,1.40,16
$GNSS,2024-10-11T18:27:39.400Z,34.6843729,-76.6692992,3919.667,44.49,47.52,-7.69,5.644,8.562,1.35,16
$GNSS,2024-10-11T18:27:39.600Z,34.6844537,-76.6691966,3921.120,44.66,47.38,-7.46,5.642,8.571,1.32,16
$GNSS,2024-10-11T18:27:39.800Z,34.6845345,-76.6690943,3922.472,44.63,47.15,-7.35,5.637,8.580,1.27,17
$GNSS,2024-10-11T18:27:40.000Z,34.6846165,-76.6689911,3923.813,45.39,47.63,-7.20,5.627,8.573,1.30,19
$GNSS,2024-10-11T18:27:40.200Z,34.6846987,-76.6688884,3925.321,45.22,47.29,-6.73,5.619,8.576,1.34,18
$GNSS,2024-10-11T18:27:40.400Z,34.6847798,-76.6687864,3926.922,44.76,47.02,-6.52,5.611,8.573,1.32,19
$GNSS,2024-10-11T18:27:40.600Z,34.6848623,-76.6686852,3928.045,45.58,46.66,-6.32,5.603,8.572,1.31,19
$GNSS,2024-10-11T18:27:40.800Z,34.6849437,-76.6685833,3929.335,45.12,47.06,-6.37,5.596,8.578,1.34,19
$GNSS,2024-10-11T18:27:41.000Z,34.6850249,-76.6684817,3930.810,44.97,46.91,-6.37,5.588,8.573,1.30,19
$GNSS,2024-10-11T18:27:41.200Z,34.6851068,-76.6683791,3932.240,45.32,47.44,-6.52,5.588,8.580,1.37,17
$GNSS,2024-10-11T18:27:41.400Z,34.6851904,-76.6682753,3933.306,46.05,47.91,-6.15,5.588,8.584,1.36,17
$GNSS,2024-10-11T18:27:41.600Z,34.6852735,-76.6681717,3934.455,46.04,47.75,-6.10,5.595,8.589,1.36,16
$GNSS,2024-10-11T18:27:41.800Z,34.6853557,-76.6680684,3935.399,45.56,47.65,-5.90,5.606,8.600,1.37,15
$GNSS,2024-10-11T18:27:42.000Z,34.6854369,-76.6679649,3936.319,45.18,47.69,-5.92,5.624,8.613,1.37,14
$GNSS,2024-10-11T18:27:42.200Z,34.6855174,-76.6678614,3937.410,44.72,47.73,-5.81,5.646,8.629,1.40,14
$GNSS,2024-10-11T18:27:42.400Z,34.6855980,-76.6677575,3938.313,44.71,47.96,-5.53,5.674,8.642,1.43,13
$GNSS,2024-10-11T18:27:42.600Z,34.6856759,-76.6676542,3939.385,43.84,47.65,-5.75,5.696,8.660,1.49,14
$GNSS,2024-10-11T18:27:42.800Z,34.6857553,-76.6675514,3940.406,44.22,47.47,-5.92,5.720,8.678,1.50,14
$GNSS,2024-10-11T18:27:43.000Z,34.6858372,-76.6674489,3941.248,45.00,47.31,-5.34,5.742,8.693,1.43,14
$GNSS,2024-10-11T18:27:43.200Z,34.6859190,-76.6673465,3942.051,45.08,47.18,-4.74,5.763,8.707,1.43,14
$GNSS,2024-10-11T18:27:43.400Z,34.6860006,-76.6672442,3942.428,45.61,47.21,-4.59,5.779,8.720,1.39,14
$GNSS,2024-10-11T18:27:43.600Z,34.6860832,-76.6671420,3942.856,46.06,47.19,-4.32,5.793,8.731,1.38,14
$GNSS,2024-10-11T18:27:43.800Z,34.6861661,-76.6670405,3943.803,46.08,46.86,-4.24,5.804,8.733,1.37,15
$GNSS,2024-10-11T18:27:44.000Z,34.6862495,-76.6669382,3944.718,46.21,47.27,-4.01,5.815,8.735,1.36,15
$GNSS,2024-10-11T18:27:44.200Z,34.6863343,-76.6668362,3945.796,47.05,47.24,-4.30,5.826,8.738,1.36,15
$GNSS,2024-10-11T18:27:44.400Z,34.6864188,-76.6667344,3947.191,46.88,47.09,-4.76,5.836,8.742,1.34,15
$GNSS,2024-10-11T18:27:44.600Z,34.6865015,-76.6666321,3948.574,46.10,47.32,-5.30,5.846,8.744,1.33,15
$GNSS,2024-10-11T18:27:44.800Z,34.6865847,-76.6665290,3949.650,46.28,47.67,-5.31,5.859,8.753,1.45,15
$GNSS,2024-10-11T18:27:45.000Z,34.6866694,-76.6664251,3950.689,46.83,47.94,-5.10,5.873,8.755,1.39,15
$GNSS,2024-10-11T18:27:45.200Z,34.6867548,-76.6663211,3951.741,47.24,48.02,-4.96,5.885,8.758,1.36,15
$GNSS,2024-10-11T18:27:45.400Z,34.6868401,-76.6662170,3952.846,47.27,47.98,-4.95,5.897,8.763,1.36,15
$GNSS,2024-10-11T18:27:45.600Z,34.6869245,-76.6661132,3954.125,46.72,47.80,-4.96,5.910,8.774,1.45,15
$GNSS,2024-10-11T18:27:45.800Z,34.6870093,-76.6660100,3955.559,46.93,47.67,-5.31,5.926,8.788,1.48,15
$GNSS,2024-10-11T18:27:46.000Z,34.6870955,-76.6659072,3956.982,47.46,47.41,-5.47,5.946,8.804,1.52,15
$GNSS,2024-10-11T18:27:46.200Z,34.6871818,-76.6658054,3958.306,47.58,46.90,-5.39,5.972,8.823,1.57,14
$GNSS,2024-10-11T18:27:46.400Z,34.6872668,-76.6657028,3959.683,47.18,47.35,-5.57,5.993,8.830,1.59,15
$GNSS,2024-10-11T18:27:46.600Z,34.6873507,-76.6656002,3961.045,46.66,47.35,-5.78,6.012,8.831,1.49,15
$GNSS,2024-10-11T18:27:46.800Z,34.6874351,-76.6654975,3962.294,46.81,47.41,-5.86,6.031,8.834,1.51,15
$GNSS,2024-10-11T18:27:47.000Z,34.6875194,-76.6653946,3963.612,46.85,47.54,-6.12,6.049,8.835,1.51,15
$GNSS,2024-10-11T18:27:47.200Z,34.6876043,-76.6652914,3964.644,46.99,47.56,-5.81,6.066,8.837,1.52,15
$GNSS,2024-10-11T18:27:47.400Z,34.6876906,-76.6651899,3965.872,47.74,46.85,-5.93,6.081,8.842,1.54,15
$GNSS,2024-10-11T18:27:47.600Z,34.6877767,-76.6650892,3967.146,47.93,46.60,-6.19,6.097,8.845,1.54,15
$GNSS,2024-10-11T18:27:47.800Z,34.6878629,-76.6649877,3968.522,47.89,46.97,-6.45,6.109,8.846,1.52,15
$GNSS,2024-10-11T18:27:48.000Z,34.6879490,-76.6648861,3969.565,47.78,46.92,-6.18,6.121,8.850,1.50,15
$GNSS,2024-10-11T18:27:48.200Z,34.6880363,-76.6647849,3970.928,48.12,46.64,-6.11,6.134,8.853,1.48,15
$GNSS,2024-10-11T18:27:48.400Z,34.6881235,-76.6646843,3972.100,48.23,46.43,-6.00,6.142,8.849,1.47,15
$GNSS,2024-10-11T18:27:48.600Z,34.6882104,-76.6645842,3972.810,48.64,46.49,-5.95,6.147,8.844,1.42,15
$GNSS,2024-10-11T18:27:48.800Z,34.6882964,-76.6644843,3973.728,48.09,46.26,-5.96,6.147,8.835,1.38,15
$GNSS,2024-10-11T18:27:49.000Z,34.6883829,-76.6643846,3974.590,48.30,46.25,-5.91,6.142,8.814,1.23,15
$GNSS,2024-10-11T18:27:49.200Z,34.6884706,-76.6642851,3975.638,48.64,45.95,-5.74,6.134,8.793,1.16,15
$GNSS,2024-10-11T18:27:49.400Z,34.6885577,-76.6641859,3976.708,48.39,45.84,-5.75,6.125,8.768,1.15,15
$GNSS,2024-10-11T18:27:49.600Z,34.6886439,-76.6640867,3977.718,48.25,46.07,-5.89,6.111,8.743,1.12,16
$GNSS,2024-10-11T18:27:49.800Z,34.6887298,-76.6639879,3978.632,48.21,46.01,-6.07,6.093,8.714,1.06,16
$GNSS,2024-10-11T18:27:50.000Z,34.6888166,-76.6638891,3979.843,48.47,45.84,-6.39,6.075,8.686,1.06,16
$GNSS,2024-10-11T18:27:50.200Z,34.6889047,-76.6637910,3981.098,48.96,45.56,-6.52,6.053,8.649,1.05,17
$GNSS,2024-10-11T18:27:50.400Z,34.6889942,-76.6636933,3982.443,49.52,45.19,-6.35,6.033,8.621,1.07,17
$GNSS,2024-10-11T18:27:50.600Z,34.6890829,-76.6635958,3983.608,49.28,45.23,-6.23,6.013,8.593,1.09,17
$GNSS,2024-10-11T18:27:50.800Z,34.6891697,-76.6634982,3984.692,48.41,45.19,-6.19,5.999,8.578,1.09,16
$GNSS,2024-10-11T18:27:51.000Z,34.6892551,-76.6634008,3985.525,48.11,45.48,-6.18,5.982,8.552,1.01,16
$GNSS,2024-10-11T18:27:51.200Z,34.6893415,-76.6633030,3986.569,48.43,45.46,-6.09,5.965,8.530,1.02,16
$GNSS,2024-10-11T18:27:51.400Z,34.6894288,-76.6632043,3987.872,48.65,45.68,-6.13,5.950,8.513,1.04,16
$GNSS,2024-10-11T18:27:51.600Z,34.6895171,-76.6631054,3989.311,48.92,45.46,-6.02,5.935,8.489,1.02,15
$GNSS,2024-10-11T18:27:51.800Z,34.6896049,-76.6630078,3990.413,48.87,45.10,-5.73,5.921,8.468,1.02,15
$GNSS,2024-10-11T18:27:52.000Z,34.6896929,-76.6629098,3991.802,49.04,45.28,-6.09,5.909,8.451,1.03,15
$GNSS,2024-10-11T18:27:52.200Z,34.6897806,-76.6628113,3993.181,48.81,45.45,-6.14,5.897,8.428,1.00,15
$GNSS,2024-10-11T18:27:52.400Z,34.6898688,-76.6627126,3994.795,48.86,45.32,-6.45,5.886,8.407,1.00,15
$GNSS,2024-10-11T18:27:52.600Z,34.6899575,-76.6626141,3996.379,49.11,45.24,-6.45,5.875,8.390,1.00,15
$GNSS,2024-10-11T18:27:52.800Z,34.6900462,-76.6625166,3997.692,49.25,44.96,-6.27,5.864,8.374,1.01,15
$GNSS,2024-10-11T18:27:53.000Z,34.6901347,-76.6624202,3998.953,49.33,44.60,-6.46,5.855,8.361,1.03,15
$GNSS,2024-10-11T18:27:53.200Z,34.6902237,-76.6623240,4000.166,49.67,44.61,-6.44,5.842,8.349,1.02,16
$GNSS,2024-10-11T18:27:53.400Z,34.6903121,-76.6622280,4001.224,49.45,44.49,-6.32,5.827,8.328,0.97,16
$GNSS,2024-10-11T18:27:53.600Z,34.6904006,-76.6621318,4002.360,49.49,44.57,-6.31,5.811,8.308,0.95,16
$GNSS,2024-10-11T18:27:53.800Z,34.6904897,-76.6620358,4003.497,49.69,44.43,-6.31,5.795,8.290,0.95,16
$GNSS,2024-10-11T18:27:54.000Z,34.6905801,-76.6619400,4004.784,50.15,44.09,-6.25,5.780,8.271,0.92,16
$GNSS,2024-10-11T18:27:54.200Z,34.6906703,-76.6618439,4005.968,49.99,44.21,-5.91,5.767,8.252,0.92,16
$GNSS,2024-10-11T18:27:54.400Z,34.6907603,-76.6617494,4007.053,50.06,43.62,-5.89,5.756,8.234,0.92,16
$GNSS,2024-10-11T18:27:54.600Z,34.6908496,-76.6616546,4008.161,49.84,43.93,-6.18,5.746,8.220,0.92,16
$GNSS,2024-10-11T18:27:54.800Z,34.6909399,-76.6615603,4009.242,50.23,43.58,-6.05,5.738,8.205,0.94,16
$GNSS,2024-10-11T18:27:55.000Z,34.6910309,-76.6614664,4010.355,50.47,43.30,-5.97,5.729,8.189,0.93,16
$GNSS,2024-10-11T18:27:55.200Z,34.6911212,-76.6613722,4011.580,50.17,43.44,-6.19,5.721,8.178,0.94,16
$GNSS,2024-10-11T18:27:55.400Z,34.6912112,-76.6612774,4012.779,49.89,43.62,-6.19,5.713,8.166,0.92,16
$GNSS,2024-10-11T18:27:55.600Z,34.6913005,-76.6611817,4013.981,49.48,44.10,-6.33,5.707,8.155,0.94,16
$GNSS,2024-10-11T18:27:55.800Z,34.6913888,-76.6610854,4015.208,49.00,44.33,-6.31,5.703,8.144,0.94,16
$GNSS,2024-10-11T18:27:56.000Z,34.6914776,-76.6609890,4016.496,49.13,44.28,-6.29,5.702,8.136,0.96,16
$GNSS,2024-10-11T18:27:56.200Z,34.6915662,-76.6608927,4017.749,49.08,44.25,-6.20,5.702,8.128,0.96,16
$GNSS,2024-10-11T18:27:56.400Z,34.6916545,-76.6607968,4018.929,49.07,44.23,-6.30,5.704,8.123,0.99,16
$GNSS,2024-10-11T18:27:56.600Z,34.6917436,-76.6607014,4020.172,49.45,43.91,-6.30,5.711,8.120,1.01,16
$GNSS,2024-10-11T18:27:56.800Z,34.6918343,-76.6606065,4021.529,49.92,43.59,-6.23,5.710,8.109,0.98,17
$GNSS,2024-10-11T18:27:57.000Z,34.6919252,-76.6605113,4022.815,50.09,43.60,-6.02,5.708,8.100,0.97,17
$GNSS,2024-10-11T18:27:57.200Z,34.6920162,-76.6604155,4024.032,50.26,43.88,-5.62,5.710,8.098,1.00,16
$GNSS,2024-10-11T18:27:57.400Z,34.6921086,-76.6603200,4025.282,50.79,43.67,-5.34,5.715,8.100,1.00,15
$GNSS,2024-10-11T18:27:57.600Z,34.6922009,-76.6602254,4026.432,50.93,43.35,-5.31,5.721,8.100,1.01,16
$GNSS,2024-10-11T18:27:57.800Z,34.6922934,-76.6601314,4027.460,51.05,43.15,-5.01,5.733,8.105,1.01,14
$GNSS,2024-10-11T18:27:58.000Z,34.6923868,-76.6600386,4028.518,51.58,42.79,-5.09,5.749,8.119,1.03,14
$GNSS,2024-10-11T18:27:58.200Z,34.6924809,-76.6599462,4029.719,51.81,42.42,-5.20,5.765,8.133,1.04,14
$GNSS,2024-10-11T18:27:58.400Z,34.6925743,-76.6598550,4030.566,51.80,42.05,-4.98,5.781,8.149,1.08,13
$GNSS,2024-10-11T18:27:58.600Z,34.6926691,-76.6597649,4031.589,52.41,41.51,-5.02,5.795,8.164,1.08,13
$GNSS,2024-10-11T18:27:58.800Z,34.6927633,-76.6596744,4032.292,52.43,41.68,-4.62,5.806,8.179,1.08,13
$GNSS,2024-10-11T18:27:59.000Z,34.6928578,-76.6595832,4033.136,52.46,41.90,-4.53,5.819,8.197,1.11,13
$GNSS,2024-10-11T18:27:59.200Z,34.6929520,-76.6594923,4033.762,52.60,42.10,-4.43,5.833,8.213,1.12,13
$GNSS,2024-10-11T18:27:59.400Z,34.6930474,-76.6594028,4034.537,52.92,41.31,-4.44,5.848,8.232,1.15,13
$GNSS,2024-10-11T18:27:59.600Z,34.6931426,-76.6593139,4035.236,52.89,40.98,-4.35,5.864,8.250,1.15,13
$GNSS,2024-10-11T18:27:59.800Z,34.6932382,-76.6592254,4035.922,53.05,40.85,-4.31,5.880,8.267,1.15,13
$GNSS,2024-10-11T18:28:00.000Z,34.6933337,-76.6591347,4036.687,52.88,41.35,-3.88,5.898,8.287,1.17,13
$GNSS,2024-10-11T18:28:00.200Z,34.6934281,-76.6590435,4037.216,52.59,41.80,-3.62,5.919,8.304,1.17,13
$GNSS,2024-10-11T18:28:00.400Z,34.6935235,-76.6589518,4037.856,52.81,41.94,-3.31,5.942,8.324,1.27,13
$GNSS,2024-10-11T18:28:00.600Z,34.6936194,-76.6588599,4038.648,52.99,42.11,-3.44,5.961,8.342,1.21,13
$GNSS,2024-10-11T18:28:00.800Z,34.6937150,-76.6587693,4039.194,52.85,41.58,-3.13,5.970,8.355,1.32,14
$GNSS,2024-10-11T18:28:01.000Z,34.6938117,-76.6586776,4039.852,53.20,42.03,-2.95,5.972,8.358,1.33,15
$GNSS,2024-10-11T18:28:01.200Z,34.6939081,-76.6585851,4040.470,53.12,42.39,-2.79,5.970,8.361,1.28,15
$GNSS,2024-10-11T18:28:01.400Z,34.6940042,-76.6584934,4040.792,53.15,42.36,-2.64,5.969,8.365,1.27,15
$GNSS,2024-10-11T18:28:01.600Z,34.6941006,-76.6584028,4041.356,53.15,41.78,-2.75,5.969,8.365,1.25,15
$GNSS,2024-10-11T18:28:01.800Z,34.6941987,-76.6583129,4042.197,53.67,41.08,-2.68,5.977,8.374,1.27,14
$GNSS,2024-10-11T18:28:02.000Z,34.6942963,-76.6582234,4042.748,53.97,41.39,-2.98,5.983,8.382,1.23,14
$GNSS,2024-10-11T18:28:02.200Z,34.6943944,-76.6581344,4043.271,54.04,41.07,-2.90,5.986,8.390,1.22,14
$GNSS,2024-10-11T18:28:02.400Z,34.6944916,-76.6580463,4043.814,53.59,40.60,-2.93,5.988,8.398,1.24,14
$GNSS,2024-10-11T18:28:02.600Z,34.6945888,-76.6579591,4044.515,53.52,40.16,-3.11,5.988,8.406,1.22,14
$GNSS,2024-10-11T18:28:02.800Z,34.6946864,-76.6578712,4044.879,54.00,40.77,-3.06,5.988,8.419,1.29,14
$GNSS,2024-10-11T18:28:03.000Z,34.6947862,-76.6577828,4045.249,55.00,40.87,-2.72,5.988,8.432,1.29,14
$GNSS,2024-10-11T18:28:03.200Z,34.6948872,-76.6576956,4045.492,55.69,40.47,-2.46,5.988,8.440,1.25,14
$GNSS,2024-10-11T18:28:03.400Z,34.6949873,-76.6576068,4045.809,55.32,40.93,-2.34,5.991,8.451,1.21,14
$GNSS,2024-10-11T18:28:03.600Z,34.6950878,-76.6575184,4046.014,55.66,41.04,-2.38,5.994,8.461,1.21,14
$GNSS,2024-10-11T18:28:03.800Z,34.6951881,-76.6574292,4046.352,55.51,41.11,-2.41,5.996,8.472,1.20,13
$GNSS,2024-10-11T18:28:04.000Z,34.6952888,-76.6573419,4046.754,55.59,40.47,-2.60,6.002,8.485,1.26,13
$GNSS,2024-10-11T18:28:04.200Z,34.6953901,-76.6572545,4046.993,55.95,40.36,-2.35,6.007,8.490,1.18,13
$GNSS,2024-10-11T18:28:04.400Z,34.6954928,-76.6571689,4047.084,56.76,39.88,-2.22,6.011,8.484,1.06,13
$GNSS,2024-10-11T18:28:04.600Z,34.6955949,-76.6570831,4047.241,56.61,39.88,-2.35,6.015,8.480,1.05,13
$GNSS,2024-10-11T18:28:04.800Z,34.6956966,-76.6569948,4047.599,56.39,40.57,-2.29,6.020,8.476,1.05,13
$GNSS,2024-10-11T18:28:05.000Z,34.6957998,-76.6569081,4047.717,56.97,40.20,-1.82,6.024,8.472,1.04,13
$GNSS,2024-10-11T18:28:05.200Z,34.6959021,-76.6568219,4047.751,56.68,40.12,-1.94,6.023,8.466,1.03,13
$GNSS,2024-10-11T18:28:05.400Z,34.6960039,-76.6567353,4047.737,56.41,40.20,-1.75,6.023,8.463,1.08,13
$GNSS,2024-10-11T18:28:05.600Z,34.6961064,-76.6566494,4047.777,56.65,40.01,-1.70,6.022,8.460,1.05,12
$GNSS,2024-10-11T18:28:05.800Z,34.6962098,-76.6565636,4047.713,57.19,39.92,-1.29,6.022,8.454,1.07,13
$GNSS,2024-10-11T18:28:06.000Z,34.6963138,-76.6564784,4047.867,57.48,39.71,-1.62,6.022,8.447,1.06,13
$GNSS,2024-10-11T18:28:06.200Z,34.6964181,-76.6563939,4047.678,57.60,39.36,-1.13,6.020,8.443,1.07,13
$GNSS,2024-10-11T18:28:06.400Z,34.6965228,-76.6563104,4047.583,57.85,38.92,-0.97,6.017,8.439,1.09,13
$GNSS,2024-10-11T18:28:06.600Z,34.6966274,-76.6562274,4047.416,57.94,38.71,-0.86,6.015,8.435,1.09,13
$GNSS,2024-10-11T18:28:06.800Z,34.6967342,-76.6561457,4047.689,58.82,37.95,-1.00,6.017,8.434,1.13,13
$GNSS,2024-10-11T18:28:07.000Z,34.6968423,-76.6560644,4048.192,59.45,37.65,-1.30,6.017,8.430,1.13,13
$GNSS,2024-10-11T18:28:07.200Z,34.6969504,-76.6559832,4048.616,59.69,37.50,-1.43,6.023,8.432,1.14,12
$GNSS,2024-10-11T18:28:07.400Z,34.6970594,-76.6559047,4049.010,60.06,36.42,-1.62,6.030,8.434,1.16,12
$GNSS,2024-10-11T18:28:07.600Z,34.6971698,-76.6558270,4049.640,60.63,36.19,-2.02,6.017,8.412,1.14,14
$GNSS,2024-10-11T18:28:07.800Z,34.6972804,-76.6557492,4050.236,60.87,35.88,-2.10,6.015,8.400,1.13,13
$GNSS,2024-10-11T18:28:08.000Z,34.6973911,-76.6556740,4050.578,61.01,35.30,-2.27,6.004,8.385,1.16,14
$GNSS,2024-10-11T18:28:08.200Z,34.6975020,-76.6555995,4050.961,61.16,34.97,-2.37,5.992,8.367,1.18,14
$GNSS,2024-10-11T18:28:08.400Z,34.6976132,-76.6555273,4051.264,61.43,34.06,-2.57,5.983,8.353,1.20,14
$GNSS,2024-10-11T18:28:08.600Z,34.6977262,-76.6554567,4051.580,62.16,33.13,-2.27,5.979,8.340,1.23,14
$GNSS,2024-10-11T18:28:08.800Z,34.6978390,-76.6553879,4051.938,62.28,32.29,-2.51,5.981,8.332,1.33,14
$GNSS,2024-10-11T18:28:09.000Z,34.6979510,-76.6553187,4052.262,61.95,32.39,-2.51,5.983,8.331,1.44,14
$GNSS,2024-10-11T18:28:09.200Z,34.6980625,-76.6552493,4052.629,61.71,32.39,-2.53,5.987,8.332,1.45,14
$GNSS,2024-10-11T18:28:09.400Z,34.6981739,-76.6551814,4053.144,61.43,31.63,-2.62,5.994,8.341,1.55,14
$GNSS,2024-10-11T18:28:09.600Z,34.6982866,-76.6551143,4053.723,62.02,31.12,-2.52,6.011,8.350,1.58,13
$GNSS,2024-10-11T18:28:09.800Z,34.6983995,-76.6550483,4054.373,62.33,30.68,-2.77,6.038,8.367,1.64,12
$GNSS,2024-10-11T18:28:10.000Z,34.6985144,-76.6549840,4054.763,63.33,30.02,-2.67,6.069,8.385,1.62,11
$GNSS,2024-10-11T18:28:10.200Z,34.6986313,-76.6549218,4055.210,64.16,28.99,-2.30,6.102,8.403,1.61,12
$GNSS,2024-10-11T18:28:10.400Z,34.6987483,-76.6548602,4055.600,64.53,28.68,-2.19,6.139,8.423,1.65,11
$GNSS,2024-10-11T18:28:10.600Z,34.6988649,-76.6548013,4055.968,64.50,27.64,-2.19,6.180,8.445,1.67,11
$GNSS,2024-10-11T18:28:10.800Z,34.6989818,-76.6547437,4056.293,64.67,27.07,-2.21,6.217,8.473,1.67,11
$GNSS,2024-10-11T18:28:11.000Z,34.6990996,-76.6546875,4056.705,65.04,26.39,-2.25,6.250,8.501,1.62,12
$GNSS,2024-10-11T18:28:11.200Z,34.6992184,-76.6546325,4057.200,65.70,25.90,-2.53,6.283,8.530,1.60,12
$GNSS,2024-10-11T18:28:11.400Z,34.6993382,-76.6545776,4057.873,65.40,25.55,-2.26,6.297,8.528,1.42,11
$GNSS,2024-10-11T18:28:11.600Z,34.6994580,-76.6545241,4058.636,65.30,25.09,-2.26,6.306,8.524,1.30,12
$GNSS,2024-10-11T18:28:11.800Z,34.6995792,-76.6544741,4059.412,65.85,23.68,-2.24,6.307,8.511,1.31,13
$GNSS,2024-10-11T18:28:12.000Z,34.6997002,-76.6544242,4060.115,66.22,23.47,-2.41,6.309,8.497,1.49,13
$GNSS,2024-10-11T18:28:12.200Z,34.6998197,-76.6543758,4060.870,65.73,23.07,-2.97,6.314,8.486,1.53,13
$GNSS,2024-10-11T18:28:12.400Z,34.6999385,-76.6543292,4061.656,65.33,22.28,-3.29,6.320,8.476,1.53,13
$GNSS,2024-10-11T18:28:12.600Z,34.7000577,-76.6542822,4062.384,65.30,21.91,-3.09,6.326,8.473,1.50,13
$GNSS,2024-10-11T18:28:12.800Z,34.7001771,-76.6542397,4063.076,65.62,20.38,-3.25,6.337,8.483,1.53,11
$GNSS,2024-10-11T18:28:13.000Z,34.7002960,-76.6542005,4063.134,65.99,19.52,-3.12,6.326,8.459,1.53,13
$GNSS,2024-10-11T18:28:13.200Z,34.7004164,-76.6541620,4063.678,66.18,18.65,-3.07,6.316,8.441,1.55,13
$GNSS,2024-10-11T18:28:13.400Z,34.7005371,-76.6541247,4064.405,66.15,17.81,-2.97,6.311,8.425,1.58,13
$GNSS,2024-10-11T18:28:13.600Z,34.7006577,-76.6540878,4065.057,66.33,17.72,-3.07,6.308,8.413,1.59,13
$GNSS,2024-10-11T18:28:13.800Z,34.7007775,-76.6540521,4065.687,66.11,17.27,-3.33,6.314,8.412,1.62,13
$GNSS,2024-10-11T18:28:14.000Z,34.7008966,-76.6540164,4066.335,65.69,17.05,-3.32,6.322,8.412,1.65,13
$GNSS,2024-10-11T18:28:14.200Z,34.7010170,-76.6539835,4066.876,66.13,16.24,-3.46,6.321,8.408,1.59,14
$GNSS,2024-10-11T18:28:14.400Z,34.7011377,-76.6539528,4067.405,66.44,15.17,-3.55,6.315,8.401,1.57,15
$GNSS,2024-10-11T18:28:14.600Z,34.7012605,-76.6539232,4067.713,67.58,14.48,-3.44,6.310,8.396,1.59,14
$GNSS,2024-10-11T18:28:14.800Z,34.7013862,-76.6538969,4068.548,68.64,12.97,-3.18,6.304,8.394,1.62,15
$GNSS,2024-10-11T18:28:15.000Z,34.7015123,-76.6538753,4069.353,69.10,10.80,-3.40,6.293,8.388,1.54,16
$GNSS,2024-10-11T18:28:15.200Z,34.7016395,-76.6538554,4069.936,69.64,9.85,-3.15,6.279,8.376,1.53,16
$GNSS,2024-10-11T18:28:15.400Z,34.7017661,-76.6538355,4070.102,69.66,9.81,-2.84,6.264,8.372,1.61,16
$GNSS,2024-10-11T18:28:15.600Z,34.7018924,-76.6538165,4070.164,69.56,9.24,-2.52,6.252,8.370,1.63,16
$GNSS,2024-10-11T18:28:15.800Z,34.7020195,-76.6537997,4070.656,69.78,8.37,-2.64,6.241,8.371,1.60,16
$GNSS,2024-10-11T18:28:16.000Z,34.7021446,-76.6537835,4071.032,69.04,8.01,-2.78,6.233,8.374,1.65,16
$GNSS,2024-10-11T18:28:16.200Z,34.7022703,-76.6537691,4071.077,69.37,7.09,-2.81,6.223,8.374,1.58,16
$GNSS,2024-10-11T18:28:16.400Z,34.7023957,-76.6537551,4071.245,69.29,6.86,-3.00,6.214,8.379,1.56,15
$GNSS,2024-10-11T18:28:16.600Z,34.7025214,-76.6537439,4071.311,69.14,5.59,-2.61,6.207,8.378,1.53,14
$GNSS,2024-10-11T18:28:16.800Z,34.7026461,-76.6537352,4071.393,68.91,4.63,-2.50,6.203,8.372,1.53,14
$GNSS,2024-10-11T18:28:17.000Z,34.7027707,-76.6537295,4071.615,68.76,3.34,-2.38,6.200,8.366,1.55,14
$GNSS,2024-10-11T18:28:17.200Z,34.7028949,-76.6537230,4071.784,68.57,3.68,-2.34,6.195,8.355,1.52,14
$GNSS,2024-10-11T18:28:17.400Z,34.7030176,-76.6537185,4072.032,67.95,2.83,-2.65,6.190,8.346,1.53,14
$GNSS,2024-10-11T18:28:17.600Z,34.7031395,-76.6537149,4072.224,67.55,2.32,-2.93,6.179,8.335,1.48,15
$GNSS,2024-10-11T18:28:17.800Z,34.7032614,-76.6537130,4072.590,67.48,1.54,-3.23,6.172,8.326,1.49,14
$GNSS,2024-10-11T18:28:18.000Z,34.7033835,-76.6537121,4072.875,67.60,1.01,-3.39,6.161,8.316,1.46,15
$GNSS,2024-10-11T18:28:18.200Z,34.7035055,-76.6537115,4073.074,67.36,0.78,-3.11,6.149,8.304,1.45,15
$GNSS,2024-10-11T18:28:18.400Z,34.7036269,-76.6537116,4073.421,67.05,0.56,-3.11,6.138,8.289,1.46,15
$GNSS,2024-10-11T18:28:18.600Z,34.7037480,-76.6537140,4074.105,66.98,-0.28,-3.66,6.127,8.271,1.54,15
$GNSS,2024-10-11T18:28:18.800Z,34.7038699,-76.6537182,4074.604,67.37,-1.19,-3.85,6.118,8.243,1.51,15
$GNSS,2024-10-11T18:28:19.000Z,34.7039915,-76.6537223,4075.371,67.05,-1.02,-3.83,6.107,8.215,1.43,15
$GNSS,2024-10-11T18:28:19.200Z,34.7041118,-76.6537257,4075.821,66.60,-0.87,-3.88,6.094,8.185,1.43,15
$GNSS,2024-10-11T18:28:19.400Z,34.7042318,-76.6537295,4076.226,66.29,-1.26,-3.69,6.083,8.170,1.48,15
$GNSS,2024-10-11T18:28:19.600Z,34.7043519,-76.6537344,4076.565,66.39,-1.77,-3.57,6.073,8.157,1.46,15
$GNSS,2024-10-11T18:28:19.800Z,34.7044717,-76.6537399,4077.018,66.21,-1.89,-3.65,6.064,8.146,1.49,15
$GNSS,2024-10-11T18:28:20.000Z,34.7045906,-76.6537455,4077.691,65.57,-1.52,-3.68,6.054,8.138,1.50,16
$GNSS,2024-10-11T18:28:20.200Z,34.7047092,-76.6537504,4078.152,65.46,-1.49,-3.56,6.045,8.131,1.50,16
$GNSS,2024-10-11T18:28:20.400Z,34.7048283,-76.6537547,4078.461,65.58,-1.59,-3.30,6.036,8.125,1.56,17
$GNSS,2024-10-11T18:28:20.600Z,34.7049481,-76.6537607,4078.745,65.89,-2.47,-3.11,6.028,8.120,1.57,17
$GNSS,2024-10-11T18:28:20.800Z,34.7050672,-76.6537665,4079.002,65.60,-2.25,-2.98,6.019,8.112,1.53,17
$GNSS,2024-10-11T18:28:21.000Z,34.7051872,-76.6537731,4079.303,66.00,-2.92,-2.86,6.011,8.105,1.49,16
$GNSS,2024-10-11T18:28:21.200Z,34.7053063,-76.6537804,4079.736,65.45,-2.92,-2.70,6.004,8.105,1.51,15
$GNSS,2024-10-11T18:28:21.400Z,34.7054249,-76.6537881,4080.477,65.07,-2.82,-2.99,6.000,8.110,1.54,15
$GNSS,2024-10-11T18:28:21.600Z,34.7055430,-76.6537961,4081.190,64.87,-3.05,-3.11,5.994,8.111,1.49,15
$GNSS,2024-10-11T18:28:21.800Z,34.7056607,-76.6538030,4081.885,64.48,-2.54,-3.13,5.991,8.113,1.59,16
$GNSS,2024-10-11T18:28:22.000Z,34.7057789,-76.6538116,4082.822,64.70,-3.15,-3.55,5.997,8.128,1.63,15
$GNSS,2024-10-11T18:28:22.200Z,34.7058968,-76.6538210,4083.915,64.41,-3.42,-3.78,6.005,8.143,1.71,15
$GNSS,2024-10-11T18:28:22.400Z,34.7060144,-76.6538304,4084.588,64.42,-3.88,-3.71,6.014,8.165,1.69,15
$GNSS,2024-10-11T18:28:22.600Z,34.7061326,-76.6538417,4085.512,64.65,-4.52,-3.88,6.026,8.185,1.70,15
$GNSS,2024-10-11T18:28:22.800Z,34.7062508,-76.6538539,4086.422,64.47,-4.85,-3.48,6.034,8.205,1.66,16
$GNSS,2024-10-11T18:28:23.000Z,34.7063690,-76.6538660,4087.208,64.57,-4.84,-3.37,6.041,8.224,1.62,16
$GNSS,2024-10-11T18:28:23.200Z,34.7064886,-76.6538781,4087.957,65.13,-4.65,-3.15,6.045,8.242,1.64,17
$GNSS,2024-10-11T18:28:23.400Z,34.7066073,-76.6538894,4088.649,64.97,-4.34,-3.07,6.047,8.258,1.60,17
$GNSS,2024-10-11T18:28:23.600Z,34.7067253,-76.6539014,4089.201,64.55,-4.85,-2.83,6.049,8.277,1.59,17
$GNSS,2024-10-11T18:28:23.800Z,34.7068437,-76.6539125,4089.588,64.66,-4.41,-2.38,6.047,8.290,1.55,17
$GNSS,2024-10-11T18:28:24.000Z,34.7069631,-76.6539239,4089.964,65.06,-4.48,-1.96,6.049,8.306,1.57,16
$GNSS,2024-10-11T18:28:24.200Z,34.7070812,-76.6539360,4090.282,64.81,-4.91,-1.93,6.051,8.322,1.58,16
$GNSS,2024-10-11T18:28:24.400Z,34.7071987,-76.6539478,4090.290,64.78,-4.98,-1.97,6.051,8.338,1.60,16
$GNSS,2024-10-11T18:28:24.600Z,34.7073157,-76.6539608,4090.312,64.42,-5.52,-1.88,6.050,8.353,1.56,16
$GNSS,2024-10-11T18:28:24.800Z,34.7074334,-76.6539725,4089.985,64.86,-5.20,-1.50,6.051,8.375,1.64,16
$GNSS,2024-10-11T18:28:25.000Z,34.7075510,-76.6539840,4089.503,64.83,-5.15,-0.92,6.051,8.397,1.59,15
$GNSS,2024-10-11T18:28:25.200Z,34.7076695,-76.6539962,4089.153,65.23,-5.34,-0.74,6.051,8.422,1.61,15
$GNSS,2024-10-11T18:28:25.400Z,34.7077900,-76.6540075,4089.335,65.74,-4.34,-0.69,6.062,8.456,1.70,13
$GNSS,2024-10-11T18:28:25.600Z,34.7079098,-76.6540178,4089.510,65.45,-3.94,-0.57,6.073,8.488,1.70,13
$GNSS,2024-10-11T18:28:25.800Z,34.7080301,-76.6540285,4089.698,65.54,-4.11,-0.30,6.086,8.520,1.71,13
$GNSS,2024-10-11T18:28:26.000Z,34.7081492,-76.6540396,4089.521,65.45,-4.57,0.19,6.085,8.527,1.62,15
$GNSS,2024-10-11T18:28:26.200Z,34.7082683,-76.6540511,4089.273,65.60,-4.79,0.32,6.081,8.533,1.58,15
$GNSS,2024-10-11T18:28:26.400Z,34.7083860,-76.6540628,4089.194,65.12,-4.69,0.05,6.078,8.542,1.62,15
$GNSS,2024-10-11T18:28:26.600Z,34.7085042,-76.6540728,4089.018,65.26,-4.07,-0.14,6.078,8.550,1.67,15
$GNSS,2024-10-11T18:28:26.800Z,34.7086230,-76.6540828,4088.802,65.55,-4.10,-0.04,6.077,8.546,1.67,16
$GNSS,2024-10-11T18:28:27.000Z,34.7087428,-76.6540919,4088.790,65.82,-3.54,-0.03,6.073,8.543,1.66,17
$GNSS,2024-10-11T18:28:27.200Z,34.7088630,-76.6540998,4088.696,66.28,-3.13,-0.14,6.068,8.538,1.63,17
$GNSS,2024-10-11T18:28:27.400Z,34.7089829,-76.6541083,4088.561,66.09,-3.29,0.05,6.064,8.536,1.61,16
$GNSS,2024-10-11T18:28:27.600Z,34.7091019,-76.6541181,4088.470,65.55,-3.80,0.34,6.057,8.533,1.57,16
$GNSS,2024-10-11T18:28:27.800Z,34.7092198,-76.6541283,4088.058,65.13,-4.11,0.61,6.047,8.530,1.57,17
$GNSS,2024-10-11T18:28:28.000Z,34.7093375,-76.6541384,4087.680,64.83,-4.05,0.93,6.038,8.530,1.59,17
$GNSS,2024-10-11T18:28:28.200Z,34.7094547,-76.6541483,4087.425,64.55,-3.78,1.10,6.029,8.526,1.60,17
$GNSS,2024-10-11T18:28:28.400Z,34.7095727,-76.6541581,4087.156,64.92,-3.93,1.01,6.011,8.515,1.52,18
$GNSS,2024-10-11T18:28:28.600Z,34.7096913,-76.6541692,4087.006,65.13,-4.43,1.10,5.994,8.502,1.51,18
$GNSS,2024-10-11T18:28:28.800Z,34.7098094,-76.6541809,4086.831,65.15,-4.67,1.06,5.987,8.491,1.58,16
$GNSS,2024-10-11T18:28:29.000Z,34.7099279,-76.6541911,4086.789,65.39,-3.85,0.81,5.982,8.482,1.61,16
$GNSS,2024-10-11T18:28:29.200Z,34.7100468,-76.6542007,4086.835,65.61,-3.59,0.67,5.979,8.476,1.62,16
$GNSS,2024-10-11T18:28:29.400Z,34.7101658,-76.6542101,4086.803,65.65,-3.59,0.64,5.976,8.469,1.62,16
$GNSS,2024-10-11T18:28:29.600Z,34.7102848,-76.6542201,4086.770,65.69,-3.94,0.73,5.973,8.459,1.63,17
$GNSS,2024-10-11T18:28:29.800Z,34.7104031,-76.6542313,4086.950,65.45,-4.39,0.58,5.971,8.452,1.64,17
$GNSS,2024-10-11T18:28:30.000Z,34.7105212,-76.6542420,4086.998,65.28,-4.20,0.38,5.976,8.457,1.68,15
$GNSS,2024-10-11T18:28:30.200Z,34.7106395,-76.6542530,4087.106,65.26,-4.28,0.45,5.981,8.455,1.68,16
$GNSS,2024-10-11T18:28:30.400Z,34.7107579,-76.6542644,4086.891,65.33,-4.69,0.71,5.985,8.451,1.67,17
$GNSS,2024-10-11T18:28:30.600Z,34.7108763,-76.6542753,4086.798,65.32,-4.42,0.44,5.983,8.447,1.59,17
$GNSS,2024-10-11T18:28:30.800Z,34.7109939,-76.6542849,4086.476,65.23,-4.04,0.51,5.989,8.449,1.66,17
$GNSS,2024-10-11T18:28:31.000Z,34.7111113,-76.6542953,4086.057,65.37,-4.42,0.49,5.993,8.442,1.66,17
$GNSS,2024-10-11T18:28:31.200Z,34.7112281,-76.6543061,4085.937,64.93,-4.38,0.43,5.995,8.432,1.65,18
$GNSS,2024-10-11T18:28:31.400Z,34.7113463,-76.6543169,4086.079,65.41,-4.37,0.17,5.985,8.412,1.54,19
$GNSS,2024-10-11T18:28:31.600Z,34.7114657,-76.6543268,4086.347,65.80,-3.90,0.12,5.964,8.395,1.41,20
$GNSS,2024-10-11T18:28:31.800Z,34.7115857,-76.6543361,4086.260,66.20,-3.79,0.38,5.953,8.381,1.56,19
$GNSS,2024-10-11T18:28:32.000Z,34.7117065,-76.6543440,4086.153,66.73,-3.14,0.39,5.935,8.370,1.48,20
$GNSS,2024-10-11T18:28:32.200Z,34.7118266,-76.6543517,4086.153,66.68,-3.02,0.20,5.923,8.356,1.50,19
$GNSS,2024-10-11T18:28:32.400Z,34.7119465,-76.6543588,4086.153,66.67,-2.75,-0.01,5.912,8.344,1.52,19
$GNSS,2024-10-11T18:28:32.600Z,34.7120658,-76.6543652,4086.168,66.09,-2.35,-0.12,5.895,8.328,1.49,20
$GNSS,2024-10-11T18:28:32.800Z,34.7121849,-76.6543728,4086.263,66.29,-3.00,-0.51,5.891,8.318,1.59,18
$GNSS,2024-10-11T18:28:33.000Z,34.7123037,-76.6543801,4086.226,65.88,-2.87,-0.37,5.883,8.308,1.56,19
$GNSS,2024-10-11T18:28:33.200Z,34.7124225,-76.6543880,4086.280,66.32,-3.15,-0.91,5.881,8.299,1.63,18
$GNSS,2024-10-11T18:28:33.400Z,34.7125421,-76.6543966,4086.372,66.50,-3.50,-1.04,5.882,8.291,1.64,18
$GNSS,2024-10-11T18:28:33.600Z,34.7126625,-76.6544048,4086.159,66.81,-3.40,-0.87,5.885,8.286,1.65,18
$GNSS,2024-10-11T18:28:33.800Z,34.7127818,-76.6544118,4086.039,66.30,-2.90,-0.56,5.894,8.282,1.76,17
$GNSS,2024-10-11T18:28:34.000Z,34.7129002,-76.6544182,4086.079,66.08,-2.51,-0.75,5.906,8.279,1.78,17
$GNSS,2024-10-11T18:28:34.200Z,34.7130177,-76.6544248,4086.319,65.55,-2.54,-1.08,5.923,8.283,1.77,16
$GNSS,2024-10-11T18:28:34.400Z,34.7131357,-76.6544323,4086.511,65.48,-3.03,-1.06,5.933,8.278,1.72,18
$GNSS,2024-10-11T18:28:34.600Z,34.7132551,-76.6544402,4086.615,66.20,-3.20,-1.22,5.942,8.276,1.71,17
$GNSS,2024-10-11T18:28:34.800Z,34.7133743,-76.6544479,4086.696,66.31,-3.14,-1.34,5.961,8.284,1.79,15
$GNSS,2024-10-11T18:28:35.000Z,34.7134944,-76.6544547,4086.815,66.53,-2.66,-1.25,5.972,8.280,1.73,17
$GNSS,2024-10-11T18:28:35.200Z,34.7136134,-76.6544601,4086.864,66.03,-2.00,-1.13,5.982,8.277,1.69,17
$GNSS,2024-10-11T18:28:35.400Z,34.7137322,-76.6544651,4086.633,65.83,-2.04,-0.78,5.991,8.270,1.70,17
$GNSS,2024-10-11T18:28:35.600Z,34.7138505,-76.6544705,4086.809,65.48,-1.91,-0.69,6.000,8.265,1.73,17
$GNSS,2024-10-11T18:28:35.800Z,34.7139702,-76.6544763,4087.056,65.96,-2.06,-0.87,6.011,8.260,1.73,16
$GNSS,2024-10-11T18:28:36.000Z,34.7140903,-76.6544819,4087.326,66.08,-1.85,-0.76,6.030,8.255,1.82,15
$GNSS,2024-10-11T18:28:36.200Z,34.7142082,-76.6544877,4087.357,65.57,-2.21,-0.99,6.053,8.253,1.86,15
$GNSS,2024-10-11T18:28:36.400Z,34.7143255,-76.6544936,4087.291,65.29,-2.24,-1.15,6.078,8.249,1.91,15
$GNSS,2024-10-11T18:28:36.600Z,34.7144438,-76.6545002,4087.549,65.33,-2.46,-1.21,6.106,8.248,1.97,15
$GNSS,2024-10-11T18:28:36.800Z,34.7145639,-76.6545067,4087.536,66.07,-2.63,-0.98,6.136,8.246,1.97,15
$GNSS,2024-10-11T18:28:37.000Z,34.7146823,-76.6545142,4087.958,65.67,-2.78,-1.31,6.166,8.243,1.95,15
$GNSS,2024-10-11T18:28:37.200Z,34.7148054,-76.6545210,4088.500,66.71,-2.34,-1.01,6.180,8.231,1.82,16
$GNSS,2024-10-11T18:28:37.400Z,34.7149281,-76.6545267,4089.037,67.05,-2.00,-0.69,6.192,8.220,1.81,17
$GNSS,2024-10-11T18:28:37.600Z,34.7150504,-76.6545314,4089.658,67.14,-1.41,-0.76,6.201,8.207,1.76,17
$GNSS,2024-10-11T18:28:37.800Z,34.7151714,-76.6545378,4090.135,67.14,-2.47,-1.12,6.201,8.195,1.66,18
$GNSS,2024-10-11T18:28:38.000Z,34.7152915,-76.6545439,4090.452,66.83,-2.31,-1.57,6.184,8.177,1.52,19
$GNSS,2024-10-11T18:28:38.200Z,34.7154113,-76.6545490,4090.526,66.84,-2.09,-1.85,6.176,8.172,1.56,18
$GNSS,2024-10-11T18:28:38.400Z,34.7155313,-76.6545536,4090.737,66.64,-1.90,-1.76,6.172,8.169,1.62,18
$GNSS,2024-10-11T18:28:38.600Z,34.7156517,-76.6545588,4091.016,66.67,-2.16,-1.69,6.168,8.165,1.60,18
$GNSS,2024-10-11T18:28:38.800Z,34.7157709,-76.6545641,4091.543,65.89,-2.04,-1.71,6.165,8.169,1.66,18
$GNSS,2024-10-11T18:28:39.000Z,34.7158883,-76.6545703,4092.270,65.07,-2.33,-2.12,6.161,8.167,1.60,18
$GNSS,2024-10-11T18:28:39.200Z,34.7160055,-76.6545745,4092.803,64.93,-1.59,-2.20,6.157,8.169,1.64,18
$GNSS,2024-10-11T18:28:39.400Z,34.7161223,-76.6545788,4093.401,64.79,-1.58,-2.51,6.151,8.167,1.58,17
$GNSS,2024-10-11T18:28:39.600Z,34.7162386,-76.6545838,4093.962,64.44,-2.02,-2.51,6.145,8.168,1.56,17
$GNSS,2024-10-11T18:28:39.800Z,34.7163554,-76.6545885,4094.441,64.44,-1.93,-2.16,6.127,8.160,1.50,18
$GNSS,2024-10-11T18:28:40.000Z,34.7164730,-76.6545931,4095.002,65.02,-1.77,-2.34,6.113,8.165,1.52,16
$GNSS,2024-10-11T18:28:40.200Z,34.7165906,-76.6545977,4095.575,65.00,-1.85,-2.41,6.101,8.172,1.53,16
$GNSS,2024-10-11T18:28:40.400Z,34.7167087,-76.6546034,4096.235,65.05,-2.22,-2.53,6.095,8.189,1.60,13
$GNSS,2024-10-11T18:28:40.600Z,34.7168259,-76.6546080,4096.753,64.81,-1.80,-2.69,6.093,8.207,1.63,13
$GNSS,2024-10-11T18:28:40.800Z,34.7169439,-76.6546131,4097.539,65.00,-1.77,-3.14,6.094,8.227,1.64,13
$GNSS,2024-10-11T18:28:41.000Z,34.7170623,-76.6546187,4098.321,65.19,-2.10,-3.29,6.094,8.246,1.60,13
$GNSS,2024-10-11T18:28:41.200Z,34.7171791,-76.6546209,4099.064,64.68,-1.30,-2.80,6.097,8.271,1.58,14
$GNSS,2024-10-11T18:28:41.400Z,34.7172960,-76.6546226,4099.510,64.84,-0.93,-2.43,6.101,8.301,1.57,14
$GNSS,2024-10-11T18:28:41.600Z,34.7174119,-76.6546262,4099.775,64.19,-1.57,-2.32,6.095,8.331,1.57,15
$GNSS,2024-10-11T18:28:41.800Z,34.7175272,-76.6546309,4100.119,63.83,-2.13,-2.15,6.086,8.354,1.51,15
$GNSS,2024-10-11T18:28:42.000Z,34.7176415,-76.6546365,4100.579,63.20,-2.68,-1.87,6.074,8.368,1.54,16
$GNSS,2024-10-11T18:28:42.200Z,34.7177561,-76.6546412,4100.971,63.52,-2.13,-1.91,6.060,8.382,1.55,16
$GNSS,2024-10-11T18:28:42.400Z,34.7178708,-76.6546443,4101.173,63.61,-1.18,-2.21,6.050,8.395,1.62,16
$GNSS,2024-10-11T18:28:42.600Z,34.7179851,-76.6546472,4101.083,63.31,-1.30,-2.12,6.041,8.411,1.62,16
$GNSS,2024-10-11T18:28:42.800Z,34.7180992,-76.6546508,4100.942,63.14,-1.55,-2.07,6.028,8.419,1.56,17
$GNSS,2024-10-11T18:28:43.000Z,34.7182125,-76.6546540,4101.030,62.78,-1.31,-2.16,6.013,8.423,1.50,17
$GNSS,2024-10-11T18:28:43.200Z,34.7183254,-76.6546579,4101.024,62.28,-1.77,-1.79,5.995,8.416,1.48,18
$GNSS,2024-10-11T18:28:43.400Z,34.7184381,-76.6546626,4101.218,62.30,-2.02,-1.78,5.974,8.395,1.38,18
$GNSS,2024-10-11T18:28:43.600Z,34.7185505,-76.6546682,4101.561,62.04,-2.62,-1.49,5.951,8.375,1.39,18
$GNSS,2024-10-11T18:28:43.800Z,34.7186630,-76.6546739,4101.529,62.20,-2.57,-1.24,5.929,8.347,1.41,18
$GNSS,2024-10-11T18:28:44.000Z,34.7187752,-76.6546789,4101.644,62.12,-2.07,-1.30,5.909,8.321,1.42,18
$GNSS,2024-10-11T18:28:44.200Z,34.7188872,-76.6546843,4101.786,62.03,-2.49,-1.03,5.894,8.299,1.42,17
$GNSS,2024-10-11T18:28:44.400Z,34.7189983,-76.6546901,4102.375,61.59,-2.67,-1.06,5.879,8.276,1.43,17
$GNSS,2024-10-11T18:28:44.600Z,34.7191095,-76.6546954,4102.617,61.62,-2.42,-0.74,5.866,8.260,1.46,17
$GNSS,2024-10-11T18:28:44.800Z,34.7192195,-76.6547006,4102.443,61.20,-2.28,-0.63,5.857,8.246,1.47,16
$GNSS,2024-10-11T18:28:45.000Z,34.7193280,-76.6547051,4102.411,60.32,-1.88,-0.64,5.850,8.236,1.53,16
$GNSS,2024-10-11T18:28:45.200Z,34.7194350,-76.6547093,4102.295,59.52,-1.77,-0.44,5.842,8.221,1.48,16
$GNSS,2024-10-11T18:28:45.400Z,34.7195431,-76.6547142,4102.097,60.06,-2.03,-0.39,5.834,8.210,1.53,16
$GNSS,2024-10-11T18:28:45.600Z,34.7196511,-76.6547189,4102.135,59.95,-1.95,-0.34,5.823,8.197,1.43,16
$GNSS,2024-10-11T18:28:45.800Z,34.7197590,-76.6547238,4102.201,59.72,-2.17,-0.04,5.813,8.191,1.46,16
$GNSS,2024-10-11T18:28:46.000Z,34.7198669,-76.6547301,4102.186,59.90,-2.76,-0.11,5.804,8.188,1.47,16
$GNSS,2024-10-11T18:28:46.200Z,34.7199758,-76.6547362,4102.054,60.37,-2.57,-0.01,5.795,8.179,1.45,17
$GNSS,2024-10-11T18:28:46.400Z,34.7200836,-76.6547424,4102.075,59.84,-2.72,-0.03,5.786,8.180,1.45,16
$GNSS,2024-10-11T18:28:46.600Z,34.7201920,-76.6547504,4101.968,59.96,-3.44,0.14,5.775,8.176,1.46,17
$GNSS,2024-10-11T18:28:46.800Z,34.7202997,-76.6547580,4101.652,59.59,-3.21,0.62,5.763,8.170,1.43,17
$GNSS,2024-10-11T18:28:47.000Z,34.7204081,-76.6547661,4101.443,59.98,-3.40,0.86,5.745,8.166,1.36,18
$GNSS,2024-10-11T18:28:47.200Z,34.7205148,-76.6547751,4101.067,59.31,-3.72,0.46,5.726,8.163,1.36,18
$GNSS,2024-10-11T18:28:47.400Z,34.7206210,-76.6547851,4100.705,59.06,-4.15,0.13,5.708,8.159,1.32,18
$GNSS,2024-10-11T18:28:47.600Z,34.7207274,-76.6547945,4100.304,59.02,-3.92,0.29,5.691,8.154,1.34,18
$GNSS,2024-10-11T18:28:47.800Z,34.7208329,-76.6548029,4099.652,58.67,-3.34,0.25,5.674,8.150,1.32,18
$GNSS,2024-10-11T18:28:48.000Z,34.7209388,-76.6548095,4099.191,58.72,-2.60,0.29,5.659,8.152,1.36,18
$GNSS,2024-10-11T18:28:48.200Z,34.7210440,-76.6548166,4098.531,58.29,-3.00,0.93,5.644,8.155,1.37,18
$GNSS,2024-10-11T18:28:48.400Z,34.7211490,-76.6548243,4097.914,58.26,-3.22,1.05,5.629,8.157,1.38,18
$GNSS,2024-10-11T18:28:48.600Z,34.7212541,-76.6548317,4097.400,58.36,-2.99,1.01,5.616,8.159,1.39,18
$GNSS,2024-10-11T18:28:48.800Z,34.7213597,-76.6548393,4097.021,58.47,-3.11,1.06,5.602,8.162,1.39,18
$GNSS,2024-10-11T18:28:49.000Z,34.7214661,-76.6548469,4096.624,58.92,-3.04,0.81,5.588,8.162,1.37,18
$GNSS,2024-10-11T18:28:49.200Z,34.7215724,-76.6548539,4095.933,59.00,-2.77,0.85,5.575,8.165,1.38,18
$GNSS,2024-10-11T18:28:49.400Z,34.7216777,-76.6548622,4095.528,58.07,-3.48,1.19,5.563,8.173,1.40,18
$GNSS,2024-10-11T18:28:49.600Z,34.7217821,-76.6548701,4094.862,57.64,-3.25,1.68,5.551,8.184,1.39,18
$GNSS,2024-10-11T18:28:49.800Z,34.7218865,-76.6548770,4094.249,57.62,-2.75,1.95,5.536,8.176,1.33,19
$GNSS,2024-10-11T18:28:50.000Z,34.7219895,-76.6548843,4093.968,56.73,-2.95,1.91,5.522,8.171,1.40,19
$GNSS,2024-10-11T18:28:50.200Z,34.7220921,-76.6548933,4093.816,56.62,-3.70,1.47,5.507,8.159,1.34,19
$GNSS,2024-10-11T18:28:50.400Z,34.7221952,-76.6549014,4093.401,57.10,-3.34,1.48,5.492,8.150,1.36,19
$GNSS,2024-10-11T18:28:50.600Z,34.7222982,-76.6549094,4093.098,56.96,-3.37,1.56,5.477,8.141,1.36,19
$GNSS,2024-10-11T18:28:50.800Z,34.7224025,-76.6549175,4092.901,57.65,-3.36,1.38,5.462,8.134,1.33,19
$GNSS,2024-10-11T18:28:51.000Z,34.7225072,-76.6549252,4092.416,57.84,-3.32,1.74,5.444,8.121,1.28,19
$GNSS,2024-10-11T18:28:51.200Z,34.7226111,-76.6549346,4091.997,57.47,-4.07,2.07,5.423,8.104,1.25,20
$GNSS,2024-10-11T18:28:51.400Z,34.7227146,-76.6549442,4091.889,57.12,-3.92,1.87,5.401,8.090,1.25,20
$GNSS,2024-10-11T18:28:51.600Z,34.7228188,-76.6549527,4091.803,57.55,-3.35,1.85,5.379,8.066,1.24,20
$GNSS,2024-10-11T18:28:51.800Z,34.7229230,-76.6549607,4091.512,57.67,-3.34,1.46,5.357,8.048,1.26,20
$GNSS,2024-10-11T18:28:52.000Z,34.7230269,-76.6549687,4091.379,57.38,-3.32,1.48,5.336,8.026,1.28,20
$GNSS,2024-10-11T18:28:52.200Z,34.7231296,-76.6549770,4091.362,56.40,-3.27,1.24,5.319,8.002,1.35,19
$GNSS,2024-10-11T18:28:52.400Z,34.7232326,-76.6549849,4091.349,56.78,-3.08,0.97,5.303,7.985,1.37,19
$GNSS,2024-10-11T18:28:52.600Z,34.7233358,-76.6549921,4091.250,56.96,-2.81,0.67,5.287,7.966,1.34,19
$GNSS,2024-10-11T18:28:52.800Z,34.7234381,-76.6549992,4091.216,56.36,-2.80,0.78,5.271,7.944,1.31,19
$GNSS,2024-10-11T18:28:53.000Z,34.7235408,-76.6550057,4090.812,56.84,-2.70,0.83,5.253,7.921,1.28,19
$GNSS,2024-10-11T18:28:53.200Z,34.7236431,-76.6550126,4090.720,56.50,-2.90,0.68,5.237,7.898,1.32,18
$GNSS,2024-10-11T18:28:53.400Z,34.7237444,-76.6550199,4090.392,56.12,-3.21,0.59,5.219,7.868,1.29,18
$GNSS,2024-10-11T18:28:53.600Z,34.7238448,-76.6550269,4089.991,55.59,-2.96,0.77,5.202,7.838,1.30,18
$GNSS,2024-10-11T18:28:53.800Z,34.7239453,-76.6550343,4089.490,55.73,-3.33,0.80,5.185,7.805,1.28,18
$GNSS,2024-10-11T18:28:54.000Z,34.7240462,-76.6550419,4089.357,55.77,-3.10,0.80,5.167,7.773,1.25,18
$GNSS,2024-10-11T18:28:54.200Z,34.7241479,-76.6550496,4089.121,56.17,-3.15,0.90,5.149,7.738,1.25,19
$GNSS,2024-10-11T18:28:54.400Z,34.7242484,-76.6550573,4089.028,55.59,-3.22,0.85,5.130,7.703,1.22,20
$GNSS,2024-10-11T18:28:54.600Z,34.7243491,-76.6550640,4088.574,55.89,-2.84,1.01,5.111,7.669,1.23,19
$GNSS,2024-10-11T18:28:54.800Z,34.7244504,-76.6550713,4088.517,55.99,-3.01,1.20,5.094,7.638,1.28,19
$GNSS,2024-10-11T18:28:55.000Z,34.7245509,-76.6550781,4088.227,55.61,-2.76,1.29,5.078,7.609,1.28,19
$GNSS,2024-10-11T18:28:55.200Z,34.7246509,-76.6550850,4087.809,55.39,-3.04,1.14,5.064,7.578,1.29,20
$GNSS,2024-10-11T18:28:55.400Z,34.7247502,-76.6550922,4087.544,55.00,-2.96,0.83,5.050,7.548,1.26,20
$GNSS,2024-10-11T18:28:55.600Z,34.7248503,-76.6550991,4087.411,55.40,-2.78,0.98,5.037,7.521,1.29,20
$GNSS,2024-10-11T18:28:55.800Z,34.7249502,-76.6551059,4087.293,55.28,-2.74,0.92,5.024,7.493,1.24,19
$GNSS,2024-10-11T18:28:56.000Z,34.7250501,-76.6551131,4087.265,55.40,-2.97,0.61,5.013,7.472,1.31,19
$GNSS,2024-10-11T18:28:56.200Z,34.7251490,-76.6551202,4087.303,54.68,-2.85,0.54,5.003,7.451,1.32,19
$GNSS,2024-10-11T18:28:56.400Z,34.7252474,-76.6551266,4087.207,54.58,-2.58,0.56,4.994,7.439,1.32,19
$GNSS,2024-10-11T18:28:56.600Z,34.7253460,-76.6551332,4086.999,54.71,-2.92,0.73,4.988,7.427,1.34,19
$GNSS,2024-10-11T18:28:56.800Z,34.7254445,-76.6551406,4086.696,54.67,-3.28,1.07,4.983,7.417,1.34,19
$GNSS,2024-10-11T18:28:57.000Z,34.7255432,-76.6551483,4086.502,54.75,-3.32,0.97,4.978,7.408,1.33,19
$GNSS,2024-10-11T18:28:57.200Z,34.7256427,-76.6551547,4086.296,55.17,-2.63,0.98,4.976,7.401,1.39,19
$GNSS,2024-10-11T18:28:57.400Z,34.7257415,-76.6551606,4086.086,54.83,-2.56,0.81,4.975,7.397,1.40,19
$GNSS,2024-10-11T18:28:57.600Z,34.7258407,-76.6551662,4085.944,54.84,-2.47,0.53,4.969,7.389,1.28,20
$GNSS,2024-10-11T18:28:57.800Z,34.7259398,-76.6551720,4086.015,54.77,-2.52,0.01,4.961,7.376,1.23,20
$GNSS,2024-10-11T18:28:58.000Z,34.7260379,-76.6551775,4085.864,54.20,-2.56,-0.23,4.951,7.361,1.22,20
$GNSS,2024-10-11T18:28:58.200Z,34.7261358,-76.6551839,4085.791,54.10,-2.86,0.01,4.942,7.349,1.27,20
$GNSS,2024-10-11T18:28:58.400Z,34.7262351,-76.6551913,4085.872,54.78,-3.03,-0.01,4.936,7.340,1.29,19
$GNSS,2024-10-11T18:28:58.600Z,34.7263333,-76.6551973,4085.727,54.20,-2.56,0.22,4.929,7.327,1.28,21
$GNSS,2024-10-11T18:28:58.800Z,34.7264312,-76.6552027,4085.715,54.08,-2.20,0.05,4.921,7.314,1.26,21
$GNSS,2024-10-11T18:28:59.000Z,34.7265291,-76.6552080,4085.531,54.19,-2.29,0.51,4.914,7.303,1.27,21
$GNSS,2024-10-11T18:28:59.200Z,34.7266271,-76.6552119,4085.413,54.21,-1.45,0.39,4.909,7.295,1.36,20
$GNSS,2024-10-11T18:28:59.400Z,34.7267256,-76.6552155,4085.320,54.53,-1.39,0.39,4.907,7.287,1.37,20
$GNSS,2024-10-11T18:28:59.600Z,34.7268231,-76.6552187,4085.013,53.94,-1.39,0.83,4.907,7.284,1.39,20
$GNSS,2024-10-11T18:28:59.800Z,34.7269202,-76.6552219,4084.630,53.80,-1.42,0.96,4.906,7.275,1.33,20
$GNSS,2024-10-11T18:29:00.000Z,34.7270164,-76.6552242,4084.318,53.41,-1.04,0.84,4.906,7.268,1.34,19
$GNSS,2024-10-11T18:29:00.200Z,34.7271120,-76.6552262,4084.327,53.08,-0.57,0.52,4.908,7.267,1.33,18
$GNSS,2024-10-11T18:29:00.400Z,34.7272067,-76.6552268,4084.069,52.61,-0.26,0.46,4.908,7.264,1.29,18
$GNSS,2024-10-11T18:29:00.600Z,34.7273012,-76.6552281,4083.668,52.60,-0.73,0.77,4.910,7.263,1.31,18
$GNSS,2024-10-11T18:29:00.800Z,34.7273952,-76.6552291,4083.400,52.42,-0.35,0.78,4.916,7.267,1.36,17
$GNSS,2024-10-11T18:29:01.000Z,34.7274899,-76.6552296,4083.228,52.84,-0.16,0.47,4.924,7.273,1.41,17
$GNSS,2024-10-11T18:29:01.200Z,34.7275849,-76.6552306,4083.246,52.98,-0.26,0.39,4.933,7.280,1.47,17
$GNSS,2024-10-11T18:29:01.400Z,34.7276806,-76.6552311,4083.155,53.37,-0.08,0.25,4.940,7.284,1.37,17
$GNSS,2024-10-11T18:29:01.600Z,34.7277768,-76.6552307,4082.994,53.64,0.28,0.29,4.946,7.289,1.38,17
$GNSS,2024-10-11T18:29:01.800Z,34.7278717,-76.6552315,4082.789,52.93,-0.35,0.29,4.951,7.293,1.36,17
$GNSS,2024-10-11T18:29:02.000Z,34.7279667,-76.6552320,4082.439,53.03,-0.30,0.33,4.955,7.293,1.31,17
$GNSS,2024-10-11T18:29:02.200Z,34.7280614,-76.6552329,4082.179,52.77,-0.35,0.28,4.958,7.293,1.31,17
$GNSS,2024-10-11T18:29:02.400Z,34.7281554,-76.6552325,4081.987,52.41,0.29,0.18,4.959,7.285,1.34,18
$GNSS,2024-10-11T18:29:02.600Z,34.7282498,-76.6552324,4081.830,52.66,0.10,0.15,4.961,7.278,1.34,18
$GNSS,2024-10-11T18:29:02.800Z,34.7283448,-76.6552326,4082.020,52.87,0.13,-0.15,4.964,7.282,1.34,17
$GNSS,2024-10-11T18:29:03.000Z,34.7284390,-76.6552321,4081.961,52.54,0.30,-0.22,4.970,7.292,1.41,17
$GNSS,2024-10-11T18:29:03.200Z,34.7285315,-76.6552328,4082.181,51.43,-0.24,-0.47,4.976,7.301,1.41,17
$GNSS,2024-10-11T18:29:03.400Z,34.7286247,-76.6552330,4082.262,51.93,0.08,-0.56,4.983,7.310,1.40,17
$GNSS,2024-10-11T18:29:03.600Z,34.7287174,-76.6552327,4081.942,51.76,0.15,-0.01,4.992,7.323,1.43,17
$GNSS,2024-10-11T18:29:03.800Z,34.7288098,-76.6552325,4081.741,51.50,0.13,0.42,5.001,7.337,1.46,17
$GNSS,2024-10-11T18:29:04.000Z,34.7289017,-76.6552320,4081.512,51.23,0.29,0.62,5.013,7.356,1.57,17
$GNSS,2024-10-11T18:29:04.200Z,34.7289929,-76.6552299,4081.241,50.92,1.00,0.51,5.026,7.375,1.55,17
$GNSS,2024-10-11T18:29:04.400Z,34.7290838,-76.6552277,4081.129,50.70,1.05,0.36,5.039,7.396,1.54,17
$GNSS,2024-10-11T18:29:04.600Z,34.7291747,-76.6552257,4081.040,50.54,1.06,0.45,5.047,7.405,1.41,18
$GNSS,2024-10-11T18:29:04.800Z,34.7292649,-76.6552235,4080.901,50.24,1.00,0.45,5.053,7.411,1.42,18
$GNSS,2024-10-11T18:29:05.000Z,34.7293555,-76.6552214,4080.582,50.47,1.05,0.67,5.058,7.415,1.42,19
$GNSS,2024-10-11T18:29:05.200Z,34.7294463,-76.6552200,4080.181,50.51,0.74,0.98,5.063,7.418,1.43,19
$GNSS,2024-10-11T18:29:05.400Z,34.7295366,-76.6552175,4079.771,50.35,1.30,1.11,5.067,7.420,1.43,19
$GNSS,2024-10-11T18:29:05.600Z,34.7296269,-76.6552149,4079.495,50.25,1.29,1.18,5.077,7.435,1.49,18
$GNSS,2024-10-11T18:29:05.800Z,34.7297172,-76.6552120,4079.509,50.15,1.54,0.84,5.081,7.436,1.44,20
$GNSS,2024-10-11T18:29:06.000Z,34.7298066,-76.6552074,4079.135,49.92,2.15,0.84,5.087,7.442,1.41,19
$GNSS,2024-10-11T18:29:06.200Z,34.7298975,-76.6552037,4079.255,50.57,1.78,0.26,5.092,7.446,1.42,19
$GNSS,2024-10-11T18:29:06.400Z,34.7299875,-76.6552003,4079.143,50.22,1.53,0.16,5.095,7.444,1.39,19
$GNSS,2024-10-11T18:29:06.600Z,34.7300777,-76.6551965,4079.119,50.19,1.89,-0.05,5.089,7.424,1.32,20
$GNSS,2024-10-11T18:29:06.800Z,34.7301681,-76.6551919,4079.173,50.24,2.32,-0.07,5.083,7.408,1.31,19
$GNSS,2024-10-11T18:29:07.000Z,34.7302574,-76.6551873,4079.018,49.75,2.06,-0.02,5.075,7.391,1.32,19
$GNSS,2024-10-11T18:29:07.200Z,34.7303474,-76.6551821,4078.741,50.29,2.41,0.05,5.067,7.374,1.30,19
$GNSS,2024-10-11T18:29:07.400Z,34.7304380,-76.6551767,4078.494,50.53,2.52,0.20,5.060,7.361,1.30,19
$GNSS,2024-10-11T18:29:07.600Z,34.7305274,-76.6551719,4078.682,49.60,2.40,-0.25,5.054,7.351,1.36,19
$GNSS,2024-10-11T18:29:07.800Z,34.7306164,-76.6551668,4078.515,49.58,2.37,-0.14,5.049,7.343,1.35,19
$GNSS,2024-10-11T18:29:08.000Z,34.7307052,-76.6551611,4078.346,49.53,2.69,-0.23,5.046,7.339,1.37,19
$GNSS,2024-10-11T18:29:08.200Z,34.7307935,-76.6551551,4078.281,49.17,2.83,-0.32,5.044,7.336,1.37,19
$GNSS,2024-10-11T18:29:08.400Z,34.7308821,-76.6551495,4078.369,49.19,2.66,-0.31,5.041,7.331,1.33,19
$GNSS,2024-10-11T18:29:08.600Z,34.7309707,-76.6551453,4078.461,49.19,1.94,-0.36,5.037,7.325,1.32,19
$GNSS,2024-10-11T18:29:08.800Z,34.7310598,-76.6551423,4078.358,49.54,1.53,-0.05,5.032,7.319,1.33,20
$GNSS,2024-10-11T18:29:09.000Z,34.7311489,-76.6551383,4078.429,49.50,2.18,-0.22,5.027,7.316,1.34,20
$GNSS,2024-10-11T18:29:09.200Z,34.7312371,-76.6551334,4078.450,48.93,2.56,-0.16,5.023,7.313,1.32,20
$GNSS,2024-10-11T18:29:09.400Z,34.7313254,-76.6551287,4078.513,48.88,2.38,0.05,5.018,7.310,1.29,20
$GNSS,2024-10-11T18:29:09.600Z,34.7314138,-76.6551243,4078.743,48.89,2.39,-0.08,5.015,7.310,1.33,20
$GNSS,2024-10-11T18:29:09.800Z,34.7315012,-76.6551196,4078.930,48.40,2.46,-0.27,5.014,7.310,1.36,20
$GNSS,2024-10-11T18:29:10.000Z,34.7315883,-76.6551141,4079.057,48.40,2.82,-0.61,5.014,7.312,1.37,20
$GNSS,2024-10-11T18:29:10.200Z,34.7316749,-76.6551093,4079.047,48.11,2.27,-0.69,5.016,7.313,1.38,20
$GNSS,2024-10-11T18:29:10.400Z,34.7317617,-76.6551048,4079.012,48.26,2.17,-0.71,5.019,7.314,1.38,19
$GNSS,2024-10-11T18:29:10.600Z,34.7318489,-76.6551000,4078.930,48.37,2.26,-0.49,5.024,7.319,1.44,19
$GNSS,2024-10-11T18:29:10.800Z,34.7319359,-76.6550955,4078.979,48.26,2.19,-0.54,5.031,7.322,1.42,19
$GNSS,2024-10-11T18:29:11.000Z,34.7320228,-76.6550908,4078.991,48.15,2.33,-0.55,5.037,7.324,1.41,19
$GNSS,2024-10-11T18:29:11.200Z,34.7321108,-76.6550853,4078.976,48.52,2.71,-0.31,5.047,7.328,1.46,18
$GNSS,2024-10-11T18:29:11.400Z,34.7321992,-76.6550796,4078.908,48.75,2.77,-0.05,5.058,7.331,1.47,18
$GNSS,2024-10-11T18:29:11.600Z,34.7322867,-76.6550746,4078.895,48.42,2.37,0.11,5.068,7.343,1.50,18
$GNSS,2024-10-11T18:29:11.800Z,34.7323729,-76.6550691,4078.877,47.77,2.76,0.04,5.079,7.355,1.51,18
$GNSS,2024-10-11T18:29:12.000Z,34.7324581,-76.6550635,4078.870,47.36,2.83,-0.31,5.092,7.368,1.53,18
$GNSS,2024-10-11T18:29:12.200Z,34.7325433,-76.6550591,4078.724,47.46,2.07,-0.38,5.108,7.385,1.56,17
$GNSS,2024-10-11T18:29:12.400Z,34.7326293,-76.6550550,4078.491,47.89,1.98,-0.49,5.126,7.400,1.55,16
$GNSS,2024-10-11T18:29:12.600Z,34.7327147,-76.6550501,4078.238,47.59,2.30,-0.39,5.144,7.416,1.55,17
$GNSS,2024-10-11T18:29:12.800Z,34.7327999,-76.6550453,4078.014,47.44,2.35,-0.43,5.163,7.433,1.57,17
$GNSS,2024-10-11T18:29:13.000Z,34.7328846,-76.6550403,4077.786,47.18,2.28,-0.24,5.186,7.459,1.62,16
$GNSS,2024-10-11T18:29:13.200Z,34.7329694,-76.6550358,4077.556,47.18,2.03,-0.06,5.210,7.485,1.62,16
$GNSS,2024-10-11T18:29:13.400Z,34.7330559,-76.6550310,4077.321,47.83,2.08,0.40,5.235,7.512,1.67,16
$GNSS,2024-10-11T18:29:13.600Z,34.7331414,-76.6550267,4077.007,47.71,2.07,0.30,5.257,7.538,1.62,16
$GNSS,2024-10-11T18:29:13.800Z,34.7332268,-76.6550230,4076.708,47.62,1.73,0.26,5.279,7.566,1.61,16
$GNSS,2024-10-11T18:29:14.000Z,34.7333113,-76.6550193,4076.383,47.32,1.81,0.00,5.300,7.594,1.61,16
$GNSS,2024-10-11T18:29:14.200Z,34.7333970,-76.6550152,4076.031,47.64,1.87,0.21,5.318,7.618,1.59,17
$GNSS,2024-10-11T18:29:14.400Z,34.7334819,-76.6550107,4075.631,47.42,2.04,0.24,5.337,7.642,1.61,17
$GNSS,2024-10-11T18:29:14.600Z,34.7335654,-76.6550057,4075.179,46.88,2.25,0.18,5.358,7.665,1.66,16
$GNSS,2024-10-11T18:29:14.800Z,34.7336508,-76.6550007,4074.724,47.58,2.21,0.30,5.371,7.673,1.59,17
$GNSS,2024-10-11T18:29:15.000Z,34.7337357,-76.6549957,4074.312,47.41,2.20,0.44,5.383,7.682,1.58,17
$GNSS,2024-10-11T18:29:15.200Z,34.7338200,-76.6549905,4073.878,47.16,2.35,0.50,5.393,7.690,1.57,17
$GNSS,2024-10-11T18:29:15.400Z,34.7339029,-76.6549852,4073.594,46.34,2.53,0.47,5.402,7.703,1.59,17
$GNSS,2024-10-11T18:29:15.600Z,34.7339852,-76.6549814,4073.446,46.18,1.78,0.07,5.408,7.716,1.54,18
$GNSS,2024-10-11T18:29:15.800Z,34.7340668,-76.6549776,4073.306,45.68,1.77,-0.03,5.412,7.722,1.52,18
$GNSS,2024-10-11T18:29:16.000Z,34.7341485,-76.6549741,4073.266,45.62,1.59,-0.17,5.415,7.728,1.54,18
$GNSS,2024-10-11T18:29:16.200Z,34.7342302,-76.6549711,4073.436,45.48,1.46,-0.22,5.418,7.732,1.51,18
$GNSS,2024-10-11T18:29:16.400Z,34.7343118,-76.6549683,4073.461,45.31,1.21,0.03,5.419,7.736,1.52,17
$GNSS,2024-10-11T18:29:16.600Z,34.7343949,-76.6549651,4073.239,46.09,1.37,0.36,5.421,7.738,1.55,17
$GNSS,2024-10-11T18:29:16.800Z,34.7344788,-76.6549618,4073.076,46.64,1.43,0.60,5.421,7.739,1.49,17
$GNSS,2024-10-11T18:29:17.000Z,34.7345633,-76.6549586,4072.754,47.17,1.32,0.56,5.420,7.739,1.49,17
$GNSS,2024-10-11T18:29:17.200Z,34.7346480,-76.6549551,4072.577,47.16,1.67,0.68,5.417,7.737,1.47,18
$GNSS,2024-10-11T18:29:17.400Z,34.7347317,-76.6549519,4072.477,46.82,1.47,0.47,5.414,7.736,1.47,18
$GNSS,2024-10-11T18:29:17.600Z,34.7348153,-76.6549473,4071.965,46.68,1.91,0.65,5.413,7.740,1.52,17
$GNSS,2024-10-11T18:29:17.800Z,34.7348984,-76.6549430,4071.469,46.47,1.73,0.81,5.412,7.746,1.52,16
$GNSS,2024-10-11T18:29:18.000Z,34.7349811,-76.6549393,4071.420,46.01,1.80,0.81,5.411,7.750,1.49,15
$GNSS,2024-10-11T18:29:18.200Z,34.7350643,-76.6549335,4070.857,46.37,2.53,1.16,5.408,7.752,1.48,15
$GNSS,2024-10-11T18:29:18.400Z,34.7351487,-76.6549296,4070.853,46.75,1.82,1.27,5.402,7.754,1.44,16
$GNSS,2024-10-11T18:29:18.600Z,34.7352331,-76.6549268,4070.896,46.86,1.46,1.30,5.395,7.748,1.40,16
$GNSS,2024-10-11T18:29:18.800Z,34.7353157,-76.6549236,4070.908,45.90,1.72,1.20,5.388,7.747,1.45,16
$GNSS,2024-10-11T18:29:19.000Z,34.7353981,-76.6549196,4070.537,45.96,1.77,1.15,5.383,7.746,1.46,16
$GNSS,2024-10-11T18:29:19.200Z,34.7354812,-76.6549159,4070.426,46.21,1.82,1.14,5.376,7.745,1.45,16
$GNSS,2024-10-11T18:29:19.400Z,34.7355639,-76.6549130,4070.189,46.01,1.24,1.21,5.368,7.742,1.41,16
$GNSS,2024-10-11T18:29:19.600Z,34.7356456,-76.6549107,4070.133,45.46,1.24,0.95,5.361,7.739,1.41,16
$GNSS,2024-10-11T18:29:19.800Z,34.7357277,-76.6549083,4070.273,45.55,1.41,1.01,5.353,7.736,1.41,16
$GNSS,2024-10-11T18:29:20.000Z,34.7358099,-76.6549062,4070.336,45.65,1.08,1.14,5.345,7.734,1.43,16
$GNSS,2024-10-11T18:29:20.200Z,34.7358918,-76.6549028,4069.943,45.49,1.56,1.44,5.336,7.730,1.39,16
$GNSS,2024-10-11T18:29:20.400Z,34.7359742,-76.6549002,4070.153,45.71,1.48,1.58,5.327,7.730,1.41,16
$GNSS,2024-10-11T18:29:20.600Z,34.7360567,-76.6548961,4070.197,45.74,1.89,1.58,5.319,7.719,1.46,17
$GNSS,2024-10-11T18:29:20.800Z,34.7361391,-76.6548915,4070.383,45.78,2.27,1.27,5.310,7.704,1.38,17
$GNSS,2024-10-11T18:29:21.000Z,34.7362210,-76.6548870,4070.183,45.49,1.78,1.29,5.300,7.684,1.37,17
$GNSS,2024-10-11T18:29:21.200Z,34.7363022,-76.6548819,4069.979,45.11,2.20,0.90,5.290,7.664,1.38,17
$GNSS,2024-10-11T18:29:21.400Z,34.7363832,-76.6548770,4070.127,45.00,2.22,0.84,5.279,7.641,1.34,17
$GNSS,2024-10-11T18:29:21.600Z,34.7364649,-76.6548720,4069.962,45.32,2.01,1.10,5.268,7.616,1.33,17
$GNSS,2024-10-11T18:29:21.800Z,34.7365469,-76.6548688,4070.055,45.56,1.29,1.15,5.255,7.591,1.30,17
$GNSS,2024-10-11T18:29:22.000Z,34.7366293,-76.6548659,4069.836,45.84,1.05,0.84,5.240,7.565,1.26,18
$GNSS,2024-10-11T18:29:22.200Z,34.7367111,-76.6548622,4069.862,45.61,1.76,0.48,5.223,7.539,1.29,18
$GNSS,2024-10-11T18:29:22.400Z,34.7367940,-76.6548577,4069.691,46.18,1.76,0.62,5.208,7.516,1.27,18
$GNSS,2024-10-11T18:29:22.600Z,34.7368758,-76.6548541,4069.510,45.45,1.30,0.57,5.191,7.490,1.27,17
$GNSS,2024-10-11T18:29:22.800Z,34.7369574,-76.6548511,4069.471,45.54,1.14,0.19,5.175,7.467,1.23,16
$GNSS,2024-10-11T18:29:23.000Z,34.7370393,-76.6548487,4069.628,45.65,0.97,0.43,5.160,7.445,1.28,16
$GNSS,2024-10-11T18:29:23.200Z,34.7371219,-76.6548466,4069.948,46.13,0.93,0.34,5.145,7.424,1.24,16
$GNSS,2024-10-11T18:29:23.400Z,34.7372045,-76.6548438,4069.871,46.03,1.13,0.42,5.128,7.402,1.19,16
$GNSS,2024-10-11T18:29:23.600Z,34.7372869,-76.6548412,4069.692,45.88,0.89,0.51,5.112,7.380,1.20,16
$GNSS,2024-10-11T18:29:23.800Z,34.7373687,-76.6548389,4069.548,45.62,0.83,0.38,5.098,7.361,1.20,16
$GNSS,2024-10-11T18:29:24.000Z,34.7374502,-76.6548365,4069.187,45.39,0.80,0.68,5.084,7.348,1.22,17
$GNSS,2024-10-11T18:29:24.200Z,34.7375311,-76.6548335,4068.827,44.98,1.22,0.97,5.073,7.337,1.27,17
$GNSS,2024-10-11T18:29:24.400Z,34.7376123,-76.6548306,4068.801,45.24,1.27,1.19,5.067,7.335,1.45,17
$GNSS,2024-10-11T18:29:24.600Z,34.7376939,-76.6548284,4068.773,45.45,0.92,1.22,5.065,7.334,1.52,17
$GNSS,2024-10-11T18:29:24.800Z,34.7377753,-76.6548260,4068.669,45.34,1.09,1.12,5.064,7.333,1.46,17
$GNSS,2024-10-11T18:29:25.000Z,34.7378577,-76.6548234,4068.629,45.72,1.22,1.25,5.061,7.329,1.43,18
$GNSS,2024-10-11T18:29:25.200Z,34.7379406,-76.6548214,4068.649,46.12,0.93,1.03,5.055,7.325,1.36,18
$GNSS,2024-10-11T18:29:25.400Z,34.7380238,-76.6548189,4068.397,46.23,1.13,1.17,5.047,7.322,1.35,18
$GNSS,2024-10-11T18:29:25.600Z,34.7381067,-76.6548160,4068.204,46.15,1.38,0.81,5.040,7.323,1.41,18
$GNSS,2024-10-11T18:29:25.800Z,34.7381904,-76.6548138,4067.966,46.51,0.77,1.06,5.035,7.324,1.41,18
$GNSS,2024-10-11T18:29:26.000Z,34.7382745,-76.6548113,4067.837,46.77,1.20,0.86,5.031,7.327,1.44,18
$GNSS,2024-10-11T18:29:26.200Z,34.7383583,-76.6548074,4067.463,46.60,1.74,0.84,5.028,7.333,1.41,18
$GNSS,2024-10-11T18:29:26.400Z,34.7384425,-76.6548037,4067.121,46.82,1.44,0.85,5.022,7.334,1.35,18
$GNSS,2024-10-11T18:29:26.600Z,34.7385271,-76.6548019,4067.149,47.07,0.72,0.62,5.017,7.337,1.40,18
$GNSS,2024-10-11T18:29:26.800Z,34.7386105,-76.6548004,4067.151,46.29,0.66,0.54,5.009,7.331,1.34,18
$GNSS,2024-10-11T18:29:27.000Z,34.7386949,-76.6547982,4066.942,46.90,0.88,0.27,5.001,7.325,1.31,18
$GNSS,2024-10-11T18:29:27.200Z,34.7387791,-76.6547953,4066.643,46.80,1.13,0.07,4.991,7.318,1.28,18
$GNSS,2024-10-11T18:29:27.400Z,34.7388627,-76.6547926,4066.357,46.32,1.02,0.40,4.982,7.314,1.28,18
$GNSS,2024-10-11T18:29:27.600Z,34.7389455,-76.6547895,4065.930,45.92,1.19,0.59,4.972,7.308,1.28,18
$GNSS,2024-10-11T18:29:27.800Z,34.7390282,-76.6547867,4065.596,45.83,1.06,0.67,4.965,7.302,1.32,18
$GNSS,2024-10-11T18:29:28.000Z,34.7391100,-76.6547850,4065.354,45.32,0.55,0.66,4.959,7.297,1.31,18
$GNSS,2024-10-11T18:29:28.200Z,34.7391922,-76.6547826,4064.637,45.62,0.84,1.22,4.954,7.297,1.34,18
$GNSS,2024-10-11T18:29:28.400Z,34.7392749,-76.6547802,4064.132,45.84,0.93,1.51,4.953,7.302,1.39,18
$GNSS,2024-10-11T18:29:28.600Z,34.7393574,-76.6547770,4063.735,45.86,1.43,1.17,4.953,7.305,1.35,17
$GNSS,2024-10-11T18:29:28.800Z,34.7394402,-76.6547733,4063.471,45.94,1.65,1.30,4.953,7.311,1.35,17
$GNSS,2024-10-11T18:29:29.000Z,34.7395237,-76.6547692,4062.951,46.38,1.77,1.36,4.953,7.316,1.34,17
$GNSS,2024-10-11T18:29:29.200Z,34.7396070,-76.6547662,4062.731,46.24,1.30,1.31,4.956,7.323,1.40,17
$GNSS,2024-10-11T18:29:29.400Z,34.7396902,-76.6547645,4062.617,46.11,0.72,1.22,4.959,7.327,1.38,17
$GNSS,2024-10-11T18:29:29.600Z,34.7397745,-76.6547621,4062.260,46.89,0.97,1.05,4.963,7.336,1.43,16
$GNSS,2024-10-11T18:29:29.800Z,34.7398580,-76.6547602,4062.122,46.40,0.78,1.03,4.969,7.343,1.43,16
$GNSS,2024-10-11T18:29:30.000Z,34.7399424,-76.6547570,4061.737,46.86,1.34,1.36,4.977,7.351,1.46,16
$GNSS,2024-10-11T18:29:30.200Z,34.7400268,-76.6547532,4061.461,46.88,1.68,1.55,4.985,7.358,1.45,16
$GNSS,2024-10-11T18:29:30.400Z,34.7401113,-76.6547484,4061.081,46.97,2.16,1.55,4.992,7.366,1.43,16
$GNSS,2024-10-11T18:29:30.600Z,34.7401958,-76.6547428,4060.562,46.95,2.52,1.47,4.998,7.373,1.44,17
$GNSS,2024-10-11T18:29:30.800Z,34.7402806,-76.6547382,4059.814,47.22,1.96,1.59,5.003,7.377,1.45,17
$GNSS,2024-10-11T18:29:31.000Z,34.7403648,-76.6547347,4059.393,46.81,1.51,1.43,5.010,7.385,1.50,17
$GNSS,2024-10-11T18:29:31.200Z,34.7404479,-76.6547305,4058.841,46.26,1.78,1.58,5.020,7.395,1.52,16
$GNSS,2024-10-11T18:29:31.400Z,34.7405310,-76.6547253,4058.665,46.26,2.39,1.46,5.032,7.404,1.53,16
$GNSS,2024-10-11T18:29:31.600Z,34.7406141,-76.6547193,4058.460,46.10,2.55,1.69,5.049,7.419,1.62,15
$GNSS,2024-10-11T18:29:31.800Z,34.7406967,-76.6547122,4058.043,45.92,3.10,1.88,5.066,7.443,1.57,15
$GNSS,2024-10-11T18:29:32.000Z,34.7407801,-76.6547047,4057.652,46.40,3.34,1.61,5.084,7.457,1.58,16
$GNSS,2024-10-11T18:29:32.200Z,34.7408650,-76.6546954,4057.370,47.11,4.10,1.46,5.102,7.474,1.63,16
$GNSS,2024-10-11T18:29:32.400Z,34.7409502,-76.6546861,4057.036,47.22,4.08,1.47,5.119,7.486,1.61,17
$GNSS,2024-10-11T18:29:32.600Z,34.7410351,-76.6546783,4056.924,46.99,3.44,1.70,5.133,7.501,1.65,18
$GNSS,2024-10-11T18:29:32.800Z,34.7411196,-76.6546714,4056.853,46.89,3.08,1.57,5.147,7.517,1.63,18
$GNSS,2024-10-11T18:29:33.000Z,34.7412048,-76.6546641,4056.773,47.29,3.28,1.27,5.158,7.525,1.53,18
$GNSS,2024-10-11T18:29:33.200Z,34.7412899,-76.6546551,4056.530,47.33,4.01,1.07,5.165,7.534,1.48,18
$GNSS,2024-10-11T18:29:33.400Z,34.7413755,-76.6546460,4056.511,47.46,4.16,1.08,5.171,7.544,1.47,18
$GNSS,2024-10-11T18:29:33.600Z,34.7414596,-76.6546360,4056.144,46.73,4.46,1.38,5.175,7.554,1.46,18
$GNSS,2024-10-11T18:29:33.800Z,34.7415425,-76.6546255,4055.737,46.09,4.61,1.50,5.180,7.567,1.50,18
$GNSS,2024-10-11T18:29:34.000Z,34.7416258,-76.6546150,4055.411,46.25,4.70,1.56,5.185,7.579,1.51,19
$GNSS,2024-10-11T18:29:34.200Z,34.7417106,-76.6546036,4054.817,47.01,5.03,2.17,5.191,7.586,1.54,20
$GNSS,2024-10-11T18:29:34.400Z,34.7417948,-76.6545911,4054.196,46.77,5.56,2.41,5.198,7.595,1.55,20
$GNSS,2024-10-11T18:29:34.600Z,34.7418802,-76.6545786,4053.787,47.29,5.65,2.59,5.201,7.597,1.47,20
$GNSS,2024-10-11T18:29:34.800Z,34.7419649,-76.6545650,4053.317,47.05,6.14,2.55,5.202,7.598,1.46,20
$GNSS,2024-10-11T18:29:35.000Z,34.7420499,-76.6545504,4052.938,46.99,6.71,2.96,5.203,7.604,1.44,20
$GNSS,2024-10-11T18:29:35.200Z,34.7421350,-76.6545350,4052.629,47.13,7.07,2.76,5.202,7.603,1.43,20
$GNSS,2024-10-11T18:29:35.400Z,34.7422206,-76.6545187,4052.206,47.38,7.46,2.70,5.200,7.603,1.45,20
$GNSS,2024-10-11T18:29:35.600Z,34.7423062,-76.6545010,4051.636,47.33,8.04,2.84,5.197,7.593,1.40,20
$GNSS,2024-10-11T18:29:35.800Z,34.7423930,-76.6544814,4051.054,47.90,9.08,3.24,5.192,7.581,1.39,20
$GNSS,2024-10-11T18:29:36.000Z,34.7424793,-76.6544601,4050.166,47.73,9.56,3.67,5.188,7.568,1.39,20
$GNSS,2024-10-11T18:29:36.200Z,34.7425658,-76.6544385,4049.438,47.85,9.77,3.51,5.181,7.550,1.34,20
$GNSS,2024-10-11T18:29:36.400Z,34.7426536,-76.6544169,4048.709,48.48,9.67,3.72,5.173,7.529,1.33,20
$GNSS,2024-10-11T18:29:36.600Z,34.7427417,-76.6543952,4047.965,48.73,9.75,3.86,5.164,7.506,1.31,20
$GNSS,2024-10-11T18:29:36.800Z,34.7428310,-76.6543720,4047.117,49.45,10.55,3.75,5.153,7.481,1.31,20
$GNSS,2024-10-11T18:29:37.000Z,34.7429211,-76.6543481,4046.291,49.81,10.75,3.88,5.143,7.455,1.28,20
$GNSS,2024-10-11T18:29:37.200Z,34.7430105,-76.6543249,4045.723,49.27,10.53,3.91,5.132,7.429,1.30,20
$GNSS,2024-10-11T18:29:37.400Z,34.7431002,-76.6542993,4044.682,49.72,11.50,4.14,5.123,7.405,1.28,20
$GNSS,2024-10-11T18:29:37.600Z,34.7431898,-76.6542733,4043.883,49.48,11.78,4.26,5.113,7.379,1.27,20
$GNSS,2024-10-11T18:29:37.800Z,34.7432782,-76.6542459,4042.840,48.90,12.27,4.50,5.106,7.358,1.31,20
$GNSS,2024-10-11T18:29:38.000Z,34.7433667,-76.6542173,4041.549,49.05,12.66,4.87,5.101,7.343,1.37,20
$GNSS,2024-10-11T18:29:38.200Z,34.7434555,-76.6541881,4040.389,49.17,13.10,5.16,5.098,7.333,1.38,20
$GNSS,2024-10-11T18:29:38.400Z,34.7435444,-76.6541575,4039.388,49.20,13.98,5.43,5.097,7.324,1.41,20
$GNSS,2024-10-11T18:29:38.600Z,34.7436328,-76.6541256,4038.213,48.86,14.38,5.69,5.095,7.310,1.34,20
$GNSS,2024-10-11T18:29:38.800Z,34.7437218,-76.6540931,4036.828,49.34,14.47,5.88,5.094,7.300,1.39,20
$GNSS,2024-10-11T18:29:39.000Z,34.7438112,-76.6540602,4035.775,49.51,15.09,5.92,5.093,7.289,1.35,20
$GNSS,2024-10-11T18:29:39.200Z,34.7439008,-76.6540270,4034.946,49.52,15.39,5.96,5.093,7.280,1.36,20
$GNSS,2024-10-11T18:29:39.400Z,34.7439888,-76.6539916,4033.793,48.91,16.03,6.03,5.100,7.279,1.42,19
$GNSS,2024-10-11T18:29:39.600Z,34.7440763,-76.6539555,4032.766,48.66,16.48,5.79,5.109,7.276,1.39,18
$GNSS,2024-10-11T18:29:39.800Z,34.7441630,-76.6539178,4031.639,48.31,17.08,5.61,5.118,7.273,1.37,18
$GNSS,2024-10-11T18:29:40.000Z,34.7442486,-76.6538798,4030.605,47.61,17.15,5.57,5.129,7.279,1.44,18
$GNSS,2024-10-11T18:29:40.200Z,34.7443336,-76.6538403,4029.512,47.20,17.95,5.79,5.140,7.285,1.43,18
$GNSS,2024-10-11T18:29:40.400Z,34.7444200,-76.6538012,4028.587,47.96,17.93,5.66,5.153,7.293,1.54,19
$GNSS,2024-10-11T18:29:40.600Z,34.7445084,-76.6537616,4027.525,48.85,18.14,5.89,5.165,7.302,1.53,20
$GNSS,2024-10-11T18:29:40.800Z,34.7445980,-76.6537196,4026.173,49.67,19.12,6.21,5.177,7.309,1.55,20
$GNSS,2024-10-11T18:29:41.000Z,34.7446876,-76.6536753,4024.580,49.82,19.81,6.30,5.183,7.305,1.51,21
$GNSS,2024-10-11T18:29:41.200Z,34.7447774,-76.6536289,4023.228,49.94,21.14,6.13,5.186,7.300,1.44,21
$GNSS,2024-10-11T18:29:41.400Z,34.7448669,-76.6535828,4022.047,49.80,20.77,5.71,5.186,7.292,1.41,21
$GNSS,2024-10-11T18:29:41.600Z,34.7449567,-76.6535344,4020.682,49.96,21.98,5.84,5.180,7.277,1.36,21
$GNSS,2024-10-11T18:29:41.800Z,34.7450461,-76.6534848,4019.603,49.68,22.67,5.72,5.170,7.250,1.29,21
$GNSS,2024-10-11T18:29:42.000Z,34.7451354,-76.6534342,4018.067,49.78,22.61,5.96,5.157,7.216,1.17,21
$GNSS,2024-10-11T18:29:42.200Z,34.7452249,-76.6533840,4016.753,49.92,22.65,5.75,5.142,7.180,1.09,21
$GNSS,2024-10-11T18:29:42.400Z,34.7453150,-76.6533339,4015.628,50.15,22.69,5.84,5.128,7.150,1.11,20
$GNSS,2024-10-11T18:29:42.600Z,34.7454056,-76.6532823,4014.395,50.35,23.58,6.30,5.115,7.119,1.11,20
$GNSS,2024-10-11T18:29:42.800Z,34.7454949,-76.6532290,4013.102,49.72,24.16,6.10,5.101,7.087,1.08,20
$GNSS,2024-10-11T18:29:43.000Z,34.7455852,-76.6531742,4011.844,50.35,25.07,6.15,5.094,7.082,1.41,20
$GNSS,2024-10-11T18:29:43.200Z,34.7456753,-76.6531189,4010.490,50.14,24.90,6.17,5.090,7.082,1.38,20
$GNSS,2024-10-11T18:29:43.400Z,34.7457655,-76.6530633,4009.339,50.05,25.35,6.15,5.087,7.086,1.37,20
$GNSS,2024-10-11T18:29:43.600Z,34.7458547,-76.6530078,4008.284,49.50,25.28,5.86,5.084,7.092,1.38,20
$GNSS,2024-10-11T18:29:43.800Z,34.7459434,-76.6529520,4007.302,49.12,25.44,5.72,5.086,7.099,1.47,20
$GNSS,2024-10-11T18:29:44.000Z,34.7460323,-76.6528951,4006.074,49.36,25.86,5.80,5.090,7.113,1.48,19
$GNSS,2024-10-11T18:29:44.200Z,34.7461211,-76.6528369,4004.605,49.33,26.29,6.14,5.093,7.120,1.48,20
$GNSS,2024-10-11T18:29:44.400Z,34.7462108,-76.6527783,4003.210,49.79,26.55,6.16,5.098,7.127,1.51,20
$GNSS,2024-10-11T18:29:44.600Z,34.7463010,-76.6527190,4001.847,50.05,26.79,6.37,5.105,7.136,1.49,19
$GNSS,2024-10-11T18:29:44.800Z,34.7463899,-76.6526583,4000.523,49.40,27.66,6.40,5.114,7.144,1.48,20
$GNSS,2024-10-11T18:29:45.000Z,34.7464797,-76.6525965,3999.359,49.87,28.12,6.16,5.121,7.146,1.43,20
$GNSS,2024-10-11T18:29:45.200Z,34.7465700,-76.6525342,3998.062,50.09,28.26,6.30,5.128,7.148,1.39,20
$GNSS,2024-10-11T18:29:45.400Z,34.7466587,-76.6524710,3996.921,49.52,28.79,5.82,5.132,7.143,1.37,20
$GNSS,2024-10-11T18:29:45.600Z,34.7467475,-76.6524074,3995.814,49.38,28.92,5.80,5.140,7.144,1.35,19
$GNSS,2024-10-11T18:29:45.800Z,34.7468361,-76.6523433,3994.700,49.38,29.18,5.65,5.147,7.148,1.35,19
$GNSS,2024-10-11T18:29:46.000Z,34.7469242,-76.6522783,3993.514,48.98,29.54,5.57,5.149,7.145,1.35,20
$GNSS,2024-10-11T18:29:46.200Z,34.7470120,-76.6522128,3992.109,48.93,29.38,5.60,5.150,7.143,1.34,20
$GNSS,2024-10-11T18:29:46.400Z,34.7470993,-76.6521463,3990.760,48.57,30.25,5.71,5.152,7.146,1.37,20
$GNSS,2024-10-11T18:29:46.600Z,34.7471867,-76.6520791,3989.719,48.51,30.82,5.56,5.153,7.147,1.37,20
$GNSS,2024-10-11T18:29:46.800Z,34.7472749,-76.6520101,3988.603,48.90,31.70,5.85,5.156,7.148,1.40,20
$GNSS,2024-10-11T18:29:47.000Z,34.7473633,-76.6519404,3987.543,49.02,31.94,5.72,5.158,7.148,1.38,20
$GNSS,2024-10-11T18:29:47.200Z,34.7474512,-76.6518699,3986.417,48.76,32.18,5.74,5.158,7.145,1.33,20
$GNSS,2024-10-11T18:29:47.400Z,34.7475399,-76.6517976,3985.213,49.13,33.20,6.05,5.158,7.149,1.41,20
$GNSS,2024-10-11T18:29:47.600Z,34.7476283,-76.6517241,3983.925,49.00,33.56,6.29,5.160,7.154,1.40,20
$GNSS,2024-10-11T18:29:47.800Z,34.7477165,-76.6516517,3982.850,48.84,33.11,6.26,5.163,7.157,1.42,20
$GNSS,2024-10-11T18:29:48.000Z,34.7478033,-76.6515784,3981.662,48.24,33.58,6.03,5.167,7.158,1.40,20
$GNSS,2024-10-11T18:29:48.200Z,34.7478901,-76.6515047,3980.701,48.11,33.93,5.92,5.172,7.161,1.40,20
$GNSS,2024-10-11T18:29:48.400Z,34.7479790,-76.6514283,3979.464,49.22,35.09,5.97,5.176,7.161,1.39,20
$GNSS,2024-10-11T18:29:48.600Z,34.7480676,-76.6513500,3978.041,49.11,35.59,6.32,5.179,7.162,1.40,20
$GNSS,2024-10-11T18:29:48.800Z,34.7481559,-76.6512704,3976.407,49.05,36.06,6.63,5.181,7.161,1.36,20
$GNSS,2024-10-11T18:29:49.000Z,34.7482442,-76.6511903,3974.942,49.02,36.46,6.65,5.183,7.163,1.33,19
$GNSS,2024-10-11T18:29:49.200Z,34.7483326,-76.6511099,3973.474,49.08,36.47,6.73,5.184,7.165,1.31,19
$GNSS,2024-10-11T18:29:49.400Z,34.7484209,-76.6510287,3972.061,48.89,37.13,7.00,5.184,7.167,1.31,19
$GNSS,2024-10-11T18:29:49.600Z,34.7485076,-76.6509459,3970.523,48.14,37.65,7.04,5.186,7.173,1.34,19
$GNSS,2024-10-11T18:29:49.800Z,34.7485941,-76.6508629,3969.003,48.01,37.69,7.04,5.190,7.180,1.35,19
$GNSS,2024-10-11T18:29:50.000Z,34.7486806,-76.6507791,3967.295,48.07,37.97,7.40,5.193,7.186,1.31,19
$GNSS,2024-10-11T18:29:50.200Z,34.7487668,-76.6506938,3965.608,48.03,38.69,7.18,5.195,7.191,1.29,19
$GNSS,2024-10-11T18:29:50.400Z,34.7488536,-76.6506077,3963.872,48.30,39.01,7.48,5.202,7.202,1.29,18
$GNSS,2024-10-11T18:29:50.600Z,34.7489410,-76.6505211,3962.111,48.64,39.17,7.63,5.208,7.213,1.30,19
$GNSS,2024-10-11T18:29:50.800Z,34.7490282,-76.6504338,3960.266,48.72,39.44,7.91,5.213,7.222,1.31,20
$GNSS,2024-10-11T18:29:51.000Z,34.7491162,-76.6503462,3958.648,48.92,39.99,8.19,5.218,7.233,1.33,20
$GNSS,2024-10-11T18:29:51.200Z,34.7492036,-76.6502582,3956.793,48.67,39.75,8.53,5.218,7.233,1.33,21
$GNSS,2024-10-11T18:29:51.400Z,34.7492900,-76.6501690,3954.918,48.27,40.42,8.46,5.218,7.231,1.34,21
$GNSS,2024-10-11T18:29:51.600Z,34.7493764,-76.6500795,3953.146,48.08,40.65,8.61,5.215,7.221,1.30,21
$GNSS,2024-10-11T18:29:51.800Z,34.7494617,-76.6499880,3951.238,47.56,41.50,8.65,5.211,7.208,1.29,21
$GNSS,2024-10-11T18:29:52.000Z,34.7495465,-76.6498944,3949.118,47.42,42.18,8.66,5.205,7.192,1.27,21
$GNSS,2024-10-11T18:29:52.200Z,34.7496315,-76.6498001,3947.075,47.34,42.55,8.84,5.200,7.177,1.30,21
$GNSS,2024-10-11T18:29:52.400Z,34.7497161,-76.6497061,3945.279,47.19,42.53,8.52,5.193,7.159,1.25,21
$GNSS,2024-10-11T18:29:52.600Z,34.7498011,-76.6496107,3943.160,47.34,42.94,8.72,5.186,7.144,1.27,21
$GNSS,2024-10-11T18:29:52.800Z,34.7498875,-76.6495157,3941.186,48.04,42.95,8.97,5.181,7.126,1.29,20
$GNSS,2024-10-11T18:29:53.000Z,34.7499747,-76.6494199,3939.251,48.53,43.44,8.95,5.177,7.112,1.32,20
$GNSS,2024-10-11T18:29:53.200Z,34.7500605,-76.6493254,3937.785,47.67,43.34,8.84,5.172,7.093,1.27,20
$GNSS,2024-10-11T18:29:53.400Z,34.7501458,-76.6492307,3936.455,47.65,43.48,8.15,5.168,7.074,1.26,20
$GNSS,2024-10-11T18:29:53.600Z,34.7502315,-76.6491347,3934.998,47.72,43.84,7.76,5.166,7.062,1.32,20
$GNSS,2024-10-11T18:29:53.800Z,34.7503165,-76.6490367,3933.301,47.38,44.40,7.59,5.167,7.055,1.33,20
$GNSS,2024-10-11T18:29:54.000Z,34.7504009,-76.6489379,3931.688,46.99,44.83,7.78,5.168,7.049,1.31,20
$GNSS,2024-10-11T18:29:54.200Z,34.7504853,-76.6488394,3930.204,46.99,44.82,7.70,5.171,7.043,1.28,19
$GNSS,2024-10-11T18:29:54.400Z,34.7505696,-76.6487400,3928.549,46.92,45.06,7.77,5.175,7.040,1.28,19
$GNSS,2024-10-11T18:29:54.600Z,34.7506532,-76.6486396,3926.720,46.56,45.39,8.01,5.177,7.040,1.31,19
$GNSS,2024-10-11T18:29:54.800Z,34.7507353,-76.6485384,3924.955,45.88,45.71,7.96,5.180,7.032,1.32,18
$GNSS,2024-10-11T18:29:55.000Z,34.7508184,-76.6484366,3923.232,46.27,46.28,8.11,5.180,7.026,1.32,18
$GNSS,2024-10-11T18:29:55.200Z,34.7509014,-76.6483343,3921.537,46.20,46.54,8.29,5.181,7.018,1.28,18
$GNSS,2024-10-11T18:29:55.400Z,34.7509835,-76.6482310,3919.770,45.86,46.86,8.22,5.184,7.012,1.29,17
$GNSS,2024-10-11T18:29:55.600Z,34.7510654,-76.6481270,3917.979,45.90,47.05,7.78,5.184,7.013,1.41,18
$GNSS,2024-10-11T18:29:55.800Z,34.7511476,-76.6480233,3916.278,46.05,46.88,7.48,5.185,7.016,1.41,18
$GNSS,2024-10-11T18:29:56.000Z,34.7512299,-76.6479207,3914.719,45.95,46.57,7.40,5.187,7.018,1.39,18
$GNSS,2024-10-11T18:29:56.200Z,34.7513115,-76.6478175,3913.074,45.54,46.81,7.43,5.186,7.017,1.32,18
$GNSS,2024-10-11T18:29:56.400Z,34.7513933,-76.6477134,3911.390,45.64,47.23,7.60,5.182,7.015,1.31,19
$GNSS,2024-10-11T18:29:56.600Z,34.7514755,-76.6476083,3909.678,45.87,47.68,7.70,5.177,7.014,1.28,19
$GNSS,2024-10-11T18:29:56.800Z,34.7515579,-76.6475028,3907.978,46.00,47.93,7.71,5.171,7.014,1.30,19
$GNSS,2024-10-11T18:29:57.000Z,34.7516399,-76.6473970,3906.142,45.66,47.94,8.27,5.166,7.017,1.31,19
$GNSS,2024-10-11T18:29:57.200Z,34.7517226,-76.6472911,3904.289,46.13,48.07,8.51,5.160,7.020,1.32,19
$GNSS,2024-10-11T18:29:57.400Z,34.7518054,-76.6471850,3902.482,46.16,48.14,8.31,5.155,7.025,1.34,19
$GNSS,2024-10-11T18:29:57.600Z,34.7518872,-76.6470804,3900.804,45.46,47.58,8.40,5.152,7.036,1.33,18
$GNSS,2024-10-11T18:29:57.800Z,34.7519695,-76.6469761,3899.053,45.76,47.51,8.73,5.149,7.050,1.36,18
$GNSS,2024-10-11T18:29:58.000Z,34.7520515,-76.6468713,3897.240,45.57,47.61,8.76,5.147,7.065,1.37,19
$GNSS,2024-10-11T18:29:58.200Z,34.7521337,-76.6467659,3895.287,45.72,47.73,8.73,5.144,7.075,1.29,19
$GNSS,2024-10-11T18:29:58.400Z,34.7522162,-76.6466606,3893.517,45.83,47.95,8.73,5.139,7.082,1.32,19
$GNSS,2024-10-11T18:29:58.600Z,34.7522980,-76.6465537,3891.522,45.32,48.44,8.96,5.135,7.092,1.31,19
$GNSS,2024-10-11T18:29:58.800Z,34.7523796,-76.6464459,3889.514,45.22,48.87,8.97,5.132,7.100,1.32,19
$GNSS,2024-10-11T18:29:59.000Z,34.7524604,-76.6463373,3887.355,44.79,49.02,9.11,5.130,7.110,1.36,19
$GNSS,2024-10-11T18:29:59.200Z,34.7525415,-76.6462288,3885.231,45.02,48.99,8.83,5.128,7.121,1.34,19
$GNSS,2024-10-11T18:29:59.400Z,34.7526232,-76.6461213,3883.169,45.24,48.58,8.75,5.129,7.133,1.37,18
$GNSS,2024-10-11T18:29:59.600Z,34.7527062,-76.6460151,3881.094,46.04,48.07,8.90,5.130,7.145,1.37,18
$GNSS,2024-10-11T18:29:59.800Z,34.7527889,-76.6459093,3879.186,45.83,48.09,8.83,5.131,7.158,1.36,18
$GNSS,2024-10-11T18:30:00.000Z,34.7528719,-76.6458034,3877.284,45.98,48.06,8.54,5.130,7.170,1.35,18
$GNSS,2024-10-11T18:30:00.200Z,34.7529547,-76.6456970,3875.622,45.95,48.56,8.61,5.130,7.183,1.37,18
$GNSS,2024-10-11T18:30:00.400Z,34.7530380,-76.6455901,3873.860,46.20,48.78,8.71,5.134,7.202,1.43,16
$GNSS,2024-10-11T18:30:00.600Z,34.7531224,-76.6454830,3872.195,46.63,48.72,8.41,5.135,7.222,1.33,16
$GNSS,2024-10-11T18:30:00.800Z,34.7532066,-76.6453759,3870.323,46.43,48.61,8.55,5.138,7.245,1.31,16
$GNSS,2024-10-11T18:30:01.000Z,34.7532895,-76.6452680,3868.460,45.74,48.92,8.68,5.139,7.263,1.29,17
$GNSS,2024-10-11T18:30:01.200Z,34.7533727,-76.6451598,3866.423,45.88,49.02,8.68,5.140,7.283,1.28,17
$GNSS,2024-10-11T18:30:01.400Z,34.7534564,-76.6450503,3864.432,46.29,49.71,8.97,5.145,7.306,1.37,16
$GNSS,2024-10-11T18:30:01.600Z,34.7535403,-76.6449420,3862.461,46.33,49.15,9.18,5.152,7.329,1.41,17
$GNSS,2024-10-11T18:30:01.800Z,34.7536238,-76.6448349,3860.531,46.13,48.67,9.05,5.163,7.352,1.44,16
$GNSS,2024-10-11T18:30:02.000Z,34.7537074,-76.6447278,3858.611,46.30,48.68,8.74,5.175,7.375,1.43,16
$GNSS,2024-10-11T18:30:02.200Z,34.7537912,-76.6446206,3856.557,46.29,48.68,9.00,5.186,7.394,1.38,16
$GNSS,2024-10-11T18:30:02.400Z,34.7538751,-76.6445136,3854.562,46.50,48.61,9.48,5.195,7.412,1.36,16
$GNSS,2024-10-11T18:30:02.600Z,34.7539586,-76.6444057,3852.614,46.36,48.99,9.70,5.201,7.426,1.32,17
$GNSS,2024-10-11T18:30:02.800Z,34.7540426,-76.6442987,3850.876,46.67,48.72,9.40,5.207,7.438,1.31,16
$GNSS,2024-10-11T18:30:03.000Z,34.7541275,-76.6441908,3849.032,47.14,49.12,8.99,5.210,7.449,1.31,17
$GNSS,2024-10-11T18:30:03.200Z,34.7542131,-76.6440823,3846.884,47.30,49.30,9.26,5.213,7.457,1.36,18
$GNSS,2024-10-11T18:30:03.400Z,34.7542990,-76.6439723,3844.472,47.40,49.99,9.39,5.217,7.473,1.43,17
$GNSS,2024-10-11T18:30:03.600Z,34.7543843,-76.6438638,3842.208,47.19,49.30,9.28,5.223,7.489,1.46,18
$GNSS,2024-10-11T18:30:03.800Z,34.7544691,-76.6437555,3839.835,46.88,49.14,9.51,5.229,7.501,1.47,17
$GNSS,2024-10-11T18:30:04.000Z,34.7545543,-76.6436477,3837.524,47.15,48.88,9.85,5.229,7.504,1.34,18
$GNSS,2024-10-11T18:30:04.200Z,34.7546393,-76.6435380,3835.192,47.13,49.80,10.15,5.228,7.503,1.31,18
$GNSS,2024-10-11T18:30:04.400Z,34.7547229,-76.6434283,3833.057,46.40,49.82,10.00,5.227,7.510,1.38,18
$GNSS,2024-10-11T18:30:04.600Z,34.7548065,-76.6433190,3830.849,46.42,49.58,9.98,5.226,7.512,1.37,18
$GNSS,2024-10-11T18:30:04.800Z,34.7548902,-76.6432084,3828.815,46.55,50.40,10.15,5.226,7.516,1.43,18
$GNSS,2024-10-11T18:30:05.000Z,34.7549743,-76.6430981,3826.784,46.77,50.21,10.40,5.227,7.518,1.43,18
$GNSS,2024-10-11T18:30:05.200Z,34.7550588,-76.6429882,3824.671,46.98,49.98,10.50,5.230,7.524,1.46,18
$GNSS,2024-10-11T18:30:05.400Z,34.7551440,-76.6428780,3822.406,47.20,50.12,10.32,5.233,7.526,1.41,18
$GNSS,2024-10-11T18:30:05.600Z,34.7552296,-76.6427673,3820.259,47.43,50.42,10.10,5.237,7.530,1.40,18
$GNSS,2024-10-11T18:30:05.800Z,34.7553152,-76.6426559,3818.237,47.49,50.81,10.03,5.240,7.535,1.41,18
$GNSS,2024-10-11T18:30:06.000Z,34.7554004,-76.6425445,3816.353,47.38,50.82,9.71,5.244,7.541,1.44,18
$GNSS,2024-10-11T18:30:06.200Z,34.7554854,-76.6424313,3814.353,47.07,51.71,10.11,5.252,7.550,1.53,18
$GNSS,2024-10-11T18:30:06.400Z,34.7555703,-76.6423168,3812.252,47.01,52.22,10.12,5.260,7.555,1.51,18
$GNSS,2024-10-11T18:30:06.600Z,34.7556534,-76.6422028,3810.371,46.12,52.04,9.78,5.267,7.558,1.46,18
$GNSS,2024-10-11T18:30:06.800Z,34.7557359,-76.6420873,3808.357,45.70,52.64,9.67,5.272,7.561,1.42,18
$GNSS,2024-10-11T18:30:07.000Z,34.7558175,-76.6419722,3806.594,45.29,52.60,9.47,5.278,7.567,1.42,18
$GNSS,2024-10-11T18:30:07.200Z,34.7558995,-76.6418560,3804.620,45.36,52.95,9.46,5.284,7.579,1.44,18
$GNSS,2024-10-11T18:30:07.400Z,34.7559824,-76.6417400,3802.555,45.82,52.69,9.19,5.291,7.597,1.42,16
$GNSS,2024-10-11T18:30:07.600Z,34.7560668,-76.6416238,3800.501,46.60,52.72,9.34,5.290,7.607,1.36,19
$GNSS,2024-10-11T18:30:07.800Z,34.7561503,-76.6415063,3798.256,46.13,53.29,9.40,5.289,7.618,1.34,18
$GNSS,2024-10-11T18:30:08.000Z,34.7562329,-76.6413882,3796.030,45.52,53.53,9.66,5.285,7.624,1.31,18
$GNSS,2024-10-11T18:30:08.200Z,34.7563152,-76.6412693,3793.614,45.43,53.78,9.69,5.277,7.626,1.29,19
$GNSS,2024-10-11T18:30:08.400Z,34.7563977,-76.6411505,3791.313,45.49,53.76,9.75,5.265,7.607,1.25,20
$GNSS,2024-10-11T18:30:08.600Z,34.7564784,-76.6410307,3788.789,44.41,54.39,10.18,5.257,7.589,1.29,18
$GNSS,2024-10-11T18:30:08.800Z,34.7565586,-76.6409101,3786.515,44.29,54.90,10.18,5.249,7.567,1.29,17
$GNSS,2024-10-11T18:30:09.000Z,34.7566379,-76.6407887,3784.187,43.87,55.10,10.16,5.239,7.545,1.27,18
$GNSS,2024-10-11T18:30:09.200Z,34.7567170,-76.6406672,3781.858,43.77,55.13,10.20,5.228,7.519,1.25,19
$GNSS,2024-10-11T18:30:09.400Z,34.7567959,-76.6405445,3779.469,43.65,55.74,10.30,5.217,7.490,1.25,19
$GNSS,2024-10-11T18:30:09.600Z,34.7568741,-76.6404205,3777.120,43.36,56.39,10.20,5.205,7.461,1.23,19
$GNSS,2024-10-11T18:30:09.800Z,34.7569524,-76.6402956,3774.875,43.38,56.72,10.28,5.194,7.433,1.23,20
$GNSS,2024-10-11T18:30:10.000Z,34.7570310,-76.6401699,3772.541,43.59,57.11,10.48,5.184,7.409,1.27,20
$GNSS,2024-10-11T18:30:10.200Z,34.7571080,-76.6400441,3770.291,42.75,57.15,10.53,5.175,7.390,1.33,20
$GNSS,2024-10-11T18:30:10.400Z,34.7571836,-76.6399174,3767.943,42.02,57.61,10.52,5.167,7.370,1.28,20
$GNSS,2024-10-11T18:30:10.600Z,34.7572587,-76.6397894,3765.577,41.83,58.08,10.41,5.159,7.346,1.21,20
$GNSS,2024-10-11T18:30:10.800Z,34.7573340,-76.6396599,3763.252,41.88,58.81,10.37,5.153,7.329,1.19,18
$GNSS,2024-10-11T18:30:11.000Z,34.7574083,-76.6395304,3761.043,41.29,58.79,10.29,5.146,7.311,1.19,18
$GNSS,2024-10-11T18:30:11.200Z,34.7574823,-76.6394002,3758.669,41.21,58.95,10.29,5.140,7.298,1.18,18
$GNSS,2024-10-11T18:30:11.400Z,34.7575556,-76.6392700,3756.507,40.68,59.23,10.45,5.137,7.291,1.30,18
$GNSS,2024-10-11T18:30:11.600Z,34.7576289,-76.6391399,3754.737,40.62,59.46,9.92,5.138,7.292,1.37,17
$GNSS,2024-10-11T18:30:11.800Z,34.7577016,-76.6390098,3753.235,40.28,59.56,9.10,5.142,7.292,1.30,16
$GNSS,2024-10-11T18:30:12.000Z,34.7577731,-76.6388786,3751.338,39.80,59.52,8.97,5.144,7.291,1.35,17
$GNSS,2024-10-11T18:30:12.200Z,34.7578443,-76.6387456,3749.340,39.68,60.31,8.68,5.147,7.294,1.43,17
$GNSS,2024-10-11T18:30:12.400Z,34.7579159,-76.6386110,3747.314,39.91,60.91,8.57,5.151,7.291,1.40,17
$GNSS,2024-10-11T18:30:12.600Z,34.7579864,-76.6384767,3745.575,39.27,61.01,8.25,5.155,7.292,1.42,17
$GNSS,2024-10-11T18:30:12.800Z,34.7580555,-76.6383418,3744.047,38.48,61.54,7.99,5.164,7.298,1.47,14
$GNSS,2024-10-11T18:30:13.000Z,34.7581238,-76.6382062,3742.329,38.14,61.47,7.84,5.173,7.300,1.49,14
$GNSS,2024-10-11T18:30:13.200Z,34.7581927,-76.6380698,3740.405,38.40,61.69,8.07,5.184,7.305,1.47,14
$GNSS,2024-10-11T18:30:13.400Z,34.7582616,-76.6379332,3738.645,38.38,62.04,8.09,5.194,7.310,1.45,14
$GNSS,2024-10-11T18:30:13.600Z,34.7583300,-76.6377957,3737.073,38.03,62.60,7.72,5.205,7.318,1.50,14
$GNSS,2024-10-11T18:30:13.800Z,34.7583978,-76.6376577,3735.383,37.71,62.67,7.83,5.220,7.325,1.53,14
$GNSS,2024-10-11T18:30:14.000Z,34.7584650,-76.6375197,3733.961,37.45,63.04,7.58,5.234,7.330,1.49,15
$GNSS,2024-10-11T18:30:14.200Z,34.7585324,-76.6373802,3732.300,37.52,63.46,7.55,5.250,7.332,1.51,16
$GNSS,2024-10-11T18:30:14.400Z,34.7585998,-76.6372402,3730.732,37.49,63.79,7.48,5.267,7.340,1.53,16
$GNSS,2024-10-11T18:30:14.600Z,34.7586662,-76.6371000,3729.028,37.10,63.71,7.37,5.283,7.345,1.49,16
$GNSS,2024-10-11T18:30:14.800Z,34.7587314,-76.6369602,3727.447,36.34,63.63,7.25,5.295,7.348,1.42,15
$GNSS,2024-10-11T18:30:15.000Z,34.7587958,-76.6368175,3725.870,35.79,65.06,7.71,5.302,7.344,1.38,16
$GNSS,2024-10-11T18:30:15.200Z,34.7588608,-76.6366752,3724.310,36.11,64.84,7.93,5.307,7.337,1.32,16
$GNSS,2024-10-11T18:30:15.400Z,34.7589251,-76.6365329,3722.520,35.75,64.65,8.13,5.310,7.328,1.32,16
$GNSS,2024-10-11T18:30:15.600Z,34.7589888,-76.6363897,3720.719,35.57,65.12,7.90,5.311,7.316,1.32,16
$GNSS,2024-10-11T18:30:15.800Z,34.7590521,-76.6362463,3719.158,35.30,65.41,7.70,5.312,7.304,1.31,16
$GNSS,2024-10-11T18:30:16.000Z,34.7591138,-76.6361019,3717.478,34.45,65.68,7.62,5.310,7.285,1.21,16
$GNSS,2024-10-11T18:30:16.200Z,34.7591748,-76.6359564,3715.827,34.04,66.24,7.54,5.305,7.260,1.12,16
$GNSS,2024-10-11T18:30:16.400Z,34.7592353,-76.6358108,3714.448,33.64,66.47,7.44,5.296,7.232,1.07,16
$GNSS,2024-10-11T18:30:16.600Z,34.7592947,-76.6356637,3712.582,33.12,66.70,7.49,5.284,7.202,1.06,16
$GNSS,2024-10-11T18:30:16.800Z,34.7593529,-76.6355156,3710.650,32.55,67.13,7.29,5.272,7.173,1.06,16
$GNSS,2024-10-11T18:30:17.000Z,34.7594111,-76.6353683,3708.870,32.52,66.80,7.31,5.259,7.144,1.07,16
$GNSS,2024-10-11T18:30:17.200Z,34.7594688,-76.6352210,3706.875,32.21,66.74,7.75,5.248,7.121,1.11,16
$GNSS,2024-10-11T18:30:17.400Z,34.7595259,-76.6350746,3704.963,32.04,66.39,7.43,5.238,7.099,1.14,16
$GNSS,2024-10-11T18:30:17.600Z,34.7595831,-76.6349275,3703.246,32.05,66.98,7.20,5.229,7.079,1.17,16
$GNSS,2024-10-11T18:30:17.800Z,34.7596406,-76.6347799,3701.526,31.98,67.13,7.37,5.219,7.059,1.17,17
$GNSS,2024-10-11T18:30:18.000Z,34.7596975,-76.6346324,3699.874,31.63,67.23,7.08,5.209,7.042,1.18,17
$GNSS,2024-10-11T18:30:18.200Z,34.7597539,-76.6344844,3698.411,31.26,67.47,7.12,5.199,7.024,1.14,17
$GNSS,2024-10-11T18:30:18.400Z,34.7598100,-76.6343359,3696.909,31.09,67.75,7.18,5.190,7.009,1.14,17
$GNSS,2024-10-11T18:30:18.600Z,34.7598651,-76.6341862,3695.290,30.52,68.18,7.36,5.181,6.994,1.15,17
$GNSS,2024-10-11T18:30:18.800Z,34.7599189,-76.6340359,3693.646,29.84,68.42,7.34,5.172,6.981,1.16,16
$GNSS,2024-10-11T18:30:19.000Z,34.7599723,-76.6338843,3692.086,29.50,69.02,7.58,5.166,6.972,1.26,16
$GNSS,2024-10-11T18:30:19.200Z,34.7600254,-76.6337325,3690.471,29.38,69.12,7.64,5.162,6.964,1.27,16
$GNSS,2024-10-11T18:30:19.400Z,34.7600769,-76.6335800,3688.693,28.48,69.39,7.55,5.159,6.954,1.20,17
$GNSS,2024-10-11T18:30:19.600Z,34.7601288,-76.6334283,3686.855,28.77,69.05,7.63,5.154,6.942,1.15,17
$GNSS,2024-10-11T18:30:19.800Z,34.7601805,-76.6332750,3684.896,28.57,69.62,8.24,5.152,6.931,1.13,16
$GNSS,2024-10-11T18:30:20.000Z,34.7602326,-76.6331224,3683.059,28.75,69.39,8.48,5.155,6.921,1.13,16
$GNSS,2024-10-11T18:30:20.200Z,34.7602846,-76.6329701,3681.307,28.80,69.38,8.28,5.153,6.908,1.12,16
$GNSS,2024-10-11T18:30:20.400Z,34.7603365,-76.6328176,3679.680,28.62,69.44,8.06,5.149,6.893,1.11,16
$GNSS,2024-10-11T18:30:20.600Z,34.7603878,-76.6326648,3678.070,28.32,69.53,7.83,5.143,6.881,1.11,16
$GNSS,2024-10-11T18:30:20.800Z,34.7604394,-76.6325123,3676.532,28.42,69.30,7.79,5.139,6.869,1.13,15
$GNSS,2024-10-11T18:30:21.000Z,34.7604894,-76.6323593,3674.757,27.81,69.53,7.69,5.135,6.858,1.13,16
$GNSS,2024-10-11T18:30:21.200Z,34.7605379,-76.6322038,3672.904,27.13,70.25,7.87,5.122,6.835,1.08,18
$GNSS,2024-10-11T18:30:21.400Z,34.7605860,-76.6320478,3671.209,26.93,70.68,7.64,5.106,6.810,1.10,18
$GNSS,2024-10-11T18:30:21.600Z,34.7606339,-76.6318917,3669.268,26.86,70.48,8.04,5.089,6.786,1.10,18
$GNSS,2024-10-11T18:30:21.800Z,34.7606810,-76.6317356,3667.397,26.40,70.77,7.82,5.073,6.762,1.08,18
$GNSS,2024-10-11T18:30:22.000Z,34.7607280,-76.6315793,3665.748,26.26,70.80,7.68,5.057,6.741,1.10,18
$GNSS,2024-10-11T18:30:22.200Z,34.7607743,-76.6314233,3663.920,26.14,70.74,7.54,5.042,6.722,1.13,19
$GNSS,2024-10-11T18:30:22.400Z,34.7608203,-76.6312669,3662.083,26.00,70.89,7.58,5.028,6.702,1.12,19
$GNSS,2024-10-11T18:30:22.600Z,34.7608660,-76.6311095,3660.464,25.66,71.30,7.44,5.014,6.684,1.12,19
$GNSS,2024-10-11T18:30:22.800Z,34.7609120,-76.6309519,3658.830,25.77,71.31,7.61,5.000,6.666,1.08,19
$GNSS,2024-10-11T18:30:23.000Z,34.7609572,-76.6307948,3657.112,25.30,71.15,7.68,4.985,6.648,1.07,19
$GNSS,2024-10-11T18:30:23.200Z,34.7610018,-76.6306379,3655.484,24.97,71.11,7.43,4.969,6.628,1.05,19
$GNSS,2024-10-11T18:30:23.400Z,34.7610454,-76.6304808,3653.721,24.41,71.38,7.39,4.954,6.608,1.03,19
$GNSS,2024-10-11T18:30:23.600Z,34.7610885,-76.6303231,3651.791,24.26,71.74,7.62,4.936,6.585,1.00,20
$GNSS,2024-10-11T18:30:23.800Z,34.7611311,-76.6301663,3650.056,23.75,71.07,7.70,4.923,6.570,1.16,19
$GNSS,2024-10-11T18:30:24.000Z,34.7611740,-76.6300104,3648.375,23.97,70.87,7.66,4.912,6.554,1.14,19
$GNSS,2024-10-11T18:30:24.200Z,34.7612161,-76.6298543,3646.560,23.68,71.00,7.64,4.898,6.541,1.11,19
$GNSS,2024-10-11T18:30:24.400Z,34.7612582,-76.6296986,3644.945,23.54,70.76,7.51,4.884,6.530,1.11,19
$GNSS,2024-10-11T18:30:24.600Z,34.7612997,-76.6295436,3643.415,23.22,70.51,7.26,4.874,6.517,1.12,19
$GNSS,2024-10-11T18:30:24.800Z,34.7613415,-76.6293888,3641.895,23.24,70.34,7.44,4.861,6.502,1.05,20
$GNSS,2024-10-11T18:30:25.000Z,34.7613838,-76.6292326,3640.567,23.55,71.49,7.19,4.847,6.490,1.12,20
$GNSS,2024-10-11T18:30:25.200Z,34.7614263,-76.6290749,3638.963,23.58,71.93,7.66,4.836,6.482,1.20,20
$GNSS,2024-10-11T18:30:25.400Z,34.7614680,-76.6289174,3637.411,23.26,71.71,7.45,4.828,6.476,1.24,20
$GNSS,2024-10-11T18:30:25.600Z,34.7615103,-76.6287590,3636.018,23.62,72.32,7.06,4.820,6.467,1.22,20
$GNSS,2024-10-11T18:30:25.800Z,34.7615520,-76.6286004,3634.656,23.13,72.36,7.05,4.812,6.461,1.20,20
$GNSS,2024-10-11T18:30:26.000Z,34.7615937,-76.6284423,3633.183,23.26,71.98,6.94,4.804,6.454,1.23,20
$GNSS,2024-10-11T18:30:26.200Z,34.7616342,-76.6282841,3631.569,22.51,72.23,7.08,4.797,6.447,1.23,21
$GNSS,2024-10-11T18:30:26.400Z,34.7616748,-76.6281251,3629.899,22.67,72.54,7.27,4.791,6.440,1.19,21
$GNSS,2024-10-11T18:30:26.600Z,34.7617146,-76.6279668,3628.583,22.15,72.32,7.01,4.786,6.435,1.19,21
$GNSS,2024-10-11T18:30:26.800Z,34.7617539,-76.6278095,3627.270,21.86,71.72,7.10,4.782,6.431,1.20,21
$GNSS,2024-10-11T18:30:27.000Z,34.7617930,-76.6276516,3625.608,21.83,71.86,7.23,4.777,6.427,1.21,22
$GNSS,2024-10-11T18:30:27.200Z,34.7618326,-76.6274927,3623.923,22.14,72.43,7.28,4.774,6.423,1.18,22
$GNSS,2024-10-11T18:30:27.400Z,34.7618719,-76.6273341,3622.308,21.95,72.12,7.34,4.770,6.419,1.21,22
$GNSS,2024-10-11T18:30:27.600Z,34.7619109,-76.6271753,3620.570,21.96,72.26,7.37,4.770,6.416,1.23,21
$GNSS,2024-10-11T18:30:27.800Z,34.7619494,-76.6270176,3618.933,21.58,71.64,7.58,4.769,6.413,1.22,21
$GNSS,2024-10-11T18:30:28.000Z,34.7619875,-76.6268588,3617.112,21.29,72.35,7.91,4.771,6.415,1.29,20
$GNSS,2024-10-11T18:30:28.200Z,34.7620253,-76.6266985,3615.233,21.40,73.05,7.64,4.775,6.416,1.30,19
$GNSS,2024-10-11T18:30:28.400Z,34.7620632,-76.6265378,3613.267,21.53,73.10,7.60,4.780,6.418,1.30,19
$GNSS,2024-10-11T18:30:28.600Z,34.7621012,-76.6263767,3611.344,21.41,73.32,7.71,4.786,6.421,1.32,19
$GNSS,2024-10-11T18:30:28.800Z,34.7621383,-76.6262162,3609.437,21.00,73.00,7.87,4.794,6.426,1.40,19
$GNSS,2024-10-11T18:30:29.000Z,34.7621751,-76.6260561,3607.712,20.77,73.03,7.65,4.803,6.431,1.40,19
$GNSS,2024-10-11T18:30:29.200Z,34.7622119,-76.6258958,3605.956,20.79,73.03,7.61,4.814,6.436,1.41,19
$GNSS,2024-10-11T18:30:29.400Z,34.7622480,-76.6257356,3604.075,20.44,72.92,7.80,4.825,6.437,1.34,18
$GNSS,2024-10-11T18:30:29.600Z,34.7622846,-76.6255765,3602.288,20.69,72.27,7.94,4.831,6.438,1.33,19
$GNSS,2024-10-11T18:30:29.800Z,34.7623211,-76.6254167,3600.516,20.66,72.89,7.74,4.835,6.436,1.28,19
$GNSS,2024-10-11T18:30:30.000Z,34.7623572,-76.6252559,3598.795,20.53,73.37,7.37,4.840,6.436,1.31,18
$GNSS,2024-10-11T18:30:30.200Z,34.7623938,-76.6250937,3597.030,20.65,73.95,7.43,4.844,6.436,1.32,17
$GNSS,2024-10-11T18:30:30.400Z,34.7624291,-76.6249328,3595.235,19.85,73.13,7.98,4.848,6.437,1.36,18
$GNSS,2024-10-11T18:30:30.600Z,34.7624636,-76.6247727,3593.472,19.59,72.94,7.98,4.851,6.434,1.30,19
$GNSS,2024-10-11T18:30:30.800Z,34.7624986,-76.6246120,3591.483,19.81,73.20,8.14,4.855,6.431,1.32,18
$GNSS,2024-10-11T18:30:31.000Z,34.7625347,-76.6244511,3589.460,20.46,73.21,8.39,4.860,6.429,1.33,18
$GNSS,2024-10-11T18:30:31.200Z,34.7625710,-76.6242906,3587.426,20.58,73.15,8.57,4.865,6.426,1.31,18
$GNSS,2024-10-11T18:30:31.400Z,34.7626060,-76.6241307,3585.565,19.81,73.01,8.46,4.871,6.422,1.31,18
$GNSS,2024-10-11T18:30:31.600Z,34.7626404,-76.6239712,3583.662,19.57,72.75,8.34,4.877,6.419,1.34,18
$GNSS,2024-10-11T18:30:31.800Z,34.7626740,-76.6238117,3581.752,18.89,72.74,8.64,4.879,6.416,1.31,19
$GNSS,2024-10-11T18:30:32.000Z,34.7627079,-76.6236523,3580.106,19.30,72.80,8.18,4.878,6.414,1.29,20
$GNSS,2024-10-11T18:30:32.200Z,34.7627424,-76.6234921,3578.521,19.55,73.23,7.97,4.876,6.410,1.29,19
$GNSS,2024-10-11T18:30:32.400Z,34.7627773,-76.6233317,3576.745,19.73,73.18,7.99,4.874,6.408,1.30,20
$GNSS,2024-10-11T18:30:32.600Z,34.7628127,-76.6231710,3574.844,19.92,73.30,8.24,4.873,6.407,1.31,20
$GNSS,2024-10-11T18:30:32.800Z,34.7628482,-76.6230102,3573.007,20.05,73.50,8.24,4.873,6.406,1.31,19
$GNSS,2024-10-11T18:30:33.000Z,34.7628832,-76.6228488,3571.357,19.76,73.82,8.05,4.875,6.406,1.32,19
$GNSS,2024-10-11T18:30:33.200Z,34.7629180,-76.6226879,3569.566,19.70,73.43,7.93,4.878,6.407,1.33,19
$GNSS,2024-10-11T18:30:33.400Z,34.7629530,-76.6225264,3567.880,19.80,73.90,7.61,4.882,6.411,1.34,19
$GNSS,2024-10-11T18:30:33.600Z,34.7629875,-76.6223656,3566.121,19.51,73.35,7.61,4.886,6.416,1.35,19
$GNSS,2024-10-11T18:30:33.800Z,34.7630225,-76.6222043,3564.340,19.60,73.79,7.61,4.893,6.426,1.37,18
$GNSS,2024-10-11T18:30:34.000Z,34.7630583,-76.6220423,3562.552,20.08,74.00,7.84,4.901,6.437,1.37,18
$GNSS,2024-10-11T18:30:34.200Z,34.7630944,-76.6218810,3560.801,20.21,73.65,8.20,4.910,6.450,1.45,18
$GNSS,2024-10-11T18:30:34.400Z,34.7631309,-76.6217203,3559.026,20.53,73.43,8.26,4.919,6.462,1.39,18
$GNSS,2024-10-11T18:30:34.600Z,34.7631671,-76.6215599,3557.116,20.36,73.28,8.20,4.928,6.476,1.41,18
$GNSS,2024-10-11T18:30:34.800Z,34.7632025,-76.6214003,3555.011,19.90,72.93,8.28,4.939,6.490,1.41,18
$GNSS,2024-10-11T18:30:35.000Z,34.7632374,-76.6212414,3553.058,19.72,72.65,8.11,4.951,6.509,1.46,17
$GNSS,2024-10-11T18:30:35.200Z,34.7632710,-76.6210847,3551.259,19.11,71.63,7.73,4.961,6.521,1.45,17
$GNSS,2024-10-11T18:30:35.400Z,34.7633055,-76.6209258,3549.207,19.38,72.43,8.00,4.975,6.534,1.51,16
$GNSS,2024-10-11T18:30:35.600Z,34.7633388,-76.6207675,3547.433,18.90,72.30,7.87,4.988,6.549,1.49,16
$GNSS,2024-10-11T18:30:35.800Z,34.7633711,-76.6206092,3545.708,18.20,72.24,7.96,4.999,6.561,1.44,16
$GNSS,2024-10-11T18:30:36.000Z,34.7634039,-76.6204506,3544.027,18.52,72.30,8.26,5.007,6.576,1.39,17
$GNSS,2024-10-11T18:30:36.200Z,34.7634358,-76.6202907,3542.443,18.36,72.92,8.30,5.012,6.591,1.39,18
$GNSS,2024-10-11T18:30:36.400Z,34.7634671,-76.6201302,3540.678,18.07,73.19,8.14,5.018,6.612,1.44,18
$GNSS,2024-10-11T18:30:36.600Z,34.7634984,-76.6199692,3538.856,17.97,73.40,8.15,5.022,6.630,1.42,18
$GNSS,2024-10-11T18:30:36.800Z,34.7635299,-76.6198081,3537.054,18.12,73.40,8.26,5.027,6.648,1.41,18
$GNSS,2024-10-11T18:30:37.000Z,34.7635622,-76.6196463,3535.189,18.56,73.69,8.16,5.032,6.668,1.41,18
$GNSS,2024-10-11T18:30:37.200Z,34.7635964,-76.6194833,3533.172,19.57,74.07,8.30,5.035,6.680,1.33,18
$GNSS,2024-10-11T18:30:37.400Z,34.7636307,-76.6193210,3530.949,19.60,73.80,8.61,5.036,6.691,1.30,18
$GNSS,2024-10-11T18:30:37.600Z,34.7636636,-76.6191592,3529.105,18.92,73.66,8.80,5.042,6.717,1.41,17
$GNSS,2024-10-11T18:30:37.800Z,34.7636951,-76.6189980,3527.325,18.24,73.52,8.61,5.052,6.744,1.42,17
$GNSS,2024-10-11T18:30:38.000Z,34.7637271,-76.6188357,3525.693,18.53,74.02,8.23,5.062,6.771,1.43,17
$GNSS,2024-10-11T18:30:38.200Z,34.7637584,-76.6186731,3524.227,18.11,74.20,8.42,5.067,6.788,1.32,17
$GNSS,2024-10-11T18:30:38.400Z,34.7637905,-76.6185107,3522.402,18.51,73.92,8.69,5.072,6.807,1.38,17
$GNSS,2024-10-11T18:30:38.600Z,34.7638214,-76.6183483,3520.826,18.04,74.10,8.49,5.076,6.826,1.37,17
$GNSS,2024-10-11T18:30:38.800Z,34.7638523,-76.6181853,3518.862,17.87,74.25,8.51,5.077,6.838,1.33,18
$GNSS,2024-10-11T18:30:39.000Z,34.7638824,-76.6180223,3517.045,17.42,74.34,8.39,5.076,6.852,1.35,18
$GNSS,2024-10-11T18:30:39.200Z,34.7639127,-76.6178590,3515.102,17.56,74.39,8.31,5.074,6.863,1.33,18
$GNSS,2024-10-11T18:30:39.400Z,34.7639431,-76.6176955,3513.109,17.58,74.46,8.53,5.069,6.870,1.27,18
$GNSS,2024-10-11T18:30:39.600Z,34.7639735,-76.6175321,3511.052,17.54,74.43,8.61,5.063,6.877,1.28,18
$GNSS,2024-10-11T18:30:39.800Z,34.7640041,-76.6173690,3509.017,17.72,74.26,8.76,5.057,6.886,1.29,18
$GNSS,2024-10-11T18:30:40.000Z,34.7640352,-76.6172062,3507.096,17.96,74.18,8.83,5.051,6.895,1.29,18
$GNSS,2024-10-11T18:30:40.200Z,34.7640666,-76.6170433,3505.072,18.03,74.20,9.03,5.045,6.903,1.29,18
$GNSS,2024-10-11T18:30:40.400Z,34.7640975,-76.6168810,3503.013,17.76,73.87,9.17,5.040,6.911,1.30,18
$GNSS,2024-10-11T18:30:40.600Z,34.7641281,-76.6167194,3500.927,17.50,73.64,9.43,5.034,6.920,1.32,18
$GNSS,2024-10-11T18:30:40.800Z,34.7641588,-76.6165579,3498.578,17.72,73.56,9.40,5.028,6.928,1.30,19
$GNSS,2024-10-11T18:30:41.000Z,34.7641898,-76.6163970,3496.403,17.80,73.27,9.47,5.021,6.927,1.29,20
$GNSS,2024-10-11T18:30:41.200Z,34.7642211,-76.6162353,3493.995,17.91,73.65,9.72,5.016,6.932,1.37,20
$GNSS,2024-10-11T18:30:41.400Z,34.7642520,-76.6160729,3491.596,17.64,73.80,9.96,5.012,6.937,1.34,21
$GNSS,2024-10-11T18:30:41.600Z,34.7642829,-76.6159105,3489.132,17.60,73.82,10.20,5.007,6.939,1.30,20
$GNSS,2024-10-11T18:30:41.800Z,34.7643149,-76.6157482,3486.546,18.33,73.75,10.44,5.002,6.941,1.31,20
$GNSS,2024-10-11T18:30:42.000Z,34.7643473,-76.6155862,3483.999,18.43,73.61,10.57,4.996,6.940,1.28,21
$GNSS,2024-10-11T18:30:42.200Z,34.7643796,-76.6154241,3481.303,18.36,73.66,10.90,4.990,6.941,1.28,21
$GNSS,2024-10-11T18:30:42.400Z,34.7644117,-76.6152618,3478.621,18.33,73.86,10.99,4.982,6.938,1.27,21
$GNSS,2024-10-11T18:30:42.600Z,34.7644433,-76.6150997,3476.128,17.97,73.79,11.01,4.976,6.940,1.29,21
$GNSS,2024-10-11T18:30:42.800Z,34.7644751,-76.6149374,3473.896,18.19,73.88,10.95,4.968,6.942,1.24,21
$GNSS,2024-10-11T18:30:43.000Z,34.7645069,-76.6147750,3471.727,18.14,74.03,10.72,4.961,6.946,1.25,21
$GNSS,2024-10-11T18:30:43.200Z,34.7645392,-76.6146117,3469.350,18.39,74.41,10.92,4.954,6.951,1.27,21
$GNSS,2024-10-11T18:30:43.400Z,34.7645718,-76.6144476,3466.865,18.51,74.77,10.93,4.949,6.958,1.30,21
$GNSS,2024-10-11T18:30:43.600Z,34.7646041,-76.6142841,3464.362,18.33,74.45,10.94,4.945,6.963,1.30,21
$GNSS,2024-10-11T18:30:43.800Z,34.7646364,-76.6141217,3462.072,18.37,73.95,10.62,4.942,6.970,1.30,21
$GNSS,2024-10-11T18:30:44.000Z,34.7646691,-76.6139589,3459.602,18.60,74.23,10.49,4.939,6.975,1.28,21
$GNSS,2024-10-11T18:30:44.200Z,34.7647019,-76.6137952,3457.310,18.55,74.66,10.43,4.938,6.984,1.29,21
$GNSS,2024-10-11T18:30:44.400Z,34.7647351,-76.6136324,3455.145,18.77,74.25,10.46,4.938,6.995,1.31,20
$GNSS,2024-10-11T18:30:44.600Z,34.7647684,-76.6134701,3452.926,18.85,74.04,10.50,4.940,7.009,1.29,19
$GNSS,2024-10-11T18:30:44.800Z,34.7648009,-76.6133073,3450.952,18.43,74.40,10.18,4.941,7.015,1.26,19
$GNSS,2024-10-11T18:30:45.000Z,34.7648326,-76.6131445,3448.872,18.00,74.36,10.06,4.942,7.018,1.23,19
$GNSS,2024-10-11T18:30:45.200Z,34.7648642,-76.6129815,3446.675,17.92,74.41,10.05,4.942,7.022,1.22,19
$GNSS,2024-10-11T18:30:45.400Z,34.7648966,-76.6128179,3444.734,18.38,74.77,9.91,4.942,7.023,1.19,19
$GNSS,2024-10-11T18:30:45.600Z,34.7649289,-76.6126533,3442.855,18.33,75.29,9.71,4.942,7.026,1.21,19
$GNSS,2024-10-11T18:30:45.800Z,34.7649615,-76.6124884,3440.663,18.52,75.32,9.77,4.944,7.028,1.22,17
$GNSS,2024-10-11T18:30:46.000Z,34.7649929,-76.6123239,3438.407,17.81,75.08,9.89,4.946,7.031,1.21,17
$GNSS,2024-10-11T18:30:46.200Z,34.7650241,-76.6121593,3436.528,17.66,75.41,9.74,4.947,7.033,1.21,17
$GNSS,2024-10-11T18:30:46.400Z,34.7650556,-76.6119943,3434.504,17.78,75.46,9.89,4.948,7.033,1.19,17
$GNSS,2024-10-11T18:30:46.600Z,34.7650865,-76.6118297,3432.499,17.39,75.31,10.03,4.951,7.038,1.21,17
$GNSS,2024-10-11T18:30:46.800Z,34.7651167,-76.6116645,3430.363,16.98,75.70,10.29,4.956,7.049,1.20,16
$GNSS,2024-10-11T18:30:47.000Z,34.7651471,-76.6114992,3428.522,17.10,75.79,10.02,4.962,7.059,1.22,16
$GNSS,2024-10-11T18:30:47.200Z,34.7651768,-76.6113344,3426.932,16.61,75.59,9.67,4.968,7.065,1.21,16
$GNSS,2024-10-11T18:30:47.400Z,34.7652058,-76.6111692,3425.664,16.11,75.86,9.02,4.978,7.072,1.31,16
$GNSS,2024-10-11T18:30:47.600Z,34.7652337,-76.6110042,3424.352,15.69,75.62,8.43,4.987,7.076,1.29,17
$GNSS,2024-10-11T18:30:47.800Z,34.7652626,-76.6108382,3422.778,16.25,76.10,8.30,4.998,7.082,1.43,17
$GNSS,2024-10-11T18:30:48.000Z,34.7652914,-76.6106710,3421.335,16.23,76.67,7.88,5.019,7.096,1.52,14
$GNSS,2024-10-11T18:30:48.200Z,34.7653198,-76.6105034,3419.899,16.16,76.79,7.50,5.039,7.108,1.52,15
$GNSS,2024-10-11T18:30:48.400Z,34.7653466,-76.6103368,3418.417,15.21,76.49,7.64,5.060,7.120,1.46,14
$GNSS,2024-10-11T18:30:48.600Z,34.7653719,-76.6101687,3416.985,14.24,77.27,7.62,5.080,7.133,1.43,14
$GNSS,2024-10-11T18:30:48.800Z,34.7653964,-76.6100001,3415.482,13.99,77.25,7.52,5.099,7.146,1.45,14
$GNSS,2024-10-11T18:30:49.000Z,34.7654207,-76.6098322,3413.874,13.92,76.83,7.63,5.118,7.162,1.47,14
$GNSS,2024-10-11T18:30:49.200Z,34.7654443,-76.6096649,3412.675,13.33,76.89,7.53,5.134,7.178,1.42,15
$GNSS,2024-10-11T18:30:49.400Z,34.7654665,-76.6094968,3411.203,12.92,76.91,7.22,5.148,7.186,1.38,16
$GNSS,2024-10-11T18:30:49.600Z,34.7654869,-76.6093289,3409.776,12.20,77.00,6.73,5.156,7.193,1.31,17
$GNSS,2024-10-11T18:30:49.800Z,34.7655080,-76.6091598,3408.588,12.25,77.64,6.46,5.164,7.206,1.35,17
$GNSS,2024-10-11T18:30:50.000Z,34.7655273,-76.6089904,3407.201,11.44,77.67,6.35,5.171,7.218,1.32,17
$GNSS,2024-10-11T18:30:50.200Z,34.7655446,-76.6088210,3405.695,10.44,77.54,6.27,5.179,7.229,1.27,17
$GNSS,2024-10-11T18:30:50.400Z,34.7655597,-76.6086527,3404.261,9.27,77.10,6.25,5.187,7.240,1.27,17
$GNSS,2024-10-11T18:30:50.600Z,34.7655751,-76.6084837,3402.918,9.11,77.44,6.20,5.195,7.245,1.24,17
$GNSS,2024-10-11T18:30:50.800Z,34.7655909,-76.6083137,3401.192,9.37,77.56,6.50,5.203,7.247,1.26,17
$GNSS,2024-10-11T18:30:51.000Z,34.7656067,-76.6081431,3399.416,9.26,77.94,6.84,5.210,7.245,1.23,17
$GNSS,2024-10-11T18:30:51.200Z,34.7656195,-76.6079739,3397.784,8.02,77.09,6.71,5.216,7.238,1.23,18
$GNSS,2024-10-11T18:30:51.400Z,34.7656298,-76.6078062,3396.867,6.47,77.09,6.16,5.221,7.235,1.19,17
$GNSS,2024-10-11T18:30:51.600Z,34.7656381,-76.6076362,3395.132,5.49,77.39,6.22,5.226,7.228,1.17,17
$GNSS,2024-10-11T18:30:51.800Z,34.7656454,-76.6074661,3393.394,4.89,77.66,6.38,5.232,7.226,1.18,16
$GNSS,2024-10-11T18:30:52.000Z,34.7656540,-76.6072949,3391.318,5.45,77.78,6.86,5.235,7.217,1.14,16
$GNSS,2024-10-11T18:30:52.200Z,34.7656617,-76.6071243,3389.350,5.18,77.71,7.09,5.236,7.208,1.12,17
$GNSS,2024-10-11T18:30:52.400Z,34.7656685,-76.6069535,3387.427,4.63,77.97,7.09,5.237,7.200,1.11,17
$GNSS,2024-10-11T18:30:52.600Z,34.7656749,-76.6067820,3385.500,4.29,78.01,7.29,5.238,7.196,1.12,18
$GNSS,2024-10-11T18:30:52.800Z,34.7656798,-76.6066115,3383.853,3.62,77.71,7.11,5.242,7.194,1.13,18
$GNSS,2024-10-11T18:30:53.000Z,34.7656837,-76.6064422,3382.471,2.88,77.31,7.05,5.246,7.196,1.22,18
$GNSS,2024-10-11T18:30:53.200Z,34.7656872,-76.6062729,3381.106,2.68,77.44,6.88,5.250,7.198,1.18,18
$GNSS,2024-10-11T18:30:53.400Z,34.7656896,-76.6061040,3379.625,2.34,77.06,6.79,5.248,7.198,1.21,19
$GNSS,2024-10-11T18:30:53.600Z,34.7656915,-76.6059350,3378.041,1.97,77.11,6.86,5.247,7.198,1.23,19
$GNSS,2024-10-11T18:30:53.800Z,34.7656922,-76.6057665,3376.639,1.35,77.07,6.77,5.247,7.197,1.25,19
$GNSS,2024-10-11T18:30:54.000Z,34.7656919,-76.6055968,3375.289,0.82,77.63,6.36,5.248,7.197,1.26,19
$GNSS,2024-10-11T18:30:54.200Z,34.7656909,-76.6054270,3373.940,0.47,77.52,6.10,5.248,7.196,1.25,19
$GNSS,2024-10-11T18:30:54.400Z,34.7656894,-76.6052574,3372.591,-0.04,77.72,5.80,5.245,7.193,1.28,20
$GNSS,2024-10-11T18:30:54.600Z,34.7656868,-76.6050887,3371.193,-0.81,77.26,5.83,5.242,7.189,1.29,20
$GNSS,2024-10-11T18:30:54.800Z,34.7656826,-76.6049202,3370.049,-1.61,77.40,5.50,5.235,7.183,1.26,21
$GNSS,2024-10-11T18:30:55.000Z,34.7656771,-76.6047511,3368.780,-2.45,77.56,5.38,5.228,7.180,1.25,20
$GNSS,2024-10-11T18:30:55.200Z,34.7656712,-76.6045816,3367.525,-2.68,77.68,5.32,5.222,7.175,1.25,20
$GNSS,2024-10-11T18:30:55.400Z,34.7656659,-76.6044122,3366.357,-2.44,77.69,5.46,5.215,7.171,1.27,20
$GNSS,2024-10-11T18:30:55.600Z,34.7656600,-76.6042430,3365.395,-2.65,77.81,5.15,5.208,7.168,1.26,20
$GNSS,2024-10-11T18:30:55.800Z,34.7656539,-76.6040749,3364.503,-2.72,77.22,5.16,5.201,7.164,1.32,20
$GNSS,2024-10-11T18:30:56.000Z,34.7656476,-76.6039077,3363.552,-2.95,76.81,4.96,5.195,7.161,1.33,20
$GNSS,2024-10-11T18:30:56.200Z,34.7656399,-76.6037408,3362.366,-3.78,76.40,4.56,5.188,7.156,1.28,21
$GNSS,2024-10-11T18:30:56.400Z,34.7656315,-76.6035747,3361.206,-4.26,76.06,4.57,5.181,7.151,1.28,21
$GNSS,2024-10-11T18:30:56.600Z,34.7656247,-76.6034088,3360.254,-3.23,76.11,4.72,5.176,7.150,1.30,21
$GNSS,2024-10-11T18:30:56.800Z,34.7656177,-76.6032417,3359.179,-3.48,76.68,5.19,5.172,7.152,1.31,21
$GNSS,2024-10-11T18:30:57.000Z,34.7656104,-76.6030748,3358.137,-3.59,76.57,5.15,5.169,7.155,1.34,21
$GNSS,2024-10-11T18:30:57.200Z,34.7656018,-76.6029074,3357.028,-4.29,76.69,5.19,5.166,7.157,1.36,21
$GNSS,2024-10-11T18:30:57.400Z,34.7655926,-76.6027391,3355.954,-4.50,77.09,4.96,5.164,7.161,1.34,21
$GNSS,2024-10-11T18:30:57.600Z,34.7655821,-76.6025702,3354.657,-5.10,77.31,5.02,5.156,7.164,1.34,22
$GNSS,2024-10-11T18:30:57.800Z,34.7655704,-76.6024008,3353.555,-5.74,77.59,4.97,5.150,7.176,1.38,19
$GNSS,2024-10-11T18:30:58.000Z,34.7655585,-76.6022318,3352.661,-5.86,77.45,4.98,5.144,7.188,1.34,20
$GNSS,2024-10-11T18:30:58.200Z,34.7655456,-76.6020624,3351.837,-6.33,77.66,4.45,5.140,7.200,1.34,19
$GNSS,2024-10-11T18:30:58.400Z,34.7655330,-76.6018934,3350.928,-6.16,77.41,4.39,5.136,7.216,1.37,19
$GNSS,2024-10-11T18:30:58.600Z,34.7655201,-76.6017243,3350.080,-6.34,77.47,4.27,5.134,7.239,1.39,18
$GNSS,2024-10-11T18:30:58.800Z,34.7655053,-76.6015548,3349.086,-7.13,77.46,4.08,5.136,7.267,1.38,16
$GNSS,2024-10-11T18:30:59.000Z,34.7654913,-76.6013875,3348.583,-6.81,76.74,3.81,5.136,7.292,1.40,16
$GNSS,2024-10-11T18:30:59.200Z,34.7654763,-76.6012198,3347.516,-7.28,76.59,3.57,5.137,7.317,1.40,16
$GNSS,2024-10-11T18:30:59.400Z,34.7654605,-76.6010514,3346.547,-7.67,76.88,3.17,5.137,7.340,1.36,17
$GNSS,2024-10-11T18:30:59.600Z,34.7654443,-76.6008841,3345.748,-7.86,76.46,2.94,5.137,7.361,1.37,17
$GNSS,2024-10-11T18:30:59.800Z,34.7654279,-76.6007161,3344.870,-8.06,76.72,3.04,5.136,7.382,1.37,18
$GNSS,2024-10-11T18:31:00.000Z,34.7654109,-76.6005484,3343.983,-8.46,76.61,3.11,5.134,7.404,1.34,18
$GNSS,2024-10-11T18:31:00.200Z,34.7653945,-76.6003817,3342.982,-8.23,76.08,3.57,5.134,7.427,1.35,18
$GNSS,2024-10-11T18:31:00.400Z,34.7653782,-76.6002148,3341.889,-8.13,76.16,3.67,5.134,7.452,1.34,17
$GNSS,2024-10-11T18:31:00.600Z,34.7653615,-76.6000481,3340.952,-8.32,76.20,3.57,5.134,7.476,1.33,17
$GNSS,2024-10-11T18:31:00.800Z,34.7653441,-76.5998816,3340.031,-8.79,76.07,3.55,5.135,7.506,1.35,17
$GNSS,2024-10-11T18:31:01.000Z,34.7653271,-76.5997159,3339.312,-8.44,75.84,3.51,5.140,7.537,1.37,16
$GNSS,2024-10-11T18:31:01.200Z,34.7653101,-76.5995505,3338.453,-8.64,75.65,3.78,5.148,7.569,1.37,16
$GNSS,2024-10-11T18:31:01.400Z,34.7652925,-76.5993852,3337.623,-8.89,75.62,3.70,5.155,7.601,1.37,16
$GNSS,2024-10-11T18:31:01.600Z,34.7652754,-76.5992193,3336.579,-8.83,75.69,3.53,5.159,7.626,1.30,16
$GNSS,2024-10-11T18:31:01.800Z,34.7652581,-76.5990540,3335.652,-8.94,75.48,3.48,5.163,7.650,1.31,15
$GNSS,2024-10-11T18:31:02.000Z,34.7652410,-76.5988885,3334.601,-9.00,75.41,3.76,5.165,7.673,1.29,16
$GNSS,2024-10-11T18:31:02.200Z,34.7652234,-76.5987235,3333.516,-9.25,75.14,3.78,5.168,7.696,1.33,16
$GNSS,2024-10-11T18:31:02.400Z,34.7652060,-76.5985588,3332.317,-9.21,75.07,4.12,5.172,7.719,1.36,15
$GNSS,2024-10-11T18:31:02.600Z,34.7651888,-76.5983951,3331.339,-8.77,74.69,4.23,5.178,7.744,1.40,15
$GNSS,2024-10-11T18:31:02.800Z,34.7651712,-76.5982303,3330.460,-9.10,75.26,4.31,5.186,7.778,1.47,13
$GNSS,2024-10-11T18:31:03.000Z,34.7651541,-76.5980631,3329.209,-9.02,76.17,4.61,5.195,7.812,1.49,13
$GNSS,2024-10-11T18:31:03.200Z,34.7651367,-76.5978959,3328.153,-8.94,76.37,4.49,5.204,7.847,1.49,13
$GNSS,2024-10-11T18:31:03.400Z,34.7651188,-76.5977311,3327.291,-9.12,75.41,4.26,5.212,7.874,1.46,14
$GNSS,2024-10-11T18:31:03.600Z,34.7651014,-76.5975670,3326.347,-9.06,74.94,4.36,5.221,7.901,1.45,14
$GNSS,2024-10-11T18:31:03.800Z,34.7650842,-76.5974044,3325.428,-8.92,74.22,4.50,5.230,7.928,1.45,14
$GNSS,2024-10-11T18:31:04.000Z,34.7650664,-76.5972419,3324.723,-9.29,74.35,4.29,5.241,7.952,1.37,13
$GNSS,2024-10-11T18:31:04.200Z,34.7650481,-76.5970784,3323.800,-9.59,74.73,4.13,5.249,7.972,1.35,13
$GNSS,2024-10-11T18:31:04.400Z,34.7650298,-76.5969150,3322.834,-9.75,74.59,4.15,5.257,7.992,1.35,13
$GNSS,2024-10-11T18:31:04.600Z,34.7650131,-76.5967514,3321.645,-9.02,74.49,4.55,5.262,8.013,1.32,14
$GNSS,2024-10-11T18:31:04.800Z,34.7649967,-76.5965879,3320.498,-8.88,74.50,4.90,5.267,8.039,1.32,14
$GNSS,2024-10-11T18:31:05.000Z,34.7649803,-76.5964240,3319.297,-8.59,74.89,4.77,5.273,8.070,1.33,14
$GNSS,2024-10-11T18:31:05.200Z,34.7649653,-76.5962594,3317.883,-8.14,74.96,5.04,5.278,8.087,1.30,14
$GNSS,2024-10-11T18:31:05.400Z,34.7649503,-76.5960951,3316.830,-7.93,75.04,5.03,5.283,8.103,1.32,14
$GNSS,2024-10-11T18:31:05.600Z,34.7649356,-76.5959306,3315.495,-7.85,74.99,5.19,5.285,8.117,1.28,14
$GNSS,2024-10-11T18:31:05.800Z,34.7649198,-76.5957661,3314.228,-8.34,75.02,4.95,5.286,8.133,1.30,15
$GNSS,2024-10-11T18:31:06.000Z,34.7649044,-76.5956023,3312.796,-8.21,74.55,5.02,5.287,8.148,1.30,15
$GNSS,2024-10-11T18:31:06.200Z,34.7648894,-76.5954383,3311.057,-8.11,74.58,5.35,5.291,8.165,1.28,14
$GNSS,2024-10-11T18:31:06.400Z,34.7648737,-76.5952745,3309.503,-8.32,74.70,5.39,5.288,8.178,1.24,15
$GNSS,2024-10-11T18:31:06.600Z,34.7648590,-76.5951113,3307.923,-7.89,74.29,5.72,5.286,8.193,1.27,15
$GNSS,2024-10-11T18:31:06.800Z,34.7648449,-76.5949488,3306.393,-7.60,73.93,6.09,5.284,8.210,1.27,15
$GNSS,2024-10-11T18:31:07.000Z,34.7648300,-76.5947869,3305.290,-7.71,74.00,5.83,5.283,8.232,1.27,15
$GNSS,2024-10-11T18:31:07.200Z,34.7648150,-76.5946249,3304.188,-7.86,73.98,5.68,5.281,8.251,1.25,15
$GNSS,2024-10-11T18:31:07.400Z,34.7647999,-76.5944625,3303.039,-7.85,74.23,5.47,5.278,8.270,1.26,15
$GNSS,2024-10-11T18:31:07.600Z,34.7647844,-76.5943008,3301.998,-8.07,73.92,5.25,5.275,8.291,1.25,15
$GNSS,2024-10-11T18:31:07.800Z,34.7647688,-76.5941400,3300.996,-8.02,73.46,4.90,5.272,8.311,1.25,15
$GNSS,2024-10-11T18:31:08.000Z,34.7647536,-76.5939789,3299.638,-7.91,73.64,4.76,5.267,8.330,1.23,15
$GNSS,2024-10-11T18:31:08.200Z,34.7647372,-76.5938181,3298.642,-8.40,73.71,4.11,5.263,8.354,1.26,15
$GNSS,2024-10-11T18:31:08.400Z,34.7647210,-76.5936578,3297.895,-8.43,73.26,3.80,5.259,8.378,1.25,15
$GNSS,2024-10-11T18:31:08.600Z,34.7647051,-76.5934971,3297.350,-8.24,73.48,3.38,5.257,8.401,1.25,15
$GNSS,2024-10-11T18:31:08.800Z,34.7646899,-76.5933360,3296.261,-8.05,73.54,3.34,5.255,8.426,1.29,15
$GNSS,2024-10-11T18:31:09.000Z,34.7646740,-76.5931755,3295.386,-8.18,73.39,2.75,5.254,8.449,1.30,15
$GNSS,2024-10-11T18:31:09.200Z,34.7646592,-76.5930149,3294.530,-7.71,73.35,2.64,5.247,8.471,1.27,15
$GNSS,2024-10-11T18:31:09.400Z,34.7646450,-76.5928538,3293.834,-7.08,73.67,1.98,5.245,8.506,1.34,14
$GNSS,2024-10-11T18:31:09.600Z,34.7646307,-76.5926935,3293.526,-7.14,73.28,1.19,5.244,8.540,1.35,14
$GNSS,2024-10-11T18:31:09.800Z,34.7646166,-76.5925335,3293.036,-7.09,73.08,0.71,5.243,8.571,1.31,14
$GNSS,2024-10-11T18:31:10.000Z,34.7646015,-76.5923732,3292.972,-7.58,73.35,-0.31,5.241,8.602,1.29,14
$GNSS,2024-10-11T18:31:10.200Z,34.7645868,-76.5922132,3292.724,-7.48,73.10,-0.28,5.239,8.631,1.32,14
$GNSS,2024-10-11T18:31:10.400Z,34.7645724,-76.5920530,3292.625,-7.23,73.27,-0.62,5.230,8.630,1.28,17
$GNSS,2024-10-11T18:31:10.600Z,34.7645570,-76.5918929,3292.672,-7.89,73.21,-0.98,5.221,8.625,1.29,17
$GNSS,2024-10-11T18:31:10.800Z,34.7645418,-76.5917335,3292.533,-7.76,72.76,-0.87,5.213,8.618,1.29,17
$GNSS,2024-10-11T18:31:11.000Z,34.7645267,-76.5915748,3292.449,-7.66,72.56,-0.96,5.205,8.607,1.29,17
$GNSS,2024-10-11T18:31:11.200Z,34.7645114,-76.5914163,3292.311,-7.80,72.46,-1.04,5.196,8.594,1.30,17
$GNSS,2024-10-11T18:31:11.400Z,34.7644956,-76.5912586,3292.089,-8.18,71.99,-1.05,5.187,8.579,1.30,17
$GNSS,2024-10-11T18:31:11.600Z,34.7644798,-76.5911026,3291.860,-8.18,71.26,-1.17,5.178,8.562,1.31,17
$GNSS,2024-10-11T18:31:11.800Z,34.7644636,-76.5909457,3291.849,-8.31,71.53,-0.94,5.172,8.546,1.35,17
$GNSS,2024-10-11T18:31:12.000Z,34.7644473,-76.5907894,3291.834,-8.41,71.30,-1.03,5.165,8.528,1.34,17
$GNSS,2024-10-11T18:31:12.200Z,34.7644312,-76.5906337,3291.728,-8.33,70.97,-0.94,5.161,8.514,1.36,17
$GNSS,2024-10-11T18:31:12.400Z,34.7644153,-76.5904778,3291.845,-8.22,71.06,-0.80,5.160,8.508,1.40,17
$GNSS,2024-10-11T18:31:12.600Z,34.7644001,-76.5903221,3291.770,-7.86,70.95,-0.36,5.165,8.504,1.45,16
$GNSS,2024-10-11T18:31:12.800Z,34.7643846,-76.5901668,3291.539,-8.09,70.94,-0.50,5.170,8.507,1.44,17
$GNSS,2024-10-11T18:31:13.000Z,34.7643686,-76.5900123,3291.417,-8.41,70.38,-0.35,5.179,8.517,1.50,17
$GNSS,2024-10-11T18:31:13.200Z,34.7643519,-76.5898584,3291.466,-8.83,70.27,-0.53,5.194,8.533,1.55,16
$GNSS,2024-10-11T18:31:13.400Z,34.7643351,-76.5897045,3291.340,-8.91,70.13,-0.18,5.213,8.552,1.60,16
$GNSS,2024-10-11T18:31:13.600Z,34.7643182,-76.5895508,3291.221,-8.98,70.11,0.01,5.234,8.571,1.62,16
$GNSS,2024-10-11T18:31:13.800Z,34.7643013,-76.5893972,3290.903,-9.05,70.11,0.11,5.255,8.591,1.59,16
$GNSS,2024-10-11T18:31:14.000Z,34.7642841,-76.5892448,3290.594,-9.30,69.63,0.11,5.276,8.614,1.57,16
$GNSS,2024-10-11T18:31:14.200Z,34.7642675,-76.5890949,3290.521,-8.92,68.56,-0.04,5.297,8.640,1.64,16
$GNSS,2024-10-11T18:31:14.400Z,34.7642522,-76.5889458,3290.586,-8.14,68.10,-0.23,5.322,8.672,1.66,16
$GNSS,2024-10-11T18:31:14.600Z,34.7642370,-76.5887984,3290.726,-8.04,67.29,-0.15,5.353,8.723,1.71,15
$GNSS,2024-10-11T18:31:14.800Z,34.7642225,-76.5886509,3290.807,-7.59,67.26,-0.12,5.386,8.775,1.74,15
$GNSS,2024-10-11T18:31:15.000Z,34.7642069,-76.5885032,3290.814,-8.12,67.24,-0.01,5.418,8.820,1.69,16
$GNSS,2024-10-11T18:31:15.200Z,34.7641908,-76.5883545,3290.821,-8.39,67.61,0.14,5.450,8.868,1.68,16
$GNSS,2024-10-11T18:31:15.400Z,34.7641750,-76.5882057,3290.856,-8.27,67.78,0.09,5.483,8.918,1.71,15
$GNSS,2024-10-11T18:31:15.600Z,34.7641589,-76.5880563,3291.008,-8.39,67.99,-0.02,5.518,8.972,1.72,15
$GNSS,2024-10-11T18:31:15.800Z,34.7641430,-76.5879067,3291.076,-8.33,68.10,0.02,5.553,9.029,1.73,15
$GNSS,2024-10-11T18:31:16.000Z,34.7641271,-76.5877571,3291.005,-8.37,68.13,0.35,5.586,9.084,1.73,15
$GNSS,2024-10-11T18:31:16.200Z,34.7641110,-76.5876090,3290.958,-8.44,67.58,0.76,5.618,9.147,1.78,14
$GNSS,2024-10-11T18:31:16.400Z,34.7640947,-76.5874621,3290.788,-8.54,67.25,0.55,5.649,9.211,1.78,14
$GNSS,2024-10-11T18:31:16.600Z,34.7640789,-76.5873155,3290.387,-8.57,67.23,0.45,5.673,9.259,1.70,15
$GNSS,2024-10-11T18:31:16.800Z,34.7640634,-76.5871681,3290.047,-8.35,67.53,0.35,5.692,9.304,1.67,15
$GNSS,2024-10-11T18:31:17.000Z,34.7640476,-76.5870206,3289.848,-8.44,67.52,0.53,5.710,9.347,1.66,15
$GNSS,2024-10-11T18:31:17.200Z,34.7640325,-76.5868735,3289.518,-8.06,67.38,0.80,5.730,9.394,1.72,14
$GNSS,2024-10-11T18:31:17.400Z,34.7640159,-76.5867263,3289.132,-8.87,67.59,0.56,5.752,9.440,1.76,14
$GNSS,2024-10-11T18:31:17.600Z,34.7640001,-76.5865790,3288.501,-8.61,67.53,0.63,5.776,9.486,1.75,14
$GNSS,2024-10-11T18:31:17.800Z,34.7639852,-76.5864319,3287.775,-8.19,67.36,1.06,5.805,9.552,1.87,13
$GNSS,2024-10-11T18:31:18.000Z,34.7639686,-76.5862873,3287.299,-8.69,66.61,0.95,5.835,9.618,1.86,13
$GNSS,2024-10-11T18:31:18.200Z,34.7639511,-76.5861438,3286.759,-9.09,65.91,1.05,5.861,9.660,1.80,13
$GNSS,2024-10-11T18:31:18.400Z,34.7639336,-76.5860005,3286.418,-9.05,65.67,0.84,5.888,9.699,1.79,13
$GNSS,2024-10-11T18:31:18.600Z,34.7639159,-76.5858566,3286.120,-9.27,65.93,0.61,5.913,9.734,1.77,13
$GNSS,2024-10-11T18:31:18.800Z,34.7638984,-76.5857144,3285.787,-9.13,65.35,0.44,5.938,9.769,1.77,13
$GNSS,2024-10-11T18:31:19.000Z,34.7638808,-76.5855712,3285.484,-9.30,65.52,0.30,5.959,9.801,1.71,14
$GNSS,2024-10-11T18:31:19.200Z,34.7638640,-76.5854283,3285.234,-8.90,65.35,0.31,5.977,9.832,1.69,15
$GNSS,2024-10-11T18:31:19.400Z,34.7638467,-76.5852873,3284.896,-9.25,64.80,0.38,5.988,9.860,1.63,16
$GNSS,2024-10-11T18:31:19.600Z,34.7638294,-76.5851451,3284.322,-9.23,64.69,0.50,5.996,9.884,1.60,17
$GNSS,2024-10-11T18:31:19.800Z,34.7638119,-76.5850024,3283.611,-9.41,64.85,0.51,6.005,9.908,1.61,16
$GNSS,2024-10-11T18:31:20.000Z,34.7637954,-76.5848590,3282.800,-9.00,65.07,0.63,6.014,9.927,1.59,16
$GNSS,2024-10-11T18:31:20.200Z,34.7637788,-76.5847161,3282.007,-8.92,64.96,0.48,6.019,9.946,1.56,16
$GNSS,2024-10-11T18:31:20.400Z,34.7637622,-76.5845742,3281.340,-8.71,64.57,0.46,6.025,9.968,1.58,15
$GNSS,2024-10-11T18:31:20.600Z,34.7637459,-76.5844332,3280.653,-8.52,64.21,0.43,6.029,9.992,1.60,15
$GNSS,2024-10-11T18:31:20.800Z,34.7637282,-76.5842907,3280.339,-9.17,64.93,0.36,6.033,10.024,1.60,15
$GNSS,2024-10-11T18:31:21.000Z,34.7637103,-76.5841484,3279.948,-9.28,64.86,0.62,6.037,10.056,1.62,15
$GNSS,2024-10-11T18:31:21.200Z,34.7636925,-76.5840064,3279.538,-9.16,64.74,0.89,6.041,10.086,1.62,15
$GNSS,2024-10-11T18:31:21.400Z,34.7636737,-76.5838657,3279.125,-9.73,64.35,0.40,6.045,10.113,1.66,15
$GNSS,2024-10-11T18:31:21.600Z,34.7636547,-76.5837271,3278.680,-9.89,63.37,0.04,6.047,10.139,1.60,15
$GNSS,2024-10-11T18:31:21.800Z,34.7636377,-76.5835889,3278.058,-8.96,63.14,0.36,6.048,10.150,1.59,16
$GNSS,2024-10-11T18:31:22.000Z,34.7636220,-76.5834506,3277.097,-8.48,63.10,0.68,6.048,10.164,1.54,16
$GNSS,2024-10-11T18:31:22.200Z,34.7636085,-76.5833100,3275.599,-7.86,63.60,0.92,6.029,10.098,1.45,17
$GNSS,2024-10-11T18:31:22.400Z,34.7635945,-76.5831701,3274.373,-7.81,63.46,0.88,6.010,10.036,1.44,16
$GNSS,2024-10-11T18:31:22.600Z,34.7635811,-76.5830310,3273.332,-7.31,63.31,0.85,5.990,9.982,1.42,17
$GNSS,2024-10-11T18:31:22.800Z,34.7635670,-76.5828920,3272.698,-7.46,63.38,0.80,5.971,9.934,1.41,17
$GNSS,2024-10-11T18:31:23.000Z,34.7635522,-76.5827527,3272.298,-7.81,63.48,0.90,5.952,9.886,1.40,17
$GNSS,2024-10-11T18:31:23.200Z,34.7635370,-76.5826124,3271.996,-7.90,64.07,0.86,5.938,9.844,1.44,17
$GNSS,2024-10-11T18:31:23.400Z,34.7635211,-76.5824719,3271.523,-8.41,64.12,0.96,5.924,9.809,1.42,17
$GNSS,2024-10-11T18:31:23.600Z,34.7635057,-76.5823305,3271.018,-8.06,64.33,0.98,5.916,9.789,1.47,16
$GNSS,2024-10-11T18:31:23.800Z,34.7634902,-76.5821906,3270.475,-8.15,63.70,0.96,5.909,9.768,1.47,16
$GNSS,2024-10-11T18:31:24.000Z,34.7634760,-76.5820516,3270.001,-7.41,63.53,1.01,5.898,9.728,1.41,17
$GNSS,2024-10-11T18:31:24.200Z,34.7634626,-76.5819125,3269.413,-6.96,63.48,1.31,5.885,9.686,1.39,17
$GNSS,2024-10-11T18:31:24.400Z,34.7634486,-76.5817726,3268.863,-7.30,63.98,1.39,5.871,9.646,1.38,17
$GNSS,2024-10-11T18:31:24.600Z,34.7634344,-76.5816318,3268.251,-7.38,64.28,1.68,5.855,9.603,1.36,17
$GNSS,2024-10-11T18:31:24.800Z,34.7634208,-76.5814913,3267.637,-7.07,64.26,1.68,5.837,9.559,1.32,17
$GNSS,2024-10-11T18:31:25.000Z,34.7634069,-76.5813506,3267.235,-7.21,64.25,1.60,5.819,9.515,1.31,17
$GNSS,2024-10-11T18:31:25.200Z,34.7633941,-76.5812102,3266.836,-6.61,64.13,1.63,5.804,9.474,1.34,17
$GNSS,2024-10-11T18:31:25.400Z,34.7633831,-76.5810716,3266.133,-5.81,63.39,1.54,5.791,9.436,1.34,17
$GNSS,2024-10-11T18:31:25.600Z,34.7633732,-76.5809337,3265.330,-5.26,63.49,1.36,5.770,9.374,1.23,19
$GNSS,2024-10-11T18:31:25.800Z,34.7633633,-76.5807951,3264.713,-5.32,63.72,1.24,5.749,9.317,1.24,19
$GNSS,2024-10-11T18:31:26.000Z,34.7633543,-76.5806556,3264.291,-4.75,64.13,1.01,5.727,9.259,1.19,19
$GNSS,2024-10-11T18:31:26.200Z,34.7633459,-76.5805180,3263.942,-4.43,63.11,0.44,5.704,9.204,1.22,19
$GNSS,2024-10-11T18:31:26.400Z,34.7633387,-76.5803813,3263.844,-3.78,62.74,0.00,5.683,9.150,1.19,19
$GNSS,2024-10-11T18:31:26.600Z,34.7633346,-76.5802446,3263.596,-2.16,62.69,0.27,5.665,9.099,1.17,19
$GNSS,2024-10-11T18:31:26.800Z,34.7633337,-76.5801079,3263.858,-0.30,62.46,0.35,5.645,9.046,1.17,19
$GNSS,2024-10-11T18:31:27.000Z,34.7633344,-76.5799712,3264.110,0.61,62.64,-0.13,5.626,8.996,1.20,19
$GNSS,2024-10-11T18:31:27.200Z,34.7633353,-76.5798343,3264.448,0.65,62.80,-0.42,5.609,8.946,1.20,19
$GNSS,2024-10-11T18:31:27.400Z,34.7633369,-76.5796985,3265.049,1.17,62.13,-1.01,5.593,8.910,1.27,19
$GNSS,2024-10-11T18:31:27.600Z,34.7633407,-76.5795643,3265.852,2.37,61.46,-1.83,5.582,8.873,1.35,19
$GNSS,2024-10-11T18:31:27.800Z,34.7633479,-76.5794298,3266.688,4.13,61.64,-2.48,5.570,8.835,1.31,19
$GNSS,2024-10-11T18:31:28.000Z,34.7633573,-76.5792961,3267.662,5.45,61.40,-3.35,5.557,8.797,1.27,19
$GNSS,2024-10-11T18:31:28.200Z,34.7633698,-76.5791645,3268.718,7.23,60.22,-4.09,5.549,8.776,1.38,18
$GNSS,2024-10-11T18:31:28.400Z,34.7633837,-76.5790339,3269.658,7.96,59.82,-4.22,5.544,8.758,1.42,18
$GNSS,2024-10-11T18:31:28.600Z,34.7633989,-76.5789040,3270.460,8.70,59.58,-4.49,5.542,8.743,1.41,18
$GNSS,2024-10-11T18:31:28.800Z,34.7634160,-76.5787743,3271.152,9.61,59.64,-4.53,5.537,8.719,1.42,19
$GNSS,2024-10-11T18:31:29.000Z,34.7634360,-76.5786453,3271.401,11.07,59.49,-4.34,5.526,8.690,1.35,20
$GNSS,2024-10-11T18:31:29.200Z,34.7634565,-76.5785183,3271.842,11.49,58.53,-4.35,5.513,8.663,1.34,20
$GNSS,2024-10-11T18:31:29.400Z,34.7634793,-76.5783925,3272.329,12.71,57.86,-4.22,5.500,8.635,1.34,20
$GNSS,2024-10-11T18:31:29.600Z,34.7635036,-76.5782677,3273.007,13.60,57.46,-4.27,5.487,8.607,1.34,20
$GNSS,2024-10-11T18:31:29.800Z,34.7635313,-76.5781440,3274.105,15.47,56.71,-4.18,5.475,8.573,1.29,20
$GNSS,2024-10-11T18:31:30.000Z,34.7635617,-76.5780199,3274.650,16.83,57.06,-4.28,5.466,8.550,1.38,19
$GNSS,2024-10-11T18:31:30.200Z,34.7635933,-76.5778972,3275.524,17.69,56.34,-4.32,5.456,8.518,1.33,20
$GNSS,2024-10-11T18:31:30.400Z,34.7636270,-76.5777754,3275.958,18.77,55.98,-4.32,5.443,8.485,1.29,20
$GNSS,2024-10-11T18:31:30.600Z,34.7636624,-76.5776554,3276.262,19.76,55.31,-4.60,5.424,8.442,1.24,21
$GNSS,2024-10-11T18:31:30.800Z,34.7636986,-76.5775368,3276.611,20.10,54.46,-4.14,5.403,8.399,1.22,21
$GNSS,2024-10-11T18:31:31.000Z,34.7637356,-76.5774198,3277.062,20.55,53.82,-4.01,5.382,8.355,1.24,21
$GNSS,2024-10-11T18:31:31.200Z,34.7637747,-76.5773047,3277.173,21.71,52.83,-3.71,5.361,8.314,1.27,21
$GNSS,2024-10-11T18:31:31.400Z,34.7638163,-76.5771897,3277.176,23.00,52.96,-3.67,5.345,8.282,1.29,20
$GNSS,2024-10-11T18:31:31.600Z,34.7638600,-76.5770745,3277.429,24.16,52.90,-3.41,5.332,8.253,1.36,20
$GNSS,2024-10-11T18:31:31.800Z,34.7639045,-76.5769607,3277.611,24.53,52.37,-3.47,5.321,8.222,1.38,20
$GNSS,2024-10-11T18:31:32.000Z,34.7639495,-76.5768486,3277.841,24.81,51.50,-3.33,5.309,8.189,1.27,20
$GNSS,2024-10-11T18:31:32.200Z,34.7639975,-76.5767390,3278.276,26.60,50.32,-3.31,5.295,8.162,1.30,20
$GNSS,2024-10-11T18:31:32.400Z,34.7640464,-76.5766322,3278.648,27.01,49.09,-3.28,5.281,8.135,1.30,20
$GNSS,2024-10-11T18:31:32.600Z,34.7640960,-76.5765282,3279.083,27.35,47.73,-3.23,5.269,8.112,1.34,20
$GNSS,2024-10-11T18:31:32.800Z,34.7641481,-76.5764253,3279.720,28.82,47.33,-3.17,5.259,8.091,1.36,20
$GNSS,2024-10-11T18:31:33.000Z,34.7642019,-76.5763246,3280.355,29.74,46.29,-3.27,5.249,8.072,1.34,20
$GNSS,2024-10-11T18:31:33.200Z,34.7642567,-76.5762248,3281.006,30.29,45.85,-3.06,5.238,8.056,1.31,20
$GNSS,2024-10-11T18:31:33.400Z,34.7643131,-76.5761264,3281.358,31.12,45.23,-3.03,5.227,8.040,1.30,20
$GNSS,2024-10-11T18:31:33.600Z,34.7643712,-76.5760277,3282.148,32.26,45.47,-3.03,5.216,8.023,1.33,20
$GNSS,2024-10-11T18:31:33.800Z,34.7644302,-76.5759318,3282.736,32.65,44.15,-3.21,5.207,8.013,1.34,19
$GNSS,2024-10-11T18:31:34.000Z,34.7644892,-76.5758385,3283.513,32.58,42.99,-3.38,5.200,8.000,1.38,19
$GNSS,2024-10-11T18:31:34.200Z,34.7645484,-76.5757467,3284.511,32.79,42.43,-3.91,5.196,7.996,1.38,19
$GNSS,2024-10-11T18:31:34.400Z,34.7646083,-76.5756568,3285.491,33.18,41.49,-4.09,5.195,7.995,1.44,19
$GNSS,2024-10-11T18:31:34.600Z,34.7646701,-76.5755692,3286.510,34.18,40.50,-4.53,5.196,7.995,1.47,19
$GNSS,2024-10-11T18:31:34.800Z,34.7647347,-76.5754841,3286.815,35.52,39.05,-4.09,5.201,7.997,1.50,18
$GNSS,2024-10-11T18:31:35.000Z,34.7648007,-76.5754003,3287.141,36.28,38.57,-3.91,5.205,7.998,1.42,18
$GNSS,2024-10-11T18:31:35.200Z,34.7648695,-76.5753184,3287.239,37.68,37.55,-3.01,5.209,8.001,1.46,18
$GNSS,2024-10-11T18:31:35.400Z,34.7649391,-76.5752388,3287.188,38.17,36.56,-2.24,5.213,8.004,1.44,18
$GNSS,2024-10-11T18:31:35.600Z,34.7650100,-76.5751614,3287.328,39.04,35.69,-1.80,5.215,8.007,1.35,18
$GNSS,2024-10-11T18:31:35.800Z,34.7650813,-76.5750861,3287.624,39.41,34.77,-1.72,5.217,8.012,1.39,18
$GNSS,2024-10-11T18:31:36.000Z,34.7651521,-76.5750133,3287.816,39.07,33.63,-1.73,5.220,8.017,1.35,18
$GNSS,2024-10-11T18:31:36.200Z,34.7652243,-76.5749432,3287.907,39.76,32.33,-1.22,5.221,8.020,1.34,18
$GNSS,2024-10-11T18:31:36.400Z,34.7652961,-76.5748739,3288.140,39.67,32.01,-1.21,5.224,8.024,1.38,18
$GNSS,2024-10-11T18:31:36.600Z,34.7653700,-76.5748075,3288.120,40.70,30.60,-0.60,5.228,8.029,1.38,17
$GNSS,2024-10-11T18:31:36.800Z,34.7654449,-76.5747442,3288.165,41.25,29.37,-0.53,5.237,8.037,1.41,16
$GNSS,2024-10-11T18:31:37.000Z,34.7655221,-76.5746840,3288.062,42.42,28.00,-0.71,5.249,8.046,1.44,16
$GNSS,2024-10-11T18:31:37.200Z,34.7656021,-76.5746273,3287.802,43.77,26.32,-0.36,5.262,8.054,1.44,16
$GNSS,2024-10-11T18:31:37.400Z,34.7656849,-76.5745738,3287.440,45.22,24.80,0.25,5.272,8.059,1.40,16
$GNSS,2024-10-11T18:31:37.600Z,34.7657684,-76.5745217,3287.109,45.81,24.18,0.45,5.281,8.064,1.39,16
$GNSS,2024-10-11T18:31:37.800Z,34.7658523,-76.5744708,3286.768,46.10,23.53,0.72,5.290,8.070,1.41,16
$GNSS,2024-10-11T18:31:38.000Z,34.7659358,-76.5744202,3286.433,45.95,23.21,1.03,5.305,8.084,1.44,15
$GNSS,2024-10-11T18:31:38.200Z,34.7660196,-76.5743711,3286.176,46.12,22.67,0.96,5.321,8.101,1.47,15
$GNSS,2024-10-11T18:31:38.400Z,34.7661031,-76.5743229,3286.436,46.05,22.15,1.20,5.342,8.118,1.51,14
$GNSS,2024-10-11T18:31:38.600Z,34.7661882,-76.5742778,3286.251,46.68,21.07,1.45,5.359,8.132,1.51,15
$GNSS,2024-10-11T18:31:38.800Z,34.7662736,-76.5742347,3286.073,46.86,20.06,1.77,5.373,8.146,1.49,16
$GNSS,2024-10-11T18:31:39.000Z,34.7663587,-76.5741932,3285.873,46.78,19.32,1.97,5.385,8.157,1.46,16
$GNSS,2024-10-11T18:31:39.200Z,34.7664449,-76.5741560,3285.002,47.34,17.38,2.30,5.398,8.179,1.41,15
$GNSS,2024-10-11T18:31:39.400Z,34.7665326,-76.5741209,3283.948,48.15,16.36,2.56,5.415,8.202,1.45,15
$GNSS,2024-10-11T18:31:39.600Z,34.7666197,-76.5740889,3283.121,47.86,15.09,2.64,5.434,8.226,1.50,15
$GNSS,2024-10-11T18:31:39.800Z,34.7667079,-76.5740620,3281.849,48.21,13.19,2.74,5.449,8.242,1.53,16
$GNSS,2024-10-11T18:31:40.000Z,34.7667957,-76.5740368,3280.717,48.13,12.16,2.83,5.463,8.259,1.52,16
$GNSS,2024-10-11T18:31:40.200Z,34.7668827,-76.5740130,3279.597,47.76,11.42,3.18,5.475,8.276,1.53,16
$GNSS,2024-10-11T18:31:40.400Z,34.7669683,-76.5739941,3278.686,47.23,9.47,3.06,5.497,8.307,1.61,14
$GNSS,2024-10-11T18:31:40.600Z,34.7670557,-76.5739779,3277.698,47.99,8.32,3.09,5.521,8.338,1.61,15
$GNSS,2024-10-11T18:31:40.800Z,34.7671460,-76.5739674,3277.251,49.47,6.34,2.71,5.540,8.363,1.58,16
$GNSS,2024-10-11T18:31:41.000Z,34.7672360,-76.5739608,3276.725,49.46,4.33,2.55,5.559,8.388,1.58,16
$GNSS,2024-10-11T18:31:41.200Z,34.7673261,-76.5739587,3276.167,49.55,2.30,2.51,5.576,8.409,1.64,16
$GNSS,2024-10-11T18:31:41.400Z,34.7674160,-76.5739590,3275.950,49.57,1.21,1.92,5.592,8.432,1.65,16
$GNSS,2024-10-11T18:31:41.600Z,34.7675053,-76.5739612,3275.691,49.25,-0.03,2.22,5.606,8.454,1.58,16
$GNSS,2024-10-11T18:31:41.800Z,34.7675939,-76.5739660,3275.802,48.94,-1.09,2.17,5.620,8.474,1.57,16
$GNSS,2024-10-11T18:31:42.000Z,34.7676821,-76.5739730,3275.800,48.64,-2.15,2.48,5.633,8.489,1.56,16
$GNSS,2024-10-11T18:31:42.200Z,34.7677698,-76.5739817,3276.129,48.46,-2.83,2.06,5.647,8.504,1.57,16
$GNSS,2024-10-11T18:31:42.400Z,34.7678573,-76.5739899,3276.544,48.33,-2.77,1.80,5.662,8.518,1.59,16
$GNSS,2024-10-11T18:31:42.600Z,34.7679463,-76.5740040,3276.099,48.66,-4.75,1.70,5.676,8.519,1.58,17
$GNSS,2024-10-11T18:31:42.800Z,34.7680353,-76.5740230,3275.604,48.70,-7.02,1.89,5.688,8.518,1.56,17
$GNSS,2024-10-11T18:31:43.000Z,34.7681244,-76.5740439,3275.255,48.81,-8.01,1.71,5.700,8.516,1.57,17
$GNSS,2024-10-11T18:31:43.200Z,34.7682118,-76.5740675,3275.283,48.07,-9.17,1.25,5.712,8.516,1.57,17
$GNSS,2024-10-11T18:31:43.400Z,34.7682981,-76.5740945,3275.384,47.52,-11.03,1.07,5.732,8.519,1.62,15
$GNSS,2024-10-11T18:31:43.600Z,34.7683847,-76.5741276,3275.497,47.22,-13.06,0.88,5.748,8.523,1.54,16
$GNSS,2024-10-11T18:31:43.800Z,34.7684681,-76.5741666,3275.662,45.71,-15.52,0.74,5.767,8.526,1.64,16
$GNSS,2024-10-11T18:31:44.000Z,34.7685498,-76.5742107,3275.742,44.79,-17.83,0.30,5.787,8.525,1.61,16
$GNSS,2024-10-11T18:31:44.200Z,34.7686286,-76.5742548,3276.089,43.25,-18.27,0.10,5.805,8.528,1.55,16
$GNSS,2024-10-11T18:31:44.400Z,34.7687079,-76.5743037,3275.899,43.42,-20.29,-0.24,5.825,8.533,1.56,15
$GNSS,2024-10-11T18:31:44.600Z,34.7687855,-76.5743561,3275.814,42.38,-21.92,-0.35,5.841,8.536,1.51,16
$GNSS,2024-10-11T18:31:44.800Z,34.7688625,-76.5744105,3275.990,41.87,-23.03,-0.56,5.858,8.543,1.52,16
$GNSS,2024-10-11T18:31:45.000Z,34.7689387,-76.5744688,3275.910,41.49,-24.69,-0.57,5.877,8.555,1.57,16
$GNSS,2024-10-11T18:31:45.200Z,34.7690145,-76.5745303,3275.567,41.22,-26.16,-0.42,5.896,8.566,1.55,16
$GNSS,2024-10-11T18:31:45.400Z,34.7690894,-76.5745937,3275.376,40.59,-27.18,-0.23,5.914,8.574,1.51,16
$GNSS,2024-10-11T18:31:45.600Z,34.7691625,-76.5746603,3274.981,39.76,-28.42,-0.33,5.931,8.589,1.53,15
$GNSS,2024-10-11T18:31:45.800Z,34.7692341,-76.5747309,3274.744,38.94,-30.19,-0.09,5.943,8.596,1.53,16
$GNSS,2024-10-11T18:31:46.000Z,34.7693043,-76.5748043,3274.438,38.10,-31.48,-0.03,5.955,8.602,1.48,16
$GNSS,2024-10-11T18:31:46.200Z,34.7693715,-76.5748802,3273.958,36.56,-32.46,0.09,5.963,8.597,1.42,15
$GNSS,2024-10-11T18:31:46.400Z,34.7694373,-76.5749580,3273.268,35.72,-33.49,0.48,5.974,8.595,1.43,15
$GNSS,2024-10-11T18:31:46.600Z,34.7695004,-76.5750400,3272.616,34.41,-35.13,0.67,5.983,8.598,1.41,13
$GNSS,2024-10-11T18:31:46.800Z,34.7695615,-76.5751260,3272.174,33.43,-37.06,0.83,5.993,8.604,1.44,13
$GNSS,2024-10-11T18:31:47.000Z,34.7696226,-76.5752135,3271.759,33.21,-37.99,0.89,6.003,8.612,1.46,13
$GNSS,2024-10-11T18:31:47.200Z,34.7696822,-76.5752998,3271.195,32.24,-37.65,1.19,6.013,8.622,1.43,13
$GNSS,2024-10-11T18:31:47.400Z,34.7697396,-76.5753883,3270.423,31.11,-38.40,1.88,6.024,8.635,1.42,13
$GNSS,2024-10-11T18:31:47.600Z,34.7697949,-76.5754798,3270.174,30.22,-39.71,1.76,6.042,8.678,1.54,11
$GNSS,2024-10-11T18:31:47.800Z,34.7698475,-76.5755751,3269.899,28.85,-41.26,1.97,6.058,8.698,1.58,12
$GNSS,2024-10-11T18:31:48.000Z,34.7698963,-76.5756751,3269.687,27.04,-43.10,1.41,6.076,8.716,1.52,12
$GNSS,2024-10-11T18:31:48.200Z,34.7699428,-76.5757772,3269.602,25.66,-44.29,1.07,6.092,8.733,1.57,12
$GNSS,2024-10-11T18:31:48.400Z,34.7699889,-76.5758810,3269.663,25.12,-45.42,1.36,6.106,8.744,1.67,13
$GNSS,2024-10-11T18:31:48.600Z,34.7700324,-76.5759887,3269.738,24.03,-46.85,1.14,6.119,8.754,1.70,13
$GNSS,2024-10-11T18:31:48.800Z,34.7700761,-76.5760973,3269.640,23.83,-47.55,0.94,6.132,8.763,1.69,13
$GNSS,2024-10-11T18:31:49.000Z,34.7701175,-76.5762058,3269.262,22.56,-47.64,1.03,6.152,8.790,1.78,12
$GNSS,2024-10-11T18:31:49.200Z,34.7701569,-76.5763171,3268.400,21.29,-47.63,0.99,6.160,8.804,1.53,13
$GNSS,2024-10-11T18:31:49.400Z,34.7701928,-76.5764316,3267.718,19.50,-48.69,1.02,6.163,8.815,1.46,13
$GNSS,2024-10-11T18:31:49.600Z,34.7702270,-76.5765463,3267.079,18.31,-48.96,1.10,6.165,8.822,1.43,13
$GNSS,2024-10-11T18:31:49.800Z,34.7702598,-76.5766664,3265.331,17.12,-49.34,1.43,6.157,8.805,1.34,14
$GNSS,2024-10-11T18:31:50.000Z,34.7702897,-76.5767873,3263.695,15.78,-49.70,1.21,6.157,8.786,1.35,14
$GNSS,2024-10-11T18:31:50.200Z,34.7703177,-76.5769090,3261.676,14.73,-49.94,1.35,6.159,8.760,1.32,14
$GNSS,2024-10-11T18:31:50.400Z,34.7703431,-76.5770358,3259.674,13.59,-50.99,1.08,6.150,8.713,1.20,14
$GNSS,2024-10-11T18:31:50.600Z,34.7703689,-76.5771602,3258.084,13.24,-50.80,1.00,6.142,8.672,1.12,14
$GNSS,2024-10-11T18:31:50.800Z,34.7703926,-76.5772828,3256.529,12.44,-50.52,0.89,6.138,8.645,1.10,14
$GNSS,2024-10-11T18:31:51.000Z,34.7704132,-76.5774026,3255.478,11.23,-50.96,0.73,6.152,8.640,1.21,14
$GNSS,2024-10-11T18:31:51.200Z,34.7704324,-76.5775236,3254.486,10.60,-52.08,0.82,6.173,8.639,1.32,14
$GNSS,2024-10-11T18:31:51.400Z,34.7704503,-76.5776449,3253.843,9.68,-51.84,0.58,6.190,8.640,1.40,14
$GNSS,2024-10-11T18:31:51.600Z,34.7704664,-76.5777655,3253.467,8.70,-51.62,0.21,6.204,8.642,1.40,14
$GNSS,2024-10-11T18:31:51.800Z,34.7704803,-76.5778865,3252.969,7.74,-51.37,0.06,6.207,8.646,1.33,15
$GNSS,2024-10-11T18:31:52.000Z,34.7704927,-76.5780064,3252.113,7.09,-51.54,0.18,6.211,8.653,1.32,15
$GNSS,2024-10-11T18:31:52.200Z,34.7705043,-76.5781260,3251.316,6.78,-51.66,-0.23,6.207,8.630,1.26,16
$GNSS,2024-10-11T18:31:52.400Z,34.7705161,-76.5782465,3250.902,6.74,-51.88,-0.86,6.214,8.639,1.33,15
$GNSS,2024-10-11T18:31:52.600Z,34.7705269,-76.5783670,3250.459,6.30,-52.21,-1.14,6.222,8.648,1.36,15
$GNSS,2024-10-11T18:31:52.800Z,34.7705356,-76.5784875,3250.046,5.34,-52.44,-1.53,6.228,8.656,1.35,15
$GNSS,2024-10-11T18:31:53.000Z,34.7705446,-76.5786068,3249.747,5.15,-51.98,-1.66,6.234,8.667,1.39,15
$GNSS,2024-10-11T18:31:53.200Z,34.7705531,-76.5787252,3249.607,4.81,-51.44,-1.81,6.234,8.656,1.25,16
$GNSS,2024-10-11T18:31:53.400Z,34.7705604,-76.5788456,3249.670,4.70,-51.71,-2.06,6.227,8.644,1.24,17
$GNSS,2024-10-11T18:31:53.600Z,34.7705686,-76.5789661,3249.984,4.82,-51.35,-1.81,6.221,8.634,1.28,17
$GNSS,2024-10-11T18:31:53.800Z,34.7705764,-76.5790863,3250.063,4.82,-51.80,-1.67,6.215,8.625,1.22,17
$GNSS,2024-10-11T18:31:54.000Z,34.7705832,-76.5792071,3250.104,4.39,-52.46,-1.87,6.210,8.617,1.26,17
$GNSS,2024-10-11T18:31:54.200Z,34.7705908,-76.5793273,3250.315,4.60,-51.95,-2.11,6.211,8.613,1.25,17
$GNSS,2024-10-11T18:31:54.400Z,34.7705986,-76.5794472,3250.539,4.94,-51.60,-2.11,6.210,8.610,1.23,18
$GNSS,2024-10-11T18:31:54.600Z,34.7706064,-76.5795664,3250.659,4.86,-51.62,-2.01,6.212,8.606,1.21,17
$GNSS,2024-10-11T18:31:54.800Z,34.7706161,-76.5796878,3251.330,5.02,-51.62,-1.96,6.194,8.568,1.17,19
$GNSS,2024-10-11T18:31:55.000Z,34.7706260,-76.5798088,3252.099,4.99,-51.35,-1.94,6.171,8.529,1.15,19
$GNSS,2024-10-11T18:31:55.200Z,34.7706362,-76.5799283,3252.695,5.13,-51.02,-1.80,6.145,8.493,1.16,19
$GNSS,2024-10-11T18:31:55.400Z,34.7706476,-76.5800483,3253.361,5.73,-51.25,-1.71,6.110,8.434,1.15,19
$GNSS,2024-10-11T18:31:55.600Z,34.7706599,-76.5801679,3254.215,6.05,-50.96,-1.82,6.078,8.385,1.21,19
$GNSS,2024-10-11T18:31:55.800Z,34.7706727,-76.5802871,3255.190,6.16,-50.83,-1.72,6.048,8.342,1.19,19
$GNSS,2024-10-11T18:31:56.000Z,34.7706861,-76.5804053,3256.226,6.51,-50.32,-1.85,6.028,8.320,1.23,18
$GNSS,2024-10-11T18:31:56.200Z,34.7706995,-76.5805233,3257.154,6.55,-50.59,-1.86,6.007,8.291,1.12,18
$GNSS,2024-10-11T18:31:56.400Z,34.7707139,-76.5806412,3257.981,7.08,-50.58,-1.50,5.979,8.244,1.06,18
$GNSS,2024-10-11T18:31:56.600Z,34.7707283,-76.5807599,3258.630,7.46,-50.84,-1.06,5.945,8.200,1.07,19
$GNSS,2024-10-11T18:31:56.800Z,34.7707428,-76.5808782,3259.256,7.28,-50.69,-0.81,5.912,8.158,1.10,19
$GNSS,2024-10-11T18:31:57.000Z,34.7707579,-76.5809957,3259.986,7.80,-50.23,-0.88,5.880,8.115,1.13,19
$GNSS,2024-10-11T18:31:57.200Z,34.7707729,-76.5811128,3260.619,7.72,-50.50,-1.00,5.852,8.079,1.13,19
$GNSS,2024-10-11T18:31:57.400Z,34.7707879,-76.5812296,3261.296,7.80,-50.34,-1.13,5.826,8.046,1.14,19
$GNSS,2024-10-11T18:31:57.600Z,34.7708035,-76.5813463,3262.039,8.28,-50.43,-1.25,5.802,8.010,1.13,19
$GNSS,2024-10-11T18:31:57.800Z,34.7708190,-76.5814636,3262.728,8.32,-50.68,-0.96,5.780,7.980,1.13,19
$GNSS,2024-10-11T18:31:58.000Z,34.7708356,-76.5815800,3263.290,9.01,-50.48,-1.13,5.758,7.951,1.12,19
$GNSS,2024-10-11T18:31:58.200Z,34.7708539,-76.5816959,3263.764,9.93,-50.57,-1.12,5.725,7.912,1.08,19
$GNSS,2024-10-11T18:31:58.400Z,34.7708728,-76.5818117,3264.326,10.02,-50.48,-1.36,5.692,7.871,1.08,21
$GNSS,2024-10-11T18:31:58.600Z,34.7708916,-76.5819274,3264.789,10.03,-50.72,-1.37,5.662,7.836,1.10,22
$GNSS,2024-10-11T18:31:58.800Z,34.7709105,-76.5820422,3265.202,10.08,-50.31,-1.37,5.634,7.797,1.11,22
$GNSS,2024-10-11T18:31:59.000Z,34.7709292,-76.5821564,3265.369,9.98,-50.43,-0.99,5.607,7.761,1.07,22
$GNSS,2024-10-11T18:31:59.200Z,34.7709481,-76.5822704,3265.576,10.20,-50.23,-0.87,5.579,7.728,1.06,22
$GNSS,2024-10-11T18:31:59.400Z,34.7709674,-76.5823833,3265.839,10.33,-49.66,-0.65,5.555,7.700,1.14,22
$GNSS,2024-10-11T18:31:59.600Z,34.7709867,-76.5824955,3266.119,10.42,-49.43,-0.69,5.531,7.675,1.14,22
$GNSS,2024-10-11T18:31:59.800Z,34.7710058,-76.5826081,3266.395,10.43,-49.69,-0.75,5.507,7.649,1.09,22
$GNSS,2024-10-11T18:32:00.000Z,34.7710256,-76.5827215,3266.786,11.03,-50.04,-0.80,5.484,7.626,1.09,22
$GNSS,2024-10-11T18:32:00.200Z,34.7710466,-76.5828347,3267.209,11.62,-49.87,-0.91,5.463,7.606,1.09,22
$GNSS,2024-10-11T18:32:00.400Z,34.7710686,-76.5829467,3267.730,12.24,-49.31,-1.31,5.442,7.587,1.08,22
$GNSS,2024-10-11T18:32:00.600Z,34.7710901,-76.5830583,3268.015,11.78,-49.45,-1.12,5.422,7.570,1.11,22
$GNSS,2024-10-11T18:32:00.800Z,34.7711112,-76.5831697,3268.324,11.54,-49.43,-1.37,5.408,7.563,1.14,21
$GNSS,2024-10-11T18:32:01.000Z,34.7711318,-76.5832811,3268.840,11.45,-49.17,-1.64,5.395,7.557,1.19,21
$GNSS,2024-10-11T18:32:01.200Z,34.7711517,-76.5833924,3269.285,10.93,-49.25,-1.45,5.385,7.553,1.21,20
$GNSS,2024-10-11T18:32:01.400Z,34.7711719,-76.5835024,3269.478,11.09,-48.92,-1.04,5.379,7.550,1.28,19
$GNSS,2024-10-11T18:32:01.600Z,34.7711943,-76.5836136,3269.961,12.53,-49.12,-0.99,5.373,7.544,1.24,19
$GNSS,2024-10-11T18:32:01.800Z,34.7712169,-76.5837251,3270.293,12.47,-49.53,-0.98,5.365,7.537,1.23,20
$GNSS,2024-10-11T18:32:02.000Z,34.7712388,-76.5838367,3270.801,12.16,-49.37,-1.25,5.356,7.528,1.20,20
$GNSS,2024-10-11T18:32:02.200Z,34.7712604,-76.5839478,3271.471,12.10,-48.99,-1.55,5.347,7.522,1.25,20
$GNSS,2024-10-11T18:32:02.400Z,34.7712820,-76.5840574,3271.965,11.97,-48.51,-1.43,5.339,7.517,1.22,20
$GNSS,2024-10-11T18:32:02.600Z,34.7713038,-76.5841659,3272.286,11.99,-48.27,-1.31,5.332,7.512,1.25,21
$GNSS,2024-10-11T18:32:02.800Z,34.7713267,-76.5842731,3272.432,12.48,-48.09,-1.52,5.333,7.524,1.29,20
$GNSS,2024-10-11T18:32:03.000Z,34.7713495,-76.5843811,3272.525,12.38,-48.56,-1.32,5.336,7.537,1.30,20
$GNSS,2024-10-11T18:32:03.200Z,34.7713725,-76.5844899,3272.584,12.46,-49.13,-1.31,5.340,7.549,1.29,19
$GNSS,2024-10-11T18:32:03.400Z,34.7713969,-76.5845990,3272.665,13.29,-49.27,-1.37,5.345,7.565,1.27,19
$GNSS,2024-10-11T18:32:03.600Z,34.7714210,-76.5847074,3272.949,13.10,-48.60,-1.48,5.352,7.584,1.38,19
$GNSS,2024-10-11T18:32:03.800Z,34.7714444,-76.5848141,3273.129,12.60,-48.07,-1.80,5.359,7.600,1.25,20
$GNSS,2024-10-11T18:32:04.000Z,34.7714679,-76.5849205,3273.271,12.71,-48.11,-1.97,5.366,7.618,1.23,20
$GNSS,2024-10-11T18:32:04.200Z,34.7714901,-76.5850280,3273.673,12.46,-48.14,-1.96,5.369,7.631,1.25,20
$GNSS,2024-10-11T18:32:04.400Z,34.7715119,-76.5851357,3274.022,12.26,-48.26,-1.76,5.368,7.642,1.19,20
$GNSS,2024-10-11T18:32:04.600Z,34.7715350,-76.5852418,3274.053,12.83,-47.87,-1.57,5.369,7.654,1.23,19
$GNSS,2024-10-11T18:32:04.800Z,34.7715594,-76.5853479,3274.346,13.67,-47.54,-1.73,5.371,7.667,1.23,19
$GNSS,2024-10-11T18:32:05.000Z,34.7715831,-76.5854547,3274.794,13.33,-47.82,-1.98,5.372,7.680,1.24,19
$GNSS,2024-10-11T18:32:05.200Z,34.7716070,-76.5855614,3275.296,13.43,-47.88,-2.26,5.372,7.694,1.25,20
$GNSS,2024-10-11T18:32:05.400Z,34.7716311,-76.5856689,3275.902,13.49,-48.01,-2.18,5.372,7.705,1.23,19
$GNSS,2024-10-11T18:32:05.600Z,34.7716554,-76.5857751,3276.115,13.58,-47.93,-1.94,5.374,7.719,1.27,18
$GNSS,2024-10-11T18:32:05.800Z,34.7716795,-76.5858809,3276.276,13.49,-47.73,-1.67,5.374,7.731,1.25,18
$GNSS,2024-10-11T18:32:06.000Z,34.7717042,-76.5859879,3276.749,13.68,-47.72,-1.34,5.372,7.734,1.32,18
$GNSS,2024-10-11T18:32:06.200Z,34.7717299,-76.5860946,3277.147,14.23,-47.67,-1.16,5.371,7.741,1.34,17
$GNSS,2024-10-11T18:32:06.400Z,34.7717549,-76.5861996,3277.195,13.74,-47.60,-1.12,5.369,7.746,1.29,17
$GNSS,2024-10-11T18:32:06.600Z,34.7717796,-76.5863062,3277.567,13.66,-47.80,-1.11,5.367,7.749,1.30,17
$GNSS,2024-10-11T18:32:06.800Z,34.7718047,-76.5864124,3277.683,13.86,-47.98,-1.07,5.365,7.750,1.29,17
$GNSS,2024-10-11T18:32:07.000Z,34.7718297,-76.5865184,3277.900,13.77,-47.76,-1.23,5.362,7.749,1.28,17
$GNSS,2024-10-11T18:32:07.200Z,34.7718541,-76.5866255,3278.211,13.45,-48.12,-1.24,5.355,7.741,1.18,18
$GNSS,2024-10-11T18:32:07.400Z,34.7718784,-76.5867327,3278.628,13.47,-47.88,-1.19,5.346,7.727,1.13,18
$GNSS,2024-10-11T18:32:07.600Z,34.7719036,-76.5868400,3279.074,13.86,-47.92,-1.18,5.334,7.709,1.11,19
$GNSS,2024-10-11T18:32:07.800Z,34.7719284,-76.5869468,3279.285,13.41,-47.95,-0.96,5.323,7.683,1.08,19
$GNSS,2024-10-11T18:32:08.000Z,34.7719531,-76.5870538,3279.448,13.49,-47.96,-0.78,5.312,7.657,1.07,20
$GNSS,2024-10-11T18:32:08.200Z,34.7719789,-76.5871586,3279.042,13.87,-47.45,-0.20,5.300,7.631,1.06,20
$GNSS,2024-10-11T18:32:08.400Z,34.7720046,-76.5872638,3278.905,13.87,-47.52,-0.09,5.289,7.616,1.19,20
$GNSS,2024-10-11T18:32:08.600Z,34.7720303,-76.5873692,3278.795,13.82,-47.69,-0.15,5.280,7.603,1.19,20
$GNSS,2024-10-11T18:32:08.800Z,34.7720559,-76.5874747,3279.095,13.87,-47.22,-0.79,5.271,7.591,1.18,20
$GNSS,2024-10-11T18:32:09.000Z,34.7720817,-76.5875796,3279.349,13.98,-47.08,-0.99,5.263,7.580,1.17,20
$GNSS,2024-10-11T18:32:09.200Z,34.7721075,-76.5876837,3279.523,13.90,-46.79,-0.99,5.254,7.571,1.15,19
$GNSS,2024-10-11T18:32:09.400Z,34.7721334,-76.5877868,3279.674,13.86,-46.44,-1.08,5.253,7.578,1.18,18
$GNSS,2024-10-11T18:32:09.600Z,34.7721582,-76.5878911,3279.930,13.22,-46.96,-1.03,5.253,7.584,1.17,18
$GNSS,2024-10-11T18:32:09.800Z,34.7721835,-76.5879956,3280.015,13.64,-47.09,-0.76,5.246,7.576,1.12,19
$GNSS,2024-10-11T18:32:10.000Z,34.7722085,-76.5881012,3280.470,13.67,-46.97,-0.59,5.239,7.568,1.11,19
$GNSS,2024-10-11T18:32:10.200Z,34.7722332,-76.5882075,3281.196,13.59,-47.01,-0.88,5.230,7.559,1.11,19
$GNSS,2024-10-11T18:32:10.400Z,34.7722582,-76.5883149,3281.900,13.77,-47.81,-1.12,5.220,7.546,1.15,20
$GNSS,2024-10-11T18:32:10.600Z,34.7722828,-76.5884214,3282.480,13.43,-47.22,-1.15,5.211,7.535,1.16,20
$GNSS,2024-10-11T18:32:10.800Z,34.7723076,-76.5885263,3282.950,13.50,-46.91,-1.29,5.203,7.524,1.14,19
$GNSS,2024-10-11T18:32:11.000Z,34.7723329,-76.5886314,3283.421,13.70,-46.98,-1.35,5.191,7.509,1.11,20
$GNSS,2024-10-11T18:32:11.200Z,34.7723581,-76.5887358,3283.702,13.50,-46.87,-1.24,5.180,7.500,1.23,20
$GNSS,2024-10-11T18:32:11.400Z,34.7723836,-76.5888399,3284.020,13.67,-46.83,-1.49,5.167,7.484,1.08,21
$GNSS,2024-10-11T18:32:11.600Z,34.7724096,-76.5889435,3284.368,14.03,-46.62,-1.68,5.154,7.470,1.08,21
$GNSS,2024-10-11T18:32:11.800Z,34.7724364,-76.5890466,3284.424,13.99,-46.81,-1.45,5.139,7.452,1.07,22
$GNSS,2024-10-11T18:32:12.000Z,34.7724629,-76.5891498,3284.410,13.73,-46.88,-1.12,5.123,7.436,1.06,22
$GNSS,2024-10-11T18:32:12.200Z,34.7724891,-76.5892534,3284.390,13.65,-46.95,-0.61,5.106,7.420,1.04,22
$GNSS,2024-10-11T18:32:12.400Z,34.7725156,-76.5893577,3284.452,14.02,-47.18,-0.36,5.090,7.408,1.07,22
$GNSS,2024-10-11T18:32:12.600Z,34.7725421,-76.5894621,3284.510,13.81,-47.06,-0.14,5.078,7.405,1.04,22
$GNSS,2024-10-11T18:32:12.800Z,34.7725684,-76.5895660,3284.639,13.89,-46.75,-0.32,5.066,7.397,1.01,22
$GNSS,2024-10-11T18:32:13.000Z,34.7725960,-76.5896693,3284.442,14.43,-47.10,-0.35,5.055,7.394,1.05,22
$GNSS,2024-10-11T18:32:13.200Z,34.7726236,-76.5897721,3284.169,14.33,-46.69,0.01,5.045,7.391,1.05,22
$GNSS,2024-10-11T18:32:13.400Z,34.7726504,-76.5898759,3284.185,14.04,-46.91,-0.06,5.034,7.383,0.96,22
$GNSS,2024-10-11T18:32:13.600Z,34.7726764,-76.5899801,3284.360,13.76,-47.12,-0.47,5.022,7.375,0.96,22
$GNSS,2024-10-11T18:32:13.800Z,34.7727029,-76.5900838,3284.415,13.97,-46.79,-0.24,5.009,7.368,1.01,22
$GNSS,2024-10-11T18:32:14.000Z,34.7727290,-76.5901879,3284.493,13.86,-47.07,0.01,4.998,7.363,1.05,22
$GNSS,2024-10-11T18:32:14.200Z,34.7727546,-76.5902928,3284.679,13.74,-47.38,-0.03,4.990,7.360,1.03,22
$GNSS,2024-10-11T18:32:14.400Z,34.7727794,-76.5903979,3284.773,13.23,-47.46,0.12,4.982,7.359,1.06,22
$GNSS,2024-10-11T18:32:14.600Z,34.7728050,-76.5905030,3284.919,14.04,-47.28,0.35,4.970,7.344,1.03,23
$GNSS,2024-10-11T18:32:14.800Z,34.7728300,-76.5906080,3285.121,13.58,-47.07,0.41,4.960,7.336,1.08,23
$GNSS,2024-10-11T18:32:15.000Z,34.7728546,-76.5907128,3285.349,13.31,-47.19,0.04,4.952,7.329,1.11,23
$GNSS,2024-10-11T18:32:15.200Z,34.7728806,-76.5908168,3285.152,13.87,-47.59,0.03,4.945,7.321,1.07,23
$GNSS,2024-10-11T18:32:15.400Z,34.7729059,-76.5909220,3285.231,13.56,-47.64,-0.15,4.936,7.309,1.08,23
$GNSS,2024-10-11T18:32:15.600Z,34.7729314,-76.5910267,3285.202,13.69,-47.53,-0.05,4.927,7.295,1.06,23
$GNSS,2024-10-11T18:32:15.800Z,34.7729567,-76.5911314,3285.281,13.52,-47.36,-0.08,4.917,7.281,1.04,22
$GNSS,2024-10-11T18:32:16.000Z,34.7729823,-76.5912364,3285.353,13.80,-47.61,-0.16,4.906,7.266,1.03,23
$GNSS,2024-10-11T18:32:16.200Z,34.7730079,-76.5913414,3285.489,13.79,-47.56,-0.38,4.895,7.250,1.03,23
$GNSS,2024-10-11T18:32:16.400Z,34.7730337,-76.5914462,3285.511,13.83,-47.52,-0.26,4.884,7.232,1.04,23
$GNSS,2024-10-11T18:32:16.600Z,34.7730596,-76.5915503,3285.547,13.92,-47.38,-0.46,4.874,7.216,1.03,22
$GNSS,2024-10-11T18:32:16.800Z,34.7730853,-76.5916542,3285.695,13.81,-46.92,-0.50,4.864,7.199,1.04,23
$GNSS,2024-10-11T18:32:17.000Z,34.7731112,-76.5917571,3285.696,13.91,-46.75,-0.36,4.853,7.183,1.02,23
$GNSS,2024-10-11T18:32:17.200Z,34.7731373,-76.5918597,3285.626,13.95,-46.87,-0.40,4.841,7.166,1.01,23
$GNSS,2024-10-11T18:32:17.400Z,34.7731634,-76.5919621,3285.534,13.98,-46.80,-0.35,4.830,7.153,1.01,22
$GNSS,2024-10-11T18:32:17.600Z,34.7731898,-76.5920650,3285.476,14.12,-47.12,-0.47,4.821,7.139,1.01,22
$GNSS,2024-10-11T18:32:17.800Z,34.7732157,-76.5921678,3285.564,13.83,-46.67,-0.55,4.811,7.128,1.00,22
$GNSS,2024-10-11T18:32:18.000Z,34.7732418,-76.5922704,3285.621,14.08,-46.70,-0.63,4.801,7.119,1.00,22
$GNSS,2024-10-11T18:32:18.200Z,34.7732686,-76.5923731,3285.885,14.53,-46.60,-0.98,4.793,7.114,1.04,22
$GNSS,2024-10-11T18:32:18.400Z,34.7732952,-76.5924754,3285.964,14.31,-46.51,-0.75,4.785,7.107,1.03,22
$GNSS,2024-10-11T18:32:18.600Z,34.7733212,-76.5925774,3285.775,13.95,-46.60,-0.17,4.777,7.101,1.03,21
$GNSS,2024-10-11T18:32:18.800Z,34.7733468,-76.5926793,3285.460,13.72,-46.77,0.10,4.771,7.096,1.06,20
$GNSS,2024-10-11T18:32:19.000Z,34.7733730,-76.5927806,3285.214,14.22,-46.14,0.31,4.768,7.095,1.16,20
$GNSS,2024-10-11T18:32:19.200Z,34.7733988,-76.5928819,3285.105,13.90,-46.19,0.25,4.770,7.102,1.14,21
$GNSS,2024-10-11T18:32:19.400Z,34.7734247,-76.5929843,3285.154,14.17,-46.25,0.51,4.774,7.110,1.14,21
$GNSS,2024-10-11T18:32:19.600Z,34.7734511,-76.5930873,3285.189,14.45,-46.78,0.37,4.775,7.115,1.11,21
$GNSS,2024-10-11T18:32:19.800Z,34.7734783,-76.5931898,3285.248,14.84,-46.56,-0.17,4.769,7.108,1.10,23
$GNSS,2024-10-11T18:32:20.000Z,34.7735056,-76.5932918,3285.255,14.82,-46.26,-0.15,4.761,7.101,1.12,23
$GNSS,2024-10-11T18:32:20.200Z,34.7735334,-76.5933936,3285.354,15.17,-45.99,-0.03,4.753,7.093,1.10,23
$GNSS,2024-10-11T18:32:20.400Z,34.7735614,-76.5934949,3285.220,15.14,-46.30,-0.09,4.746,7.086,1.10,23
$GNSS,2024-10-11T18:32:20.600Z,34.7735886,-76.5935964,3285.076,14.68,-46.25,0.07,4.738,7.078,1.06,23
$GNSS,2024-10-11T18:32:20.800Z,34.7736155,-76.5936987,3284.989,14.65,-46.57,0.40,4.729,7.071,1.07,23
$GNSS,2024-10-11T18:32:21.000Z,34.7736429,-76.5938013,3284.802,14.97,-46.72,0.61,4.721,7.062,1.06,23
$GNSS,2024-10-11T18:32:21.200Z,34.7736701,-76.5939038,3284.702,14.81,-46.53,0.54,4.712,7.053,1.05,23
$GNSS,2024-10-11T18:32:21.400Z,34.7736968,-76.5940064,3284.742,14.57,-46.45,0.28,4.703,7.043,1.04,23
$GNSS,2024-10-11T18:32:21.600Z,34.7737236,-76.5941088,3284.713,14.66,-46.49,0.27,4.695,7.033,1.03,23
$GNSS,2024-10-11T18:32:21.800Z,34.7737507,-76.5942119,3284.710,14.79,-46.90,0.24,4.688,7.025,1.07,23
$GNSS,2024-10-11T18:32:22.000Z,34.7737778,-76.5943141,3284.697,14.80,-46.26,0.16,4.682,7.019,1.10,23
$GNSS,2024-10-11T18:32:22.200Z,34.7738048,-76.5944151,3284.579,14.64,-45.84,0.48,4.678,7.014,1.08,23
$GNSS,2024-10-11T18:32:22.400Z,34.7738322,-76.5945158,3284.416,14.95,-45.90,0.51,4.674,7.010,1.09,23
$GNSS,2024-10-11T18:32:22.600Z,34.7738598,-76.5946166,3284.389,15.11,-45.75,0.41,4.671,7.006,1.08,23
$GNSS,2024-10-11T18:32:22.800Z,34.7738876,-76.5947176,3284.347,15.28,-45.86,0.44,4.669,7.002,1.08,23
$GNSS,2024-10-11T18:32:23.000Z,34.7739157,-76.5948182,3284.270,15.35,-45.74,0.63,4.671,6.998,1.13,21
$GNSS,2024-10-11T18:32:23.200Z,34.7739433,-76.5949187,3284.316,15.19,-45.63,0.48,4.673,6.992,1.11,21
$GNSS,2024-10-11T18:32:23.400Z,34.7739716,-76.5950195,3284.099,15.43,-46.23,0.55,4.677,6.988,1.17,20
$GNSS,2024-10-11T18:32:23.600Z,34.7740004,-76.5951212,3283.896,15.75,-46.49,0.61,4.681,6.986,1.16,20
$GNSS,2024-10-11T18:32:23.800Z,34.7740297,-76.5952236,3283.644,15.98,-46.65,1.02,4.686,6.983,1.15,20
$GNSS,2024-10-11T18:32:24.000Z,34.7740583,-76.5953249,3283.515,15.67,-46.02,0.94,4.692,6.979,1.18,20
$GNSS,2024-10-11T18:32:24.200Z,34.7740860,-76.5954251,3283.436,15.21,-45.61,0.72,4.697,6.976,1.17,20
$GNSS,2024-10-11T18:32:24.400Z,34.7741133,-76.5955249,3283.194,14.87,-45.77,0.60,4.702,6.972,1.17,20
$GNSS,2024-10-11T18:32:24.600Z,34.7741411,-76.5956254,3283.031,15.24,-45.83,0.70,4.709,6.971,1.19,20
$GNSS,2024-10-11T18:32:24.800Z,34.7741693,-76.5957265,3282.911,15.46,-46.05,0.73,4.715,6.971,1.16,21
$GNSS,2024-10-11T18:32:25.000Z,34.7741970,-76.5958273,3282.643,15.03,-46.31,0.50,4.720,6.970,1.10,21
$GNSS,2024-10-11T18:32:25.200Z,34.7742247,-76.5959285,3282.620,15.17,-45.84,0.55,4.721,6.966,1.07,21
$GNSS,2024-10-11T18:32:25.400Z,34.7742534,-76.5960293,3282.353,15.78,-46.14,0.78,4.719,6.957,1.02,21
$GNSS,2024-10-11T18:32:25.600Z,34.7742822,-76.5961311,3282.141,15.82,-46.36,0.90,4.712,6.945,0.97,22
$GNSS,2024-10-11T18:32:25.800Z,34.7743116,-76.5962325,3281.897,16.15,-46.24,0.72,4.705,6.931,0.96,22
$GNSS,2024-10-11T18:32:26.000Z,34.7743407,-76.5963341,3281.673,15.96,-46.20,0.95,4.696,6.914,0.88,22
$GNSS,2024-10-11T18:32:26.200Z,34.7743699,-76.5964356,3281.361,15.94,-46.41,0.87,4.688,6.898,0.89,22
$GNSS,2024-10-11T18:32:26.400Z,34.7743982,-76.5965361,3280.872,15.38,-46.15,0.70,4.680,6.881,0.87,22
$GNSS,2024-10-11T18:32:26.600Z,34.7744265,-76.5966367,3280.433,15.42,-46.41,0.50,4.669,6.863,0.87,22
$GNSS,2024-10-11T18:32:26.800Z,34.7744550,-76.5967390,3280.334,15.73,-46.53,0.55,4.657,6.845,0.91,22
$GNSS,2024-10-11T18:32:27.000Z,34.7744836,-76.5968417,3280.328,15.77,-46.58,0.45,4.644,6.827,0.91,22
$GNSS,2024-10-11T18:32:27.200Z,34.7745123,-76.5969437,3280.231,15.80,-46.48,0.20,4.632,6.810,0.93,22
$GNSS,2024-10-11T18:32:27.400Z,34.7745410,-76.5970455,3280.110,15.77,-46.49,0.16,4.620,6.792,0.92,22
$GNSS,2024-10-11T18:32:27.600Z,34.7745698,-76.5971475,3280.048,15.86,-46.46,0.19,4.609,6.773,0.92,22
$GNSS,2024-10-11T18:32:27.800Z,34.7745979,-76.5972495,3280.003,15.31,-46.33,0.29,4.597,6.753,0.92,22
$GNSS,2024-10-11T18:32:28.000Z,34.7746257,-76.5973518,3279.996,15.28,-46.51,0.29,4.587,6.735,0.96,22
$GNSS,2024-10-11T18:32:28.200Z,34.7746545,-76.5974525,3279.765,15.81,-46.12,0.01,4.579,6.717,0.95,22
$GNSS,2024-10-11T18:32:28.400Z,34.7746832,-76.5975531,3279.592,15.61,-46.10,-0.10,4.570,6.695,0.90,22
$GNSS,2024-10-11T18:32:28.600Z,34.7747116,-76.5976538,3279.393,15.48,-46.08,0.00,4.561,6.674,0.91,22
$GNSS,2024-10-11T18:32:28.800Z,34.7747407,-76.5977544,3279.157,15.97,-45.89,0.31,4.551,6.652,0.90,22
$GNSS,2024-10-11T18:32:29.000Z,34.7747701,-76.5978555,3279.089,16.17,-45.98,0.26,4.542,6.632,0.92,22
$GNSS,2024-10-11T18:32:29.200Z,34.7747993,-76.5979568,3279.102,15.98,-45.83,0.34,4.533,6.612,0.92,22
$GNSS,2024-10-11T18:32:29.400Z,34.7748289,-76.5980571,3279.022,16.33,-45.48,0.41,4.527,6.596,0.94,22
$GNSS,2024-10-11T18:32:29.600Z,34.7748582,-76.5981574,3279.027,16.08,-45.65,0.07,4.523,6.581,0.93,22
$GNSS,2024-10-11T18:32:29.800Z,34.7748870,-76.5982583,3279.101,15.80,-45.97,-0.22,4.518,6.567,0.93,22
$GNSS,2024-10-11T18:32:30.000Z,34.7749153,-76.5983588,3279.195,15.51,-45.75,-0.67,4.513,6.554,0.96,22
$GNSS,2024-10-11T18:32:30.200Z,34.7749438,-76.5984591,3279.366,15.66,-45.48,-0.57,4.511,6.545,0.96,22
$GNSS,2024-10-11T18:32:30.400Z,34.7749726,-76.5985602,3279.693,15.98,-45.73,-0.68,4.508,6.535,0.98,22
$GNSS,2024-10-11T18:32:30.600Z,34.7750013,-76.5986616,3280.085,15.93,-45.81,-0.85,4.503,6.524,0.96,23
$GNSS,2024-10-11T18:32:30.800Z,34.7750311,-76.5987621,3280.295,16.55,-45.61,-0.82,4.497,6.513,0.95,23
$GNSS,2024-10-11T18:32:31.000Z,34.7750606,-76.5988629,3280.544,16.28,-45.79,-0.83,4.493,6.503,0.94,23
$GNSS,2024-10-11T18:32:31.200Z,34.7750906,-76.5989635,3280.813,16.68,-45.69,-0.98,4.492,6.500,0.96,22
$GNSS,2024-10-11T18:32:31.400Z,34.7751207,-76.5990638,3281.033,16.69,-45.72,-1.12,4.491,6.496,0.99,22
$GNSS,2024-10-11T18:32:31.600Z,34.7751512,-76.5991649,3281.393,17.01,-46.02,-1.32,4.490,6.495,0.99,22
$GNSS,2024-10-11T18:32:31.800Z,34.7751819,-76.5992656,3281.663,16.97,-46.03,-1.53,4.490,6.492,0.98,22
$GNSS,2024-10-11T18:32:32.000Z,34.7752113,-76.5993668,3282.107,16.29,-46.15,-1.89,4.489,6.490,0.96,22
$GNSS,2024-10-11T18:32:32.200Z,34.7752402,-76.5994675,3282.363,15.93,-46.09,-1.63,4.488,6.488,0.96,22
$GNSS,2024-10-11T18:32:32.400Z,34.7752691,-76.5995680,3282.735,16.09,-45.92,-2.05,4.486,6.486,0.99,21
$GNSS,2024-10-11T18:32:32.600Z,34.7752976,-76.5996681,3283.137,15.72,-45.81,-2.38,4.484,6.483,0.97,21
$GNSS,2024-10-11T18:32:32.800Z,34.7753264,-76.5997678,3283.490,16.01,-45.61,-2.24,4.482,6.480,0.96,21
$GNSS,2024-10-11T18:32:33.000Z,34.7753551,-76.5998668,3283.761,15.84,-45.47,-2.09,4.479,6.478,0.95,21
$GNSS,2024-10-11T18:32:33.200Z,34.7753844,-76.5999656,3283.968,16.20,-45.31,-1.73,4.477,6.479,0.98,20
$GNSS,2024-10-11T18:32:33.400Z,34.7754132,-76.6000648,3284.325,15.95,-45.11,-1.63,4.472,6.474,0.95,21
$GNSS,2024-10-11T18:32:33.600Z,34.7754421,-76.6001636,3284.572,15.97,-45.12,-1.31,4.466,6.468,0.94,21
$GNSS,2024-10-11T18:32:33.800Z,34.7754710,-76.6002634,3285.000,16.10,-45.41,-1.53,4.459,6.463,0.94,21
$GNSS,2024-10-11T18:32:34.000Z,34.7754990,-76.6003630,3285.432,15.50,-45.25,-1.80,4.453,6.457,0.94,21
$GNSS,2024-10-11T18:32:34.200Z,34.7755270,-76.6004621,3285.825,15.55,-45.04,-1.73,4.447,6.456,1.09,22
$GNSS,2024-10-11T18:32:34.400Z,34.7755553,-76.6005611,3286.191,15.75,-45.09,-1.62,4.441,6.456,1.10,21
$GNSS,2024-10-11T18:32:34.600Z,34.7755837,-76.6006610,3286.569,15.75,-45.53,-1.74,4.436,6.456,1.09,21
$GNSS,2024-10-11T18:32:34.800Z,34.7756127,-76.6007600,3286.912,16.07,-44.98,-1.54,4.432,6.454,1.10,22
$GNSS,2024-10-11T18:32:35.000Z,34.7756418,-76.6008584,3287.206,16.07,-44.86,-1.65,4.427,6.451,1.09,22
$GNSS,2024-10-11T18:32:35.200Z,34.7756700,-76.6009575,3287.587,15.53,-45.11,-1.51,4.422,6.448,1.10,22
$GNSS,2024-10-11T18:32:35.400Z,34.7756976,-76.6010567,3288.010,15.24,-45.12,-1.69,4.416,6.444,1.08,22
$GNSS,2024-10-11T18:32:35.600Z,34.7757250,-76.6011559,3288.361,15.14,-45.19,-1.64,4.411,6.439,1.07,22
$GNSS,2024-10-11T18:32:35.800Z,34.7757531,-76.6012558,3288.857,15.66,-45.30,-1.54,4.405,6.437,1.07,21
$GNSS,2024-10-11T18:32:36.000Z,34.7757814,-76.6013548,3289.018,15.48,-45.22,-1.30,4.401,6.436,1.09,21
$GNSS,2024-10-11T18:32:36.200Z,34.7758095,-76.6014529,3289.193,15.46,-44.75,-1.30,4.398,6.435,1.08,21
$GNSS,2024-10-11T18:32:36.400Z,34.7758375,-76.6015507,3289.331,15.31,-44.74,-1.39,4.395,6.434,1.06,21
$GNSS,2024-10-11T18:32:36.600Z,34.7758647,-76.6016492,3289.569,14.87,-45.08,-1.59,4.392,6.433,1.04,21
$GNSS,2024-10-11T18:32:36.800Z,34.7758918,-76.6017489,3289.958,14.95,-45.35,-1.45,4.390,6.433,1.03,21
$GNSS,2024-10-11T18:32:37.000Z,34.7759196,-76.6018481,3290.167,15.30,-45.31,-1.35,4.389,6.435,1.03,21
$GNSS,2024-10-11T18:32:37.200Z,34.7759476,-76.6019477,3290.532,15.52,-45.21,-1.29,4.389,6.438,1.06,21
$GNSS,2024-10-11T18:32:37.400Z,34.7759755,-76.6020468,3290.891,15.41,-44.98,-1.15,4.391,6.440,1.06,21
$GNSS,2024-10-11T18:32:37.600Z,34.7760030,-76.6021454,3291.053,15.02,-45.10,-1.15,4.393,6.441,1.01,21
$GNSS,2024-10-11T18:32:37.800Z,34.7760305,-76.6022436,3291.228,15.10,-44.91,-1.38,4.396,6.440,1.03,22
$GNSS,2024-10-11T18:32:38.000Z,34.7760584,-76.6023417,3291.294,15.26,-45.09,-1.29,4.396,6.435,0.94,22
$GNSS,2024-10-11T18:32:38.200Z,34.7760855,-76.6024405,3291.364,14.65,-45.29,-1.08,4.394,6.429,0.93,22
$GNSS,2024-10-11T18:32:38.400Z,34.7761125,-76.6025384,3291.168,14.60,-45.17,-0.85,4.391,6.425,0.92,22
$GNSS,2024-10-11T18:32:38.600Z,34.7761395,-76.6026367,3291.050,14.68,-45.29,-0.72,4.388,6.421,0.90,22
$GNSS,2024-10-11T18:32:38.800Z,34.7761662,-76.6027353,3291.054,14.58,-45.21,-0.90,4.383,6.413,0.87,22
$GNSS,2024-10-11T18:32:39.000Z,34.7761924,-76.6028332,3290.863,14.12,-45.04,-0.59,4.377,6.407,0.89,22
$GNSS,2024-10-11T18:32:39.200Z,34.7762182,-76.6029308,3290.662,14.04,-44.88,-0.38,4.374,6.404,0.92,22
$GNSS,2024-10-11T18:32:39.400Z,34.7762436,-76.6030277,3290.376,13.73,-44.68,-0.29,4.371,6.403,0.93,22
$GNSS,2024-10-11T18:32:39.600Z,34.7762689,-76.6031244,3290.017,13.83,-44.81,-0.11,4.370,6.400,0.91,22
$GNSS,2024-10-11T18:32:39.800Z,34.7762940,-76.6032237,3289.942,13.91,-45.59,0.18,4.368,6.398,0.91,22
$GNSS,2024-10-11T18:32:40.000Z,34.7763191,-76.6033227,3289.561,13.81,-45.61,0.69,4.366,6.396,0.90,22
$GNSS,2024-10-11T18:32:40.200Z,34.7763443,-76.6034211,3289.100,13.86,-45.20,0.93,4.364,6.395,0.88,22
$GNSS,2024-10-11T18:32:40.400Z,34.7763697,-76.6035189,3288.700,13.96,-44.97,0.86,4.361,6.390,0.89,22
$GNSS,2024-10-11T18:32:40.600Z,34.7763955,-76.6036162,3288.185,14.22,-44.95,0.94,4.358,6.387,0.89,22
$GNSS,2024-10-11T18:32:40.800Z,34.7764209,-76.6037134,3287.591,13.83,-44.99,1.34,4.356,6.386,0.91,22
$GNSS,2024-10-11T18:32:41.000Z,34.7764462,-76.6038116,3287.136,13.91,-45.16,1.35,4.356,6.386,0.94,22
$GNSS,2024-10-11T18:32:41.200Z,34.7764709,-76.6039109,3286.806,13.56,-45.43,1.45,4.358,6.389,0.96,21
$GNSS,2024-10-11T18:32:41.400Z,34.7764951,-76.6040100,3286.319,13.22,-45.47,1.80,4.361,6.392,0.99,21
$GNSS,2024-10-11T18:32:41.600Z,34.7765185,-76.6041091,3285.834,12.83,-45.41,1.84,4.364,6.394,0.97,21
$GNSS,2024-10-11T18:32:41.800Z,34.7765424,-76.6042080,3285.360,13.24,-45.42,1.55,4.368,6.396,0.99,21
$GNSS,2024-10-11T18:32:42.000Z,34.7765658,-76.6043072,3284.925,12.82,-45.45,1.61,4.372,6.398,0.92,20
$GNSS,2024-10-11T18:32:42.200Z,34.7765900,-76.6044071,3284.443,13.40,-45.86,1.80,4.375,6.399,0.94,20
$GNSS,2024-10-11T18:32:42.400Z,34.7766143,-76.6045069,3283.846,13.34,-45.75,1.99,4.378,6.401,0.91,20
$GNSS,2024-10-11T18:32:42.600Z,34.7766383,-76.6046062,3283.307,13.10,-45.48,1.90,4.379,6.400,0.90,20
$GNSS,2024-10-11T18:32:42.800Z,34.7766627,-76.6047062,3282.806,13.54,-45.83,2.01,4.381,6.401,0.92,20
$GNSS,2024-10-11T18:32:43.000Z,34.7766871,-76.6048059,3282.135,13.26,-45.79,2.32,4.383,6.404,0.92,20
$GNSS,2024-10-11T18:32:43.200Z,34.7767115,-76.6049050,3281.417,13.39,-45.59,2.35,4.386,6.408,0.93,20
$GNSS,2024-10-11T18:32:43.400Z,34.7767361,-76.6050046,3280.770,13.52,-45.78,2.34,4.390,6.409,0.91,20
$GNSS,2024-10-11T18:32:43.600Z,34.7767600,-76.6051054,3280.362,13.20,-46.11,2.01,4.392,6.411,0.91,20
$GNSS,2024-10-11T18:32:43.800Z,34.7767845,-76.6052062,3279.867,13.58,-46.17,1.93,4.395,6.410,0.90,20
$GNSS,2024-10-11T18:32:44.000Z,34.7768100,-76.6053063,3279.310,14.08,-45.95,1.80,4.395,6.408,0.88,21
$GNSS,2024-10-11T18:32:44.200Z,34.7768345,-76.6054066,3278.807,13.31,-46.14,1.58,4.397,6.406,0.90,21
$GNSS,2024-10-11T18:32:44.400Z,34.7768585,-76.6055071,3278.336,13.20,-45.99,1.78,4.399,6.405,0.88,21
$GNSS,2024-10-11T18:32:44.600Z,34.7768832,-76.6056064,3277.631,13.43,-46.00,1.69,4.401,6.404,0.89,21
$GNSS,2024-10-11T18:32:44.800Z,34.7769074,-76.6057073,3277.182,13.34,-46.28,1.71,4.402,6.402,0.89,21
$GNSS,2024-10-11T18:32:45.000Z,34.7769316,-76.6058083,3276.776,13.41,-46.12,1.58,4.403,6.400,0.89,20
$GNSS,2024-10-11T18:32:45.200Z,34.7769556,-76.6059100,3276.445,13.33,-46.25,1.88,4.404,6.398,0.88,20
$GNSS,2024-10-11T18:32:45.400Z,34.7769794,-76.6060114,3276.104,13.25,-46.13,1.76,4.404,6.394,0.87,20
$GNSS,2024-10-11T18:32:45.600Z,34.7770027,-76.6061131,3275.800,13.01,-46.16,1.93,4.411,6.402,0.90,19
$GNSS,2024-10-11T18:32:45.800Z,34.7770258,-76.6062158,3275.662,13.08,-46.53,1.63,4.418,6.411,0.87,19
$GNSS,2024-10-11T18:32:46.000Z,34.7770483,-76.6063187,3275.608,12.71,-46.50,1.25,4.424,6.420,0.91,19
$GNSS,2024-10-11T18:32:46.200Z,34.7770714,-76.6064221,3275.616,13.18,-46.70,1.07,4.431,6.430,0.91,19
$GNSS,2024-10-11T18:32:46.400Z,34.7770945,-76.6065256,3275.704,13.15,-46.55,0.95,4.438,6.439,0.91,19
$GNSS,2024-10-11T18:32:46.600Z,34.7771180,-76.6066293,3275.841,13.37,-46.60,0.84,4.444,6.447,0.87,20
$GNSS,2024-10-11T18:32:46.800Z,34.7771421,-76.6067315,3275.718,13.32,-46.58,0.62,4.450,6.457,0.90,20
$GNSS,2024-10-11T18:32:47.000Z,34.7771651,-76.6068344,3275.761,12.81,-46.62,0.53,4.456,6.465,0.89,20
$GNSS,2024-10-11T18:32:47.200Z,34.7771875,-76.6069366,3275.689,12.37,-46.45,0.60,4.460,6.474,0.89,21
$GNSS,2024-10-11T18:32:47.400Z,34.7772108,-76.6070386,3275.572,13.00,-46.62,0.43,4.464,6.481,0.93,21
$GNSS,2024-10-11T18:32:47.600Z,34.7772335,-76.6071412,3275.487,12.57,-46.73,0.57,4.469,6.490,0.92,21
$GNSS,2024-10-11T18:32:47.800Z,34.7772577,-76.6072437,3275.327,13.50,-46.74,0.74,4.474,6.499,0.92,21
$GNSS,2024-10-11T18:32:48.000Z,34.7772818,-76.6073458,3275.125,13.20,-46.79,0.63,4.473,6.498,0.93,22
$GNSS,2024-10-11T18:32:48.200Z,34.7773051,-76.6074471,3274.851,12.57,-46.57,0.42,4.471,6.496,0.91,22
$GNSS,2024-10-11T18:32:48.400Z,34.7773278,-76.6075484,3274.622,12.28,-46.52,0.41,4.468,6.493,0.91,22
$GNSS,2024-10-11T18:32:48.600Z,34.7773511,-76.6076502,3274.548,12.95,-46.46,0.37,4.464,6.491,0.92,22
$GNSS,2024-10-11T18:32:48.800Z,34.7773745,-76.6077532,3274.562,13.03,-47.06,0.39,4.462,6.490,0.93,21
$GNSS,2024-10-11T18:32:49.000Z,34.7773979,-76.6078570,3274.564,13.14,-47.06,0.66,4.465,6.501,0.94,20
$GNSS,2024-10-11T18:32:49.200Z,34.7774229,-76.6079598,3274.351,13.97,-47.00,0.74,4.470,6.512,0.96,20
$GNSS,2024-10-11T18:32:49.400Z,34.7774475,-76.6080632,3274.469,13.87,-46.88,0.19,4.475,6.523,0.96,20
$GNSS,2024-10-11T18:32:49.600Z,34.7774717,-76.6081667,3274.533,13.41,-47.20,0.07,4.482,6.533,0.99,19
$GNSS,2024-10-11T18:32:49.800Z,34.7774946,-76.6082713,3274.781,12.95,-47.22,0.13,4.489,6.546,0.97,19
$GNSS,2024-10-11T18:32:50.000Z,34.7775176,-76.6083748,3274.749,12.78,-47.23,0.20,4.495,6.558,0.97,19
$GNSS,2024-10-11T18:32:50.200Z,34.7775405,-76.6084779,3274.769,12.81,-46.98,-0.15,4.502,6.568,0.98,19
$GNSS,2024-10-11T18:32:50.400Z,34.7775642,-76.6085798,3274.486,12.94,-47.06,0.05,4.511,6.580,0.99,18
$GNSS,2024-10-11T18:32:50.600Z,34.7775875,-76.6086820,3274.160,12.65,-47.32,0.09,4.520,6.590,0.98,18
$GNSS,2024-10-11T18:32:50.800Z,34.7776111,-76.6087844,3273.831,12.93,-47.22,0.22,4.529,6.601,1.00,18
$GNSS,2024-10-11T18:32:51.000Z,34.7776344,-76.6088873,3273.807,12.91,-47.14,-0.24,4.538,6.612,1.00,18
$GNSS,2024-10-11T18:32:51.200Z,34.7776577,-76.6089897,3273.573,12.71,-47.07,0.15,4.548,6.624,1.01,18
$GNSS,2024-10-11T18:32:51.400Z,34.7776811,-76.6090929,3273.334,12.85,-47.64,0.13,4.558,6.638,1.01,18
$GNSS,2024-10-11T18:32:51.600Z,34.7777034,-76.6091960,3273.085,12.22,-47.21,0.50,4.569,6.652,1.03,17
$GNSS,2024-10-11T18:32:51.800Z,34.7777257,-76.6092991,3272.961,12.42,-46.91,0.56,4.579,6.664,1.01,17
$GNSS,2024-10-11T18:32:52.000Z,34.7777475,-76.6094035,3273.091,12.37,-47.37,0.38,4.588,6.675,1.00,17
$GNSS,2024-10-11T18:32:52.200Z,34.7777702,-76.6095074,3273.194,12.87,-46.97,0.21,4.598,6.689,1.01,17
$GNSS,2024-10-11T18:32:52.400Z,34.7777925,-76.6096113,3273.354,12.62,-46.95,0.18,4.608,6.704,1.01,17
$GNSS,2024-10-11T18:32:52.600Z,34.7778156,-76.6097168,3273.593,13.13,-47.70,0.26,4.617,6.718,1.01,17
$GNSS,2024-10-11T18:32:52.800Z,34.7778394,-76.6098215,3273.596,13.36,-47.62,0.22,4.627,6.734,1.05,17
$GNSS,2024-10-11T18:32:53.000Z,34.7778629,-76.6099271,3273.803,13.34,-47.62,0.24,4.637,6.751,1.06,17
$GNSS,2024-10-11T18:32:53.200Z,34.7778865,-76.6100304,3273.571,13.02,-47.38,0.30,4.650,6.773,1.05,17
$GNSS,2024-10-11T18:32:53.400Z,34.7779091,-76.6101335,3273.537,12.55,-47.08,-0.06,4.662,6.796,1.04,17
$GNSS,2024-10-11T18:32:53.600Z,34.7779312,-76.6102374,3273.601,12.37,-47.31,-0.07,4.676,6.821,1.08,17
$GNSS,2024-10-11T18:32:53.800Z,34.7779534,-76.6103412,3273.621,12.46,-47.21,0.03,4.689,6.844,1.08,17
$GNSS,2024-10-11T18:32:54.000Z,34.7779756,-76.6104456,3273.789,12.49,-47.32,-0.10,4.703,6.869,1.07,17
$GNSS,2024-10-11T18:32:54.200Z,34.7779977,-76.6105483,3273.780,12.37,-46.78,-0.18,4.716,6.892,1.10,17
$GNSS,2024-10-11T18:32:54.400Z,34.7780207,-76.6106514,3273.661,12.71,-47.29,0.00,4.730,6.917,1.08,17
$GNSS,2024-10-11T18:32:54.600Z,34.7780439,-76.6107558,3273.646,12.98,-47.55,0.26,4.742,6.939,1.06,17
$GNSS,2024-10-11T18:32:54.800Z,34.7780678,-76.6108601,3273.592,13.30,-47.77,-0.01,4.754,6.961,1.07,17
$GNSS,2024-10-11T18:32:55.000Z,34.7780902,-76.6109649,3273.691,12.46,-47.69,-0.20,4.766,6.983,1.04,17
$GNSS,2024-10-11T18:32:55.200Z,34.7781135,-76.6110692,3273.709,13.06,-47.51,-0.11,4.778,7.008,1.05,17
$GNSS,2024-10-11T18:32:55.400Z,34.7781356,-76.6111741,3273.934,12.40,-47.51,-0.21,4.789,7.031,1.06,17
$GNSS,2024-10-11T18:32:55.600Z,34.7781580,-76.6112780,3274.085,12.54,-47.20,-0.39,4.801,7.053,1.08,17
$GNSS,2024-10-11T18:32:55.800Z,34.7781809,-76.6113818,3274.062,12.76,-47.64,-0.27,4.811,7.074,1.06,17
$GNSS,2024-10-11T18:32:56.000Z,34.7782039,-76.6114862,3274.067,12.80,-47.74,-0.23,4.820,7.093,1.06,17
$GNSS,2024-10-11T18:32:56.200Z,34.7782271,-76.6115893,3273.938,12.87,-47.41,-0.33,4.827,7.112,1.04,17
$GNSS,2024-10-11T18:32:56.400Z,34.7782502,-76.6116926,3273.884,12.84,-47.41,-0.26,4.835,7.131,1.04,17
$GNSS,2024-10-11T18:32:56.600Z,34.7782741,-76.6117969,3274.041,13.54,-47.54,-0.47,4.842,7.152,1.06,17
$GNSS,2024-10-11T18:32:56.800Z,34.7782976,-76.6118999,3274.074,12.95,-47.18,-0.71,4.850,7.171,1.04,17
$GNSS,2024-10-11T18:32:57.000Z,34.7783210,-76.6120027,3274.019,12.96,-47.28,-0.49,4.858,7.191,1.03,17
$GNSS,2024-10-11T18:32:57.200Z,34.7783442,-76.6121074,3274.241,13.03,-47.57,-0.49,4.867,7.210,1.03,17
$GNSS,2024-10-11T18:32:57.400Z,34.7783676,-76.6122110,3274.243,12.91,-47.61,-0.69,4.872,7.219,0.99,18
$GNSS,2024-10-11T18:32:57.600Z,34.7783915,-76.6123147,3274.131,13.31,-47.68,-0.33,4.882,7.239,1.03,17
$GNSS,2024-10-11T18:32:57.800Z,34.7784157,-76.6124180,3274.016,13.39,-47.42,-0.20,4.889,7.248,1.01,18
$GNSS,2024-10-11T18:32:58.000Z,34.7784401,-76.6125212,3273.899,13.55,-47.53,-0.33,4.894,7.257,1.00,18
$GNSS,2024-10-11T18:32:58.200Z,34.7784651,-76.6126245,3273.832,13.88,-47.46,-0.39,4.898,7.262,0.98,18
$GNSS,2024-10-11T18:32:58.400Z,34.7784894,-76.6127284,3273.904,13.49,-47.56,-0.59,4.903,7.272,1.00,18
$GNSS,2024-10-11T18:32:58.600Z,34.7785137,-76.6128322,3273.898,13.50,-47.58,-0.52,4.908,7.293,1.16,17
$GNSS,2024-10-11T18:32:58.800Z,34.7785385,-76.6129359,3273.873,13.84,-47.43,-0.28,4.913,7.317,1.18,17
$GNSS,2024-10-11T18:32:59.000Z,34.7785632,-76.6130415,3273.942,13.81,-48.40,-0.28,4.920,7.343,1.25,17
$GNSS,2024-10-11T18:32:59.200Z,34.7785873,-76.6131461,3273.823,13.21,-48.14,-0.43,4.926,7.365,1.19,17
$GNSS,2024-10-11T18:32:59.400Z,34.7786109,-76.6132505,3273.911,13.11,-47.80,-0.79,4.931,7.389,1.20,17
$GNSS,2024-10-11T18:32:59.600Z,34.7786340,-76.6133547,3274.123,12.91,-47.43,-0.81,4.934,7.411,1.15,18
$GNSS,2024-10-11T18:32:59.800Z,34.7786572,-76.6134589,3274.004,12.75,-47.76,-0.21,4.932,7.425,1.06,19
$GNSS,2024-10-11T18:33:00.000Z,34.7786799,-76.6135639,3274.170,12.79,-47.68,-0.50,4.928,7.438,1.04,19
$GNSS,2024-10-11T18:33:00.200Z,34.7787031,-76.6136677,3273.896,12.67,-47.55,-0.05,4.924,7.448,1.04,19
$GNSS,2024-10-11T18:33:00.400Z,34.7787265,-76.6137705,3273.588,12.89,-47.09,0.19,4.921,7.459,1.05,19
$GNSS,2024-10-11T18:33:00.600Z,34.7787499,-76.6138723,3273.403,12.92,-46.66,0.03,4.925,7.479,1.18,18
$GNSS,2024-10-11T18:33:00.800Z,34.7787731,-76.6139742,3273.173,12.84,-46.79,0.18,4.931,7.502,1.15,19
$GNSS,2024-10-11T18:33:01.000Z,34.7787957,-76.6140771,3273.092,12.63,-46.86,0.36,4.938,7.524,1.14,19
$GNSS,2024-10-11T18:33:01.200Z,34.7788189,-76.6141795,3272.753,12.85,-47.06,0.52,4.944,7.550,1.13,19
$GNSS,2024-10-11T18:33:01.400Z,34.7788414,-76.6142825,3272.670,12.61,-47.02,0.20,4.950,7.577,1.15,19
$GNSS,2024-10-11T18:33:01.600Z,34.7788646,-76.6143857,3272.506,12.90,-47.32,0.04,4.955,7.607,1.17,19
$GNSS,2024-10-11T18:33:01.800Z,34.7788885,-76.6144888,3272.212,13.20,-47.42,0.11,4.959,7.632,1.15,19
$GNSS,2024-10-11T18:33:02.000Z,34.7789118,-76.6145940,3272.210,13.02,-47.89,0.22,4.963,7.660,1.23,19
$GNSS,2024-10-11T18:33:02.200Z,34.7789353,-76.6147004,3272.340,13.41,-48.36,0.22,4.966,7.686,1.22,20
$GNSS,2024-10-11T18:33:02.400Z,34.7789600,-76.6148061,3272.259,13.87,-48.34,0.18,4.967,7.711,1.21,20
$GNSS,2024-10-11T18:33:02.600Z,34.7789859,-76.6149101,3271.858,14.28,-47.82,0.40,4.970,7.736,1.17,20
$GNSS,2024-10-11T18:33:02.800Z,34.7790121,-76.6150136,3271.266,14.33,-47.77,0.83,4.973,7.757,1.13,20
$GNSS,2024-10-11T18:33:03.000Z,34.7790366,-76.6151187,3270.957,13.53,-48.07,1.08,4.975,7.778,1.13,20
$GNSS,2024-10-11T18:33:03.200Z,34.7790601,-76.6152244,3270.892,13.24,-48.05,0.92,4.978,7.804,1.17,20
$GNSS,2024-10-11T18:33:03.400Z,34.7790846,-76.6153302,3270.736,13.75,-48.36,0.76,4.982,7.832,1.16,20
$GNSS,2024-10-11T18:33:03.600Z,34.7791097,-76.6154352,3270.451,14.01,-47.99,0.84,4.986,7.864,1.16,19
$GNSS,2024-10-11T18:33:03.800Z,34.7791341,-76.6155389,3270.049,13.44,-47.53,1.02,4.990,7.896,1.16,19
$GNSS,2024-10-11T18:33:04.000Z,34.7791580,-76.6156436,3269.988,13.49,-47.70,0.88,4.991,7.925,1.12,19
$GNSS,2024-10-11T18:33:04.200Z,34.7791820,-76.6157484,3269.848,13.47,-47.78,1.00,4.992,7.955,1.13,19
$GNSS,2024-10-11T18:33:04.400Z,34.7792058,-76.6158537,3269.858,13.44,-47.96,0.70,4.993,7.986,1.12,19
$GNSS,2024-10-11T18:33:04.600Z,34.7792293,-76.6159588,3270.010,13.32,-47.81,0.21,4.993,8.010,1.12,20
$GNSS,2024-10-11T18:33:04.800Z,34.7792529,-76.6160635,3269.905,13.12,-47.74,0.54,4.993,8.029,1.08,20
$GNSS,2024-10-11T18:33:05.000Z,34.7792757,-76.6161683,3269.995,12.85,-47.68,0.39,4.992,8.046,1.06,20
$GNSS,2024-10-11T18:33:05.200Z,34.7792985,-76.6162734,3270.104,12.90,-47.90,0.18,4.991,8.062,1.05,20
$GNSS,2024-10-11T18:33:05.400Z,34.7793222,-76.6163789,3270.264,13.54,-47.70,0.56,4.990,8.078,1.09,19
$GNSS,2024-10-11T18:33:05.600Z,34.7793469,-76.6164844,3270.458,14.14,-47.67,0.74,4.991,8.093,1.07,19
$GNSS,2024-10-11T18:33:05.800Z,34.7793702,-76.6165908,3270.883,13.41,-48.05,0.45,4.991,8.105,1.06,19
$GNSS,2024-10-11T18:33:06.000Z,34.7793942,-76.6166962,3270.943,13.53,-47.95,0.48,4.993,8.119,1.11,19
$GNSS,2024-10-11T18:33:06.200Z,34.7794190,-76.6168006,3270.884,13.95,-47.91,-0.02,4.994,8.129,1.11,20
$GNSS,2024-10-11T18:33:06.400Z,34.7794435,-76.6169042,3270.727,13.56,-47.41,0.15,4.994,8.140,1.09,19
$GNSS,2024-10-11T18:33:06.600Z,34.7794672,-76.6170082,3270.520,13.06,-47.75,0.35,4.995,8.153,1.14,19
$GNSS,2024-10-11T18:33:06.800Z,34.7794904,-76.6171129,3270.346,12.93,-48.26,0.12,4.996,8.162,1.12,19
$GNSS,2024-10-11T18:33:07.000Z,34.7795144,-76.6172188,3270.126,13.33,-48.71,0.25,4.994,8.169,1.06,19
$GNSS,2024-10-11T18:33:07.200Z,34.7795387,-76.6173243,3269.846,13.43,-48.40,0.49,4.992,8.171,1.04,19
$GNSS,2024-10-11T18:33:07.400Z,34.7795631,-76.6174302,3269.944,13.81,-48.40,0.03,4.989,8.175,1.06,19
$GNSS,2024-10-11T18:33:07.600Z,34.7795874,-76.6175355,3269.919,13.54,-48.20,-0.12,4.987,8.178,1.06,19
$GNSS,2024-10-11T18:33:07.800Z,34.7796109,-76.6176428,3270.281,13.39,-48.79,-0.07,4.986,8.185,1.07,19
$GNSS,2024-10-11T18:33:08.000Z,34.7796337,-76.6177507,3270.766,13.08,-48.67,0.12,4.987,8.194,1.11,19
$GNSS,2024-10-11T18:33:08.200Z,34.7796580,-76.6178573,3270.649,13.48,-48.95,0.12,4.989,8.204,1.15,19
$GNSS,2024-10-11T18:33:08.400Z,34.7796822,-76.6179627,3270.897,13.63,-47.94,-0.48,4.993,8.216,1.19,19
$GNSS,2024-10-11T18:33:08.600Z,34.7797063,-76.6180667,3270.924,13.41,-47.60,-0.47,4.996,8.224,1.11,19
$GNSS,2024-10-11T18:33:08.800Z,34.7797298,-76.6181717,3271.132,13.17,-47.98,-0.41,4.998,8.231,1.10,19
$GNSS,2024-10-11T18:33:09.000Z,34.7797531,-76.6182773,3271.290,13.04,-48.44,-0.61,4.995,8.232,1.06,21
$GNSS,2024-10-11T18:33:09.200Z,34.7797769,-76.6183834,3271.288,13.19,-48.63,-0.45,4.991,8.231,1.04,21
$GNSS,2024-10-11T18:33:09.400Z,34.7798014,-76.6184892,3271.061,13.49,-48.78,-0.32,4.987,8.228,0.99,21
$GNSS,2024-10-11T18:33:09.600Z,34.7798255,-76.6185955,3271.112,13.37,-48.69,-0.56,4.981,8.225,0.99,21
$GNSS,2024-10-11T18:33:09.800Z,34.7798498,-76.6187019,3271.376,13.68,-48.46,-0.77,4.974,8.226,0.98,21
$GNSS,2024-10-11T18:33:10.000Z,34.7798735,-76.6188084,3271.659,13.28,-48.55,-0.78,4.968,8.227,1.00,21
$GNSS,2024-10-11T18:33:10.200Z,34.7798981,-76.6189135,3271.821,13.71,-47.85,-0.79,4.963,8.230,1.01,21
$GNSS,2024-10-11T18:33:10.400Z,34.7799226,-76.6190190,3272.038,13.66,-48.38,-1.02,4.959,8.237,1.08,21
$GNSS,2024-10-11T18:33:10.600Z,34.7799471,-76.6191245,3271.846,13.27,-48.71,-0.82,4.955,8.240,1.02,21
$GNSS,2024-10-11T18:33:10.800Z,34.7799699,-76.6192300,3272.075,12.64,-48.10,-1.04,4.951,8.241,1.06,21
$GNSS,2024-10-11T18:33:11.000Z,34.7799933,-76.6193351,3272.309,13.08,-48.10,-1.12,4.948,8.241,1.03,19
$GNSS,2024-10-11T18:33:11.200Z,34.7800168,-76.6194399,3272.480,12.96,-48.11,-1.37,4.946,8.239,1.04,19
$GNSS,2024-10-11T18:33:11.400Z,34.7800398,-76.6195457,3272.765,12.74,-48.53,-1.44,4.939,8.228,0.99,19
$GNSS,2024-10-11T18:33:11.600Z,34.7800628,-76.6196511,3273.183,12.88,-48.08,-1.84,4.933,8.222,1.05,19
$GNSS,2024-10-11T18:33:11.800Z,34.7800867,-76.6197550,3273.254,13.05,-47.91,-1.91,4.929,8.217,1.06,19
$GNSS,2024-10-11T18:33:12.000Z,34.7801107,-76.6198593,3273.299,13.05,-48.06,-1.72,4.924,8.216,1.08,20
$GNSS,2024-10-11T18:33:12.200Z,34.7801348,-76.6199636,3273.350,13.16,-47.92,-1.58,4.918,8.209,1.02,20
$GNSS,2024-10-11T18:33:12.400Z,34.7801585,-76.6200678,3273.544,13.00,-47.85,-1.73,4.913,8.205,1.06,19
$GNSS,2024-10-11T18:33:12.600Z,34.7801819,-76.6201722,3273.778,12.86,-47.95,-1.80,4.908,8.197,1.05,19
$GNSS,2024-10-11T18:33:12.800Z,34.7802060,-76.6202768,3273.904,13.23,-47.99,-1.57,4.903,8.188,1.03,19
$GNSS,2024-10-11T18:33:13.000Z,34.7802308,-76.6203817,3274.170,13.77,-47.89,-1.40,4.898,8.179,1.02,19
$GNSS,2024-10-11T18:33:13.200Z,34.7802550,-76.6204873,3274.554,13.36,-48.20,-1.28,4.892,8.171,1.01,19
$GNSS,2024-10-11T18:33:13.400Z,34.7802785,-76.6205936,3274.993,13.03,-48.57,-1.43,4.885,8.163,1.01,19
$GNSS,2024-10-11T18:33:13.600Z,34.7803010,-76.6206995,3275.367,12.44,-48.24,-1.43,4.881,8.158,1.07,19
$GNSS,2024-10-11T18:33:13.800Z,34.7803238,-76.6208047,3275.487,12.44,-48.28,-1.36,4.878,8.152,1.07,19
$GNSS,2024-10-11T18:33:14.000Z,34.7803479,-76.6209097,3275.449,13.22,-48.19,-1.21,4.876,8.145,1.02,19
$GNSS,2024-10-11T18:33:14.200Z,34.7803719,-76.6210149,3275.539,13.15,-48.15,-1.04,4.877,8.143,1.03,19
$GNSS,2024-10-11T18:33:14.400Z,34.7803953,-76.6211196,3275.687,12.86,-48.02,-1.36,4.878,8.142,0.99,19
$GNSS,2024-10-11T18:33:14.600Z,34.7804185,-76.6212233,3275.741,12.69,-47.60,-1.57,4.881,8.145,0.99,19
$GNSS,2024-10-11T18:33:14.800Z,34.7804423,-76.6213278,3275.879,13.07,-47.85,-1.31,4.884,8.145,1.00,19
$GNSS,2024-10-11T18:33:15.000Z,34.7804657,-76.6214328,3276.165,12.94,-47.88,-1.33,4.886,8.143,0.98,19
$GNSS,2024-10-11T18:33:15.200Z,34.7804887,-76.6215376,3276.563,12.74,-47.66,-1.46,4.887,8.138,0.94,20
$GNSS,2024-10-11T18:33:15.400Z,34.7805120,-76.6216422,3276.764,12.78,-47.71,-1.22,4.887,8.132,0.92,20
$GNSS,2024-10-11T18:33:15.600Z,34.7805360,-76.6217470,3276.843,13.18,-47.74,-0.78,4.885,8.125,0.91,20
$GNSS,2024-10-11T18:33:15.800Z,34.7805603,-76.6218515,3276.646,13.15,-47.98,-0.34,4.883,8.120,0.90,20
$GNSS,2024-10-11T18:33:16.000Z,34.7805837,-76.6219566,3276.471,12.72,-48.20,-0.09,4.880,8.112,0.90,20
$GNSS,2024-10-11T18:33:16.200Z,34.7806064,-76.6220613,3276.586,12.79,-47.88,-0.53,4.870,8.092,0.85,22
$GNSS,2024-10-11T18:33:16.400Z,34.7806290,-76.6221657,3276.742,12.61,-47.91,-0.95,4.859,8.069,0.85,22
$GNSS,2024-10-11T18:33:16.600Z,34.7806514,-76.6222706,3277.001,12.66,-47.73,-0.83,4.847,8.049,0.85,22
$GNSS,2024-10-11T18:33:16.800Z,34.7806736,-76.6223759,3277.296,12.57,-47.96,-0.75,4.836,8.029,0.84,22
$GNSS,2024-10-11T18:33:17.000Z,34.7806957,-76.6224802,3277.177,12.21,-47.85,-0.40,4.825,8.011,0.86,22
$GNSS,2024-10-11T18:33:17.200Z,34.7807179,-76.6225848,3277.066,12.43,-48.00,-0.13,4.815,7.994,0.86,22
$GNSS,2024-10-11T18:33:17.400Z,34.7807404,-76.6226893,3276.954,12.51,-47.88,-0.09,4.805,7.977,0.85,21
$GNSS,2024-10-11T18:33:17.600Z,34.7807632,-76.6227938,3276.986,12.65,-47.73,-0.35,4.797,7.961,0.85,21
$GNSS,2024-10-11T18:33:17.800Z,34.7807860,-76.6228988,3276.910,12.62,-48.17,-0.12,4.789,7.946,0.86,21
$GNSS,2024-10-11T18:33:18.000Z,34.7808089,-76.6230039,3276.758,12.61,-48.03,0.17,4.780,7.925,0.84,21
$GNSS,2024-10-11T18:33:18.200Z,34.7808319,-76.6231083,3276.363,12.57,-48.11,0.41,4.774,7.910,0.85,21
$GNSS,2024-10-11T18:33:18.400Z,34.7808545,-76.6232141,3276.382,12.49,-48.13,0.47,4.769,7.896,0.86,22
$GNSS,2024-10-11T18:33:18.600Z,34.7808751,-76.6233202,3276.424,11.21,-48.37,0.23,4.765,7.885,0.86,22
$GNSS,2024-10-11T18:33:18.800Z,34.7808949,-76.6234270,3276.682,11.07,-48.26,0.11,4.762,7.876,0.89,22
$GNSS,2024-10-11T18:33:19.000Z,34.7809152,-76.6235338,3277.057,11.58,-48.24,-0.03,4.760,7.868,0.92,22
$GNSS,2024-10-11T18:33:19.200Z,34.7809362,-76.6236396,3277.656,12.09,-46.96,0.06,4.760,7.864,0.94,22
$GNSS,2024-10-11T18:33:19.400Z,34.7809577,-76.6237436,3277.803,12.02,-47.47,-0.03,4.760,7.862,1.05,22
$GNSS,2024-10-11T18:33:19.600Z,34.7809793,-76.6238485,3277.911,12.06,-48.03,-0.33,4.762,7.858,1.02,21
$GNSS,2024-10-11T18:33:19.800Z,34.7810011,-76.6239537,3277.835,11.99,-48.38,-0.34,4.764,7.857,1.05,21
$GNSS,2024-10-11T18:33:20.000Z,34.7810228,-76.6240604,3278.083,12.22,-48.48,-0.29,4.767,7.855,1.05,21
$GNSS,2024-10-11T18:33:20.200Z,34.7810450,-76.6241665,3278.142,12.42,-48.49,-0.21,4.770,7.852,1.05,21
$GNSS,2024-10-11T18:33:20.400Z,34.7810676,-76.6242725,3278.159,12.69,-48.49,-0.12,4.772,7.847,1.08,21
$GNSS,2024-10-11T18:33:20.600Z,34.7810897,-76.6243785,3278.303,12.53,-48.26,-0.02,4.775,7.844,1.11,21
$GNSS,2024-10-11T18:33:20.800Z,34.7811112,-76.6244855,3278.633,12.26,-48.56,-0.23,4.777,7.841,1.10,21
$GNSS,2024-10-11T18:33:21.000Z,34.7811328,-76.6245920,3278.745,12.23,-48.47,0.10,4.779,7.844,1.15,20
$GNSS,2024-10-11T18:33:21.200Z,34.7811550,-76.6246993,3278.976,12.67,-48.82,-0.10,4.781,7.846,1.10,21
$GNSS,2024-10-11T18:33:21.400Z,34.7811781,-76.6248054,3278.842,12.75,-48.73,-0.16,4.783,7.843,1.08,21
$GNSS,2024-10-11T18:33:21.600Z,34.7812005,-76.6249122,3279.038,12.62,-48.57,-0.26,4.784,7.838,1.05,21
$GNSS,2024-10-11T18:33:21.800Z,34.7812229,-76.6250204,3279.595,12.91,-48.62,-0.30,4.784,7.833,1.04,22
$GNSS,2024-10-11T18:33:22.000Z,34.7812451,-76.6251280,3280.125,12.64,-48.64,-0.78,4.785,7.831,1.10,22
$GNSS,2024-10-11T18:33:22.200Z,34.7812673,-76.6252349,3280.187,12.22,-48.96,-0.72,4.785,7.825,1.07,22
$GNSS,2024-10-11T18:33:22.400Z,34.7812897,-76.6253400,3279.938,12.11,-48.51,-0.94,4.786,7.824,1.12,22
$GNSS,2024-10-11T18:33:22.600Z,34.7813127,-76.6254448,3279.864,12.61,-48.22,-1.09,4.787,7.818,1.04,22
$GNSS,2024-10-11T18:33:22.800Z,34.7813357,-76.6255516,3280.198,12.80,-48.95,-1.63,4.787,7.815,1.10,22
$GNSS,2024-10-11T18:33:23.000Z,34.7813588,-76.6256577,3280.427,12.89,-48.46,-1.30,4.789,7.812,1.10,21
$GNSS,2024-10-11T18:33:23.200Z,34.7813828,-76.6257636,3280.390,13.18,-48.77,-0.99,4.790,7.806,1.07,21
$GNSS,2024-10-11T18:33:23.400Z,34.7814062,-76.6258703,3280.464,12.88,-49.06,-1.11,4.790,7.801,1.06,21
$GNSS,2024-10-11T18:33:23.600Z,34.7814303,-76.6259777,3280.521,13.28,-49.23,-0.94,4.789,7.800,1.08,22
$GNSS,2024-10-11T18:33:23.800Z,34.7814535,-76.6260838,3280.678,12.75,-48.51,-1.37,4.789,7.801,1.17,22
$GNSS,2024-10-11T18:33:24.000Z,34.7814761,-76.6261897,3280.908,12.42,-48.55,-1.70,4.788,7.799,1.12,22
$GNSS,2024-10-11T18:33:24.200Z,34.7814992,-76.6262949,3280.969,12.68,-48.35,-1.65,4.787,7.794,1.01,22
$GNSS,2024-10-11T18:33:24.400Z,34.7815227,-76.6264000,3280.958,12.86,-48.30,-1.39,4.783,7.789,1.02,22
$GNSS,2024-10-11T18:33:24.600Z,34.7815472,-76.6265045,3280.684,13.27,-48.36,-1.09,4.780,7.783,1.03,22
$GNSS,2024-10-11T18:33:24.800Z,34.7815714,-76.6266096,3280.602,13.16,-48.46,-1.19,4.777,7.777,1.04,22
$GNSS,2024-10-11T18:33:25.000Z,34.7815953,-76.6267152,3280.505,12.91,-48.60,-1.05,4.774,7.772,1.06,22
$GNSS,2024-10-11T18:33:25.200Z,34.7816182,-76.6268218,3280.781,12.80,-48.60,-1.01,4.772,7.768,1.10,22
$GNSS,2024-10-11T18:33:25.400Z,34.7816421,-76.6269272,3280.970,13.31,-48.11,-1.07,4.770,7.765,1.13,22
$GNSS,2024-10-11T18:33:25.600Z,34.7816646,-76.6270349,3281.741,12.88,-48.64,-1.31,4.767,7.760,1.12,22
$GNSS,2024-10-11T18:33:25.800Z,34.7816866,-76.6271425,3282.273,12.37,-48.89,-1.29,4.764,7.754,1.10,22
$GNSS,2024-10-11T18:33:26.000Z,34.7817095,-76.6272491,3282.595,12.92,-48.53,-1.09,4.761,7.748,1.06,22
$GNSS,2024-10-11T18:33:26.200Z,34.7817326,-76.6273562,3282.918,12.98,-48.82,-0.94,4.759,7.746,1.09,22
$GNSS,2024-10-11T18:33:26.400Z,34.7817552,-76.6274633,3283.169,12.63,-48.83,-0.79,4.756,7.746,1.10,22
$GNSS,2024-10-11T18:33:26.600Z,34.7817779,-76.6275701,3283.465,12.74,-48.60,-0.74,4.753,7.744,1.09,22
$GNSS,2024-10-11T18:33:26.800Z,34.7818006,-76.6276764,3283.731,12.75,-48.36,-0.65,4.751,7.748,1.12,22
$GNSS,2024-10-11T18:33:27.000Z,34.7818243,-76.6277813,3283.728,13.09,-47.98,-0.48,4.752,7.754,1.15,22
$GNSS,2024-10-11T18:33:27.200Z,34.7818479,-76.6278861,3283.821,13.04,-47.95,-0.62,4.750,7.752,1.04,22
$GNSS,2024-10-11T18:33:27.400Z,34.7818716,-76.6279912,3283.715,12.86,-48.45,-0.67,4.746,7.751,1.03,22
$GNSS,2024-10-11T18:33:27.600Z,34.7818948,-76.6280970,3283.634,12.72,-48.54,-0.28,4.743,7.751,1.02,22
$GNSS,2024-10-11T18:33:27.800Z,34.7819175,-76.6282028,3283.339,12.17,-48.71,0.00,4.740,7.760,1.09,21
$GNSS,2024-10-11T18:33:28.000Z,34.7819396,-76.6283110,3283.728,12.67,-49.17,-0.21,4.738,7.767,1.09,21
$GNSS,2024-10-11T18:33:28.200Z,34.7819615,-76.6284185,3284.044,12.23,-48.73,-0.49,4.735,7.775,1.10,21
$GNSS,2024-10-11T18:33:28.400Z,34.7819837,-76.6285245,3284.085,12.17,-48.48,-0.64,4.728,7.776,1.11,21
$GNSS,2024-10-11T18:33:28.600Z,34.7820052,-76.6286301,3284.098,11.84,-48.24,-0.25,4.717,7.771,1.11,22
$GNSS,2024-10-11T18:33:28.800Z,34.7820257,-76.6287366,3284.537,11.56,-48.42,-0.82,4.709,7.766,1.12,22
$GNSS,2024-10-11T18:33:29.000Z,34.7820468,-76.6288425,3284.716,11.75,-48.37,-0.78,4.703,7.766,1.15,22
$GNSS,2024-10-11T18:33:29.200Z,34.7820690,-76.6289483,3284.769,12.36,-48.42,-0.57,4.702,7.774,1.20,21
$GNSS,2024-10-11T18:33:29.400Z,34.7820905,-76.6290549,3285.345,12.32,-48.25,-0.76,4.701,7.776,1.17,22
$GNSS,2024-10-11T18:33:29.600Z,34.7821130,-76.6291607,3285.659,12.72,-48.17,-0.76,4.700,7.784,1.21,21
$GNSS,2024-10-11T18:33:29.800Z,34.7821354,-76.6292655,3285.794,12.30,-47.88,-0.76,4.701,7.792,1.22,21
$GNSS,2024-10-11T18:33:30.000Z,34.7821564,-76.6293701,3286.113,11.56,-47.71,-1.08,4.705,7.805,1.25,20
$GNSS,2024-10-11T18:33:30.200Z,34.7821767,-76.6294747,3286.486,11.33,-47.75,-1.28,4.707,7.807,1.19,22
$GNSS,2024-10-11T18:33:30.400Z,34.7821982,-76.6295794,3286.660,12.06,-47.92,-1.15,4.709,7.815,1.22,22
$GNSS,2024-10-11T18:33:30.600Z,34.7822200,-76.6296851,3287.133,12.49,-48.12,-1.03,4.710,7.816,1.14,22
$GNSS,2024-10-11T18:33:30.800Z,34.7822420,-76.6297911,3287.389,12.31,-48.37,-0.77,4.709,7.816,1.13,22
$GNSS,2024-10-11T18:33:31.000Z,34.7822640,-76.6298969,3287.633,12.25,-48.35,-0.93,4.705,7.810,1.06,22
$GNSS,2024-10-11T18:33:31.200Z,34.7822868,-76.6300025,3287.569,12.30,-48.60,-0.99,4.697,7.804,1.05,22
$GNSS,2024-10-11T18:33:31.400Z,34.7823084,-76.6301094,3287.822,12.04,-48.77,-0.77,4.685,7.790,1.01,22
$GNSS,2024-10-11T18:33:31.600Z,34.7823300,-76.6302159,3288.076,12.14,-48.52,-0.69,4.671,7.775,0.99,22
$GNSS,2024-10-11T18:33:31.800Z,34.7823516,-76.6303223,3288.198,12.03,-48.70,-0.57,4.657,7.758,0.96,22
$GNSS,2024-10-11T18:33:32.000Z,34.7823727,-76.6304292,3288.390,11.75,-48.86,-0.52,4.643,7.739,0.94,22
$GNSS,2024-10-11T18:33:32.200Z,34.7823936,-76.6305364,3288.711,11.86,-48.94,-0.62,4.629,7.721,0.95,22
$GNSS,2024-10-11T18:33:32.400Z,34.7824151,-76.6306426,3288.551,11.57,-48.90,-0.61,4.615,7.704,0.96,22
$GNSS,2024-10-11T18:33:32.600Z,34.7824364,-76.6307486,3288.472,11.69,-48.66,-0.55,4.601,7.685,0.94,21
$GNSS,2024-10-11T18:33:32.800Z,34.7824583,-76.6308549,3288.399,11.99,-48.96,-0.52,4.590,7.672,0.98,21
$GNSS,2024-10-11T18:33:33.000Z,34.7824797,-76.6309614,3288.450,11.65,-48.91,-0.66,4.579,7.653,0.95,20
$GNSS,2024-10-11T18:33:33.200Z,34.7825012,-76.6310676,3288.526,11.86,-48.68,-0.76,4.567,7.630,0.90,20
$GNSS,2024-10-11T18:33:33.400Z,34.7825232,-76.6311734,3288.521,12.12,-48.56,-0.73,4.552,7.605,0.87,20
$GNSS,2024-10-11T18:33:33.600Z,34.7825446,-76.6312795,3288.516,11.64,-48.72,-0.63,4.537,7.580,0.86,20
$GNSS,2024-10-11T18:33:33.800Z,34.7825661,-76.6313849,3288.387,11.81,-48.55,-0.58,4.520,7.546,0.81,20
$GNSS,2024-10-11T18:33:34.000Z,34.7825875,-76.6314911,3288.458,11.97,-48.67,-0.30,4.502,7.519,0.82,20
$GNSS,2024-10-11T18:33:34.200Z,34.7826095,-76.6315969,3288.471,12.23,-48.56,-0.40,4.485,7.489,0.81,20
$GNSS,2024-10-11T18:33:34.400Z,34.7826314,-76.6317024,3288.320,11.95,-48.48,-0.09,4.466,7.457,0.78,20
$GNSS,2024-10-11T18:33:34.600Z,34.7826528,-76.6318087,3288.290,11.89,-48.75,0.21,4.449,7.430,0.83,20
$GNSS,2024-10-11T18:33:34.800Z,34.7826740,-76.6319150,3288.517,11.92,-48.43,-0.05,4.434,7.409,0.88,21
$GNSS,2024-10-11T18:33:35.000Z,34.7826957,-76.6320205,3288.534,11.97,-48.50,-0.31,4.421,7.390,0.88,21
$GNSS,2024-10-11T18:33:35.200Z,34.7827174,-76.6321262,3288.505,11.91,-48.49,-0.27,4.412,7.377,0.92,21
$GNSS,2024-10-11T18:33:35.400Z,34.7827387,-76.6322321,3288.542,11.78,-48.56,-0.23,4.404,7.367,0.94,21
$GNSS,2024-10-11T18:33:35.600Z,34.7827601,-76.6323381,3288.559,11.99,-48.60,-0.09,4.397,7.358,0.93,21
$GNSS,2024-10-11T18:33:35.800Z,34.7827819,-76.6324445,3288.525,12.03,-48.86,-0.05,4.389,7.345,0.91,21
$GNSS,2024-10-11T18:33:36.000Z,34.7828035,-76.6325503,3288.272,11.61,-48.73,-0.03,4.381,7.330,0.89,21
$GNSS,2024-10-11T18:33:36.200Z,34.7828251,-76.6326563,3288.112,11.85,-48.86,-0.17,4.369,7.315,0.90,21
$GNSS,2024-10-11T18:33:36.400Z,34.7828467,-76.6327632,3288.341,12.11,-48.79,-0.23,4.358,7.302,0.90,21
$GNSS,2024-10-11T18:33:36.600Z,34.7828677,-76.6328700,3288.584,11.72,-48.78,-0.14,4.346,7.283,0.86,21
$GNSS,2024-10-11T18:33:36.800Z,34.7828889,-76.6329774,3288.788,11.98,-49.30,-0.23,4.330,7.260,0.83,21
$GNSS,2024-10-11T18:33:37.000Z,34.7829101,-76.6330846,3288.861,11.75,-49.16,-0.31,4.313,7.236,0.82,21
$GNSS,2024-10-11T18:33:37.200Z,34.7829311,-76.6331914,3288.946,11.73,-48.87,-0.27,4.301,7.219,0.92,21
$GNSS,2024-10-11T18:33:37.400Z,34.7829523,-76.6332972,3288.920,11.58,-48.54,-0.32,4.290,7.201,0.89,21
$GNSS,2024-10-11T18:33:37.600Z,34.7829732,-76.6334030,3289.035,11.55,-48.64,-0.62,4.279,7.184,0.87,21
$GNSS,2024-10-11T18:33:37.800Z,34.7829937,-76.6335093,3289.265,11.49,-48.65,-0.50,4.267,7.167,0.91,21
$GNSS,2024-10-11T18:33:38.000Z,34.7830144,-76.6336149,3289.563,11.65,-48.04,-0.40,4.257,7.154,0.95,21
$GNSS,2024-10-11T18:33:38.200Z,34.7830346,-76.6337210,3289.930,11.19,-48.60,-0.71,4.252,7.146,0.98,21
$GNSS,2024-10-11T18:33:38.400Z,34.7830552,-76.6338284,3290.137,11.68,-49.40,-0.67,4.250,7.139,0.97,21
$GNSS,2024-10-11T18:33:38.600Z,34.7830767,-76.6339362,3290.219,11.87,-49.54,-0.76,4.249,7.132,1.01,21
$GNSS,2024-10-11T18:33:38.800Z,34.7830984,-76.6340441,3290.326,12.08,-49.48,-0.74,4.248,7.126,1.01,21
$GNSS,2024-10-11T18:33:39.000Z,34.7831207,-76.6341511,3290.361,12.35,-49.03,-0.67,4.247,7.121,1.03,21
$GNSS,2024-10-11T18:33:39.200Z,34.7831431,-76.6342582,3290.397,12.42,-49.16,-0.56,4.244,7.112,1.06,21
$GNSS,2024-10-11T18:33:39.400Z,34.7831646,-76.6343655,3290.749,11.98,-48.67,-0.34,4.240,7.103,1.04,21
$GNSS,2024-10-11T18:33:39.600Z,34.7831850,-76.6344728,3291.073,11.38,-48.87,-0.36,4.237,7.097,0.97,21
$GNSS,2024-10-11T18:33:39.800Z,34.7832055,-76.6345803,3291.284,11.56,-49.14,-0.34,4.234,7.092,0.95,22
$GNSS,2024-10-11T18:33:40.000Z,34.7832263,-76.6346875,3291.430,11.48,-49.10,-0.71,4.234,7.095,1.04,22
$GNSS,2024-10-11T18:33:40.200Z,34.7832468,-76.6347947,3291.391,11.25,-49.39,-0.72,4.234,7.093,1.00,22
$GNSS,2024-10-11T18:33:40.400Z,34.7832674,-76.6349024,3291.326,11.44,-49.51,-0.54,4.233,7.090,1.03,22
$GNSS,2024-10-11T18:33:40.600Z,34.7832879,-76.6350102,3291.318,11.36,-49.41,-0.35,4.234,7.091,1.03,22
$GNSS,2024-10-11T18:33:40.800Z,34.7833087,-76.6351171,3291.357,11.58,-48.85,-0.35,4.237,7.092,1.01,22
$GNSS,2024-10-11T18:33:41.000Z,34.7833300,-76.6352235,3291.284,11.71,-48.99,-0.46,4.241,7.096,1.11,22
$GNSS,2024-10-11T18:33:41.200Z,34.7833505,-76.6353309,3291.344,11.38,-49.22,-0.11,4.243,7.098,1.16,22
$GNSS,2024-10-11T18:33:41.400Z,34.7833702,-76.6354391,3291.535,11.10,-49.41,-0.10,4.243,7.093,1.03,22
$GNSS,2024-10-11T18:33:41.600Z,34.7833902,-76.6355469,3291.615,11.24,-49.37,-0.23,4.238,7.084,0.96,22
$GNSS,2024-10-11T18:33:41.800Z,34.7834108,-76.6356548,3291.714,11.67,-49.47,-0.29,4.227,7.068,0.91,22
$GNSS,2024-10-11T18:33:42.000Z,34.7834322,-76.6357619,3291.676,11.95,-49.08,-0.37,4.211,7.042,0.82,22
$GNSS,2024-10-11T18:33:42.200Z,34.7834531,-76.6358689,3292.087,12.01,-48.73,-0.67,4.199,7.020,0.80,22
$GNSS,2024-10-11T18:33:42.400Z,34.7834733,-76.6359765,3292.360,11.39,-49.18,-0.51,4.185,6.989,0.75,22
$GNSS,2024-10-11T18:33:42.600Z,34.7834936,-76.6360839,3292.437,11.36,-49.13,-0.52,4.170,6.955,0.72,22
$GNSS,2024-10-11T18:33:42.800Z,34.7835146,-76.6361906,3292.467,11.89,-48.96,-0.59,4.155,6.921,0.71,22
$GNSS,2024-10-11T18:33:43.000Z,34.7835355,-76.6362978,3292.545,11.55,-49.25,-0.72,4.140,6.887,0.72,22
$GNSS,2024-10-11T18:33:43.200Z,34.7835563,-76.6364050,3292.553,11.60,-49.10,-0.54,4.127,6.863,0.75,22
$GNSS,2024-10-11T18:33:43.400Z,34.7835769,-76.6365112,3292.635,11.83,-48.69,-0.38,4.104,6.810,0.59,23
$GNSS,2024-10-11T18:33:43.600Z,34.7835979,-76.6366172,3292.526,11.54,-48.93,-0.47,4.081,6.764,0.60,23
$GNSS,2024-10-11T18:33:43.800Z,34.7836191,-76.6367235,3292.294,11.76,-49.00,-0.15,4.062,6.724,0.66,23
$GNSS,2024-10-11T18:33:44.000Z,34.7836397,-76.6368309,3292.478,11.62,-49.19,-0.33,4.043,6.687,0.66,22
$GNSS,2024-10-11T18:33:44.200Z,34.7836599,-76.6369378,3292.678,11.83,-49.08,-0.21,4.021,6.642,0.61,23
$GNSS,2024-10-11T18:33:44.400Z,34.7836803,-76.6370453,3292.996,11.75,-49.41,-0.55,4.005,6.611,0.71,22
$GNSS,2024-10-11T18:33:44.600Z,34.7837020,-76.6371524,3293.031,12.25,-49.06,-0.51,3.993,6.590,0.78,22
$GNSS,2024-10-11T18:33:44.800Z,34.7837238,-76.6372591,3292.991,11.90,-49.24,-0.66,3.978,6.558,0.69,23
$GNSS,2024-10-11T18:33:45.000Z,34.7837454,-76.6373657,3292.860,11.90,-49.18,-0.45,3.965,6.526,0.72,23
$GNSS,2024-10-11T18:33:45.200Z,34.7837662,-76.6374719,3293.054,11.95,-48.91,-0.59,3.953,6.498,0.73,23
$GNSS,2024-10-11T18:33:45.400Z,34.7837872,-76.6375779,3293.160,11.85,-48.95,-0.68,3.938,6.468,0.68,23
$GNSS,2024-10-11T18:33:45.600Z,34.7838083,-76.6376840,3293.296,11.85,-48.98,-0.78,3.923,6.437,0.66,23
$GNSS,2024-10-11T18:33:45.800Z,34.7838291,-76.6377904,3293.458,11.83,-49.04,-0.70,3.909,6.408,0.67,23
$GNSS,2024-10-11T18:33:46.000Z,34.7838501,-76.6378969,3293.598,11.80,-49.12,-0.90,3.894,6.378,0.65,23
$GNSS,2024-10-11T18:33:46.200Z,34.7838706,-76.6380035,3293.772,11.53,-49.04,-0.82,3.880,6.348,0.63,23
$GNSS,2024-10-11T18:33:46.400Z,34.7838911,-76.6381103,3293.944,11.67,-49.21,-0.84,3.866,6.319,0.63,22
$GNSS,2024-10-11T18:33:46.600Z,34.7839109,-76.6382175,3294.176,11.08,-49.34,-0.89,3.852,6.283,0.65,23
$GNSS,2024-10-11T18:33:46.800Z,34.7839316,-76.6383242,3294.095,11.48,-49.09,-0.59,3.839,6.248,0.65,23
$GNSS,2024-10-11T18:33:47.000Z,34.7839522,-76.6384307,3294.213,11.59,-48.95,-0.69,3.826,6.213,0.65,23
$GNSS,2024-10-11T18:33:47.200Z,34.7839725,-76.6385370,3294.390,11.51,-48.96,-0.92,3.813,6.181,0.66,23
$GNSS,2024-10-11T18:33:47.400Z,34.7839934,-76.6386435,3294.408,11.51,-48.98,-0.81,3.801,6.150,0.64,23
$GNSS,2024-10-11T18:33:47.600Z,34.7840132,-76.6387495,3294.681,11.60,-48.77,-0.73,3.790,6.121,0.66,23
$GNSS,2024-10-11T18:33:47.800Z,34.7840331,-76.6388559,3294.993,11.41,-49.08,-1.16,3.779,6.093,0.65,23
$GNSS,2024-10-11T18:33:48.000Z,34.7840533,-76.6389624,3295.283,11.52,-49.00,-1.40,3.769,6.067,0.67,23
$GNSS,2024-10-11T18:33:48.200Z,34.7840738,-76.6390688,3295.541,11.69,-48.90,-1.36,3.757,6.039,0.59,23
$GNSS,2024-10-11T18:33:48.400Z,34.7840950,-76.6391752,3295.773,11.89,-49.04,-1.52,3.745,6.013,0.61,23
$GNSS,2024-10-11T18:33:48.600Z,34.7841163,-76.6392818,3296.044,11.92,-49.04,-1.51,3.735,5.989,0.64,23
$GNSS,2024-10-11T18:33:48.800Z,34.7841372,-76.6393884,3296.217,11.53,-49.03,-1.29,3.725,5.968,0.65,23
$GNSS,2024-10-11T18:33:49.000Z,34.7841577,-76.6394946,3296.489,11.74,-48.79,-1.31,3.716,5.947,0.65,23
$GNSS,2024-10-11T18:33:49.200Z,34.7841783,-76.6396008,3296.815,11.77,-48.98,-1.37,3.706,5.925,0.63,23
$GNSS,2024-10-11T18:33:49.400Z,34.7841994,-76.6397073,3297.119,11.94,-48.92,-1.44,3.699,5.906,0.71,23
$GNSS,2024-10-11T18:33:49.600Z,34.7842211,-76.6398138,3297.353,11.97,-48.93,-1.51,3.694,5.888,0.71,23
$GNSS,2024-10-11T18:33:49.800Z,34.7842431,-76.6399203,3297.547,12.19,-48.89,-1.38,3.688,5.869,0.68,23
$GNSS,2024-10-11T18:33:50.000Z,34.7842648,-76.6400264,3297.921,12.49,-48.74,-1.52,3.682,5.854,0.69,22
$GNSS,2024-10-11T18:33:50.200Z,34.7842869,-76.6401326,3298.157,12.15,-48.74,-1.47,3.678,5.842,0.72,22
$GNSS,2024-10-11T18:33:50.400Z,34.7843091,-76.6402391,3298.313,12.07,-48.99,-1.47,3.674,5.829,0.69,22
$GNSS,2024-10-11T18:33:50.600Z,34.7843319,-76.6403457,3298.344,12.27,-48.87,-1.30,3.670,5.815,0.70,23
$GNSS,2024-10-11T18:33:50.800Z,34.7843539,-76.6404517,3298.678,12.28,-48.59,-1.61,3.665,5.801,0.69,23
$GNSS,2024-10-11T18:33:51.000Z,34.7843766,-76.6405575,3298.900,12.45,-48.48,-1.68,3.661,5.787,0.70,23
$GNSS,2024-10-11T18:33:51.200Z,34.7843989,-76.6406630,3299.225,12.30,-48.36,-1.74,3.658,5.775,0.71,23
$GNSS,2024-10-11T18:33:51.400Z,34.7844215,-76.6407685,3299.486,12.44,-48.44,-1.79,3.655,5.764,0.72,23
$GNSS,2024-10-11T18:33:51.600Z,34.7844441,-76.6408739,3299.813,12.39,-48.31,-1.98,3.652,5.751,0.70,23
$GNSS,2024-10-11T18:33:51.800Z,34.7844660,-76.6409797,3300.164,12.20,-48.56,-1.78,3.649,5.738,0.70,23
$GNSS,2024-10-11T18:33:52.000Z,34.7844879,-76.6410860,3300.480,12.16,-48.70,-1.79,3.646,5.728,0.70,22
$GNSS,2024-10-11T18:33:52.200Z,34.7845098,-76.6411925,3300.778,12.19,-48.77,-1.66,3.644,5.719,0.69,21
$GNSS,2024-10-11T18:33:52.400Z,34.7845320,-76.6412989,3301.072,12.21,-48.63,-1.74,3.642,5.710,0.69,20
$GNSS,2024-10-11T18:33:52.600Z,34.7845543,-76.6414049,3301.470,12.42,-48.56,-2.06,3.640,5.702,0.70,20
$GNSS,2024-10-11T18:33:52.800Z,34.7845769,-76.6415112,3301.736,12.34,-48.56,-1.91,3.640,5.694,0.70,19
$GNSS,2024-10-11T18:33:53.000Z,34.7845996,-76.6416173,3301.951,12.37,-48.50,-1.77,3.641,5.688,0.70,19
$GNSS,2024-10-11T18:33:53.200Z,34.7846211,-76.6417237,3302.304,12.02,-48.77,-1.59,3.642,5.683,0.73,19
$GNSS,2024-10-11T18:33:53.400Z,34.7846427,-76.6418300,3302.710,12.31,-48.68,-1.61,3.639,5.668,0.69,20
$GNSS,2024-10-11T18:33:53.600Z,34.7846652,-76.6419360,3302.793,12.35,-48.34,-1.14,3.634,5.656,0.72,20
$GNSS,2024-10-11T18:33:53.800Z,34.7846873,-76.6420415,3303.035,12.15,-48.32,-1.36,3.632,5.647,0.71,20
$GNSS,2024-10-11T18:33:54.000Z,34.7847099,-76.6421470,3303.302,12.50,-48.33,-1.55,3.631,5.636,0.76,20
$GNSS,2024-10-11T18:33:54.200Z,34.7847323,-76.6422528,3303.593,12.40,-48.46,-1.52,3.633,5.626,0.77,21
$GNSS,2024-10-11T18:33:54.400Z,34.7847545,-76.6423587,3303.859,12.36,-48.51,-1.39,3.634,5.616,0.77,21
$GNSS,2024-10-11T18:33:54.600Z,34.7847767,-76.6424646,3304.201,12.45,-48.45,-1.45,3.635,5.607,0.74,21
$GNSS,2024-10-11T18:33:54.800Z,34.7847987,-76.6425706,3304.433,12.33,-48.63,-1.22,3.635,5.602,0.77,21
$GNSS,2024-10-11T18:33:55.000Z,34.7848212,-76.6426768,3304.593,12.53,-48.61,-1.08,3.633,5.596,0.70,21
$GNSS,2024-10-11T18:33:55.200Z,34.7848439,-76.6427833,3304.624,12.47,-48.77,-0.71,3.629,5.588,0.64,20
$GNSS,2024-10-11T18:33:55.400Z,34.7848660,-76.6428898,3304.683,12.30,-48.69,-0.42,3.624,5.580,0.60,20
$GNSS,2024-10-11T18:33:55.600Z,34.7848880,-76.6429961,3304.668,12.26,-48.69,-0.11,3.618,5.571,0.61,20
$GNSS,2024-10-11T18:33:55.800Z,34.7849104,-76.6431023,3304.633,12.29,-48.72,-0.17,3.611,5.561,0.61,20
$GNSS,2024-10-11T18:33:56.000Z,34.7849326,-76.6432082,3304.694,12.50,-48.46,-0.22,3.605,5.551,0.61,20
$GNSS,2024-10-11T18:33:56.200Z,34.7849544,-76.6433140,3304.805,12.38,-48.41,-0.12,3.598,5.541,0.62,20
$GNSS,2024-10-11T18:33:56.400Z,34.7849757,-76.6434201,3304.878,11.93,-48.60,-0.05,3.592,5.526,0.65,20
$GNSS,2024-10-11T18:33:56.600Z,34.7849969,-76.6435261,3304.913,11.92,-48.46,-0.04,3.587,5.519,0.66,20
$GNSS,2024-10-11T18:33:56.800Z,34.7850175,-76.6436333,3305.031,11.94,-49.42,0.22,3.583,5.508,0.62,20
$GNSS,2024-10-11T18:33:57.000Z,34.7850374,-76.6437427,3305.157,11.49,-50.38,0.50,3.576,5.488,0.65,21
$GNSS,2024-10-11T18:33:57.200Z,34.7850580,-76.6438522,3305.316,11.68,-49.76,-0.33,3.571,5.473,0.77,21
$GNSS,2024-10-11T18:33:57.400Z,34.7850781,-76.6439600,3305.374,11.54,-48.84,0.03,3.558,5.462,0.77,21
$GNSS,2024-10-11T18:33:57.600Z,34.7850970,-76.6440646,3305.176,10.38,-46.95,0.82,3.540,5.450,0.82,21
$GNSS,2024-10-11T18:33:57.800Z,34.7851130,-76.6441658,3304.625,8.32,-45.69,2.56,3.513,5.433,0.77,22
$GNSS,2024-10-11T18:33:58.000Z,34.7851271,-76.6442653,3303.561,7.27,-45.21,4.59,3.483,5.405,0.66,22
$GNSS,2024-10-11T18:33:58.200Z,34.7851387,-76.6443643,3302.285,5.52,-45.13,5.70,3.454,5.373,0.62,22
$GNSS,2024-10-11T18:33:58.400Z,34.7851475,-76.6444626,3300.865,4.29,-44.70,7.40,3.424,5.337,0.57,22
$GNSS,2024-10-11T18:33:58.600Z,34.7851553,-76.6445598,3298.918,3.45,-44.16,9.36,3.395,5.300,0.53,22
$GNSS,2024-10-11T18:33:58.800Z,34.7851611,-76.6446563,3296.680,2.52,-43.96,11.19,3.366,5.268,0.47,22
$GNSS,2024-10-11T18:33:59.000Z,34.7851655,-76.6447522,3293.902,1.60,-43.70,13.02,3.339,5.237,0.48,22
$GNSS,2024-10-11T18:33:59.200Z,34.7851680,-76.6448478,3290.832,0.70,-43.32,15.29,3.315,5.205,0.47,22
$GNSS,2024-10-11T18:33:59.400Z,34.7851691,-76.6449419,3287.235,0.03,-42.59,17.31,3.293,5.173,0.47,22
$GNSS,2024-10-11T18:33:59.600Z,34.7851682,-76.6450350,3283.340,-1.13,-42.27,19.49,3.271,5.140,0.48,22
$GNSS,2024-10-11T18:33:59.800Z,34.7851650,-76.6451274,3279.063,-2.32,-41.90,21.75,3.251,5.110,0.49,22
$GNSS,2024-10-11T18:34:00.000Z,34.7851604,-76.6452187,3274.348,-2.92,-41.37,23.67,3.234,5.081,0.52,22
$GNSS,2024-10-11T18:34:00.200Z,34.7851540,-76.6453088,3269.213,-4.17,-40.78,25.92,3.220,5.051,0.51,22
$GNSS,2024-10-11T18:34:00.400Z,34.7851454,-76.6453975,3263.648,-5.21,-39.98,28.12,3.207,5.023,0.53,22
$GNSS,2024-10-11T18:34:00.600Z,34.7851353,-76.6454843,3257.652,-5.96,-39.15,30.21,3.194,4.996,0.53,23
$GNSS,2024-10-11T18:34:00.800Z,34.7851231,-76.6455694,3251.283,-7.41,-38.26,32.43,3.182,4.970,0.54,23
$GNSS,2024-10-11T18:34:01.000Z,34.7851085,-76.6456516,3244.341,-8.76,-37.12,34.54,3.170,4.946,0.55,23
$GNSS,2024-10-11T18:34:01.200Z,34.7850911,-76.6457316,3237.026,-10.27,-36.04,36.53,3.158,4.923,0.56,23
$GNSS,2024-10-11T18:34:01.400Z,34.7850712,-76.6458094,3229.322,-11.55,-34.97,38.57,3.145,4.900,0.57,23
$GNSS,2024-10-11T18:34:01.600Z,34.7850490,-76.6458852,3221.365,-12.63,-33.97,40.46,3.132,4.876,0.56,23
$GNSS,2024-10-11T18:34:01.800Z,34.7850248,-76.6459586,3213.028,-13.78,-32.88,42.21,3.118,4.853,0.57,23
$GNSS,2024-10-11T18:34:02.000Z,34.7849986,-76.6460286,3204.189,-14.94,-31.47,43.94,3.104,4.832,0.57,23
$GNSS,2024-10-11T18:34:02.200Z,34.7849698,-76.6460956,3195.005,-16.48,-30.17,45.69,3.090,4.811,0.57,23
$GNSS,2024-10-11T18:34:02.400Z,34.7849386,-76.6461597,3185.482,-17.83,-28.88,47.24,3.075,4.790,0.57,23
$GNSS,2024-10-11T18:34:02.600Z,34.7849052,-76.6462212,3175.691,-18.90,-27.63,48.73,3.061,4.770,0.57,23
$GNSS,2024-10-11T18:34:02.800Z,34.7848695,-76.6462802,3165.636,-20.36,-26.47,50.29,3.047,4.751,0.58,23
$GNSS,2024-10-11T18:34:03.000Z,34.7848312,-76.6463364,3155.205,-21.76,-25.41,51.57,3.034,4.732,0.56,23
$GNSS,2024-10-11T18:34:03.200Z,34.7847904,-76.6463907,3144.622,-23.18,-24.35,52.87,3.020,4.712,0.56,23
$GNSS,2024-10-11T18:34:03.400Z,34.7847471,-76.6464423,3133.705,-24.61,-23.31,53.93,3.008,4.695,0.57,23
$GNSS,2024-10-11T18:34:03.600Z,34.7847014,-76.6464920,3122.614,-25.81,-22.54,55.06,2.996,4.679,0.56,23
$GNSS,2024-10-11T18:34:03.800Z,34.7846533,-76.6465400,3111.349,-27.11,-21.71,55.86,2.986,4.665,0.56,23
$GNSS,2024-10-11T18:34:04.000Z,34.7846030,-76.6465863,3099.858,-28.33,-20.99,56.86,2.978,4.649,0.55,23
$GNSS,2024-10-11T18:34:04.200Z,34.7845506,-76.6466309,3088.153,-29.48,-20.33,57.73,2.970,4.634,0.56,23
$GNSS,2024-10-11T18:34:04.400Z,34.7844964,-76.6466738,3076.199,-30.42,-19.72,58.66,2.963,4.619,0.58,23
$GNSS,2024-10-11T18:34:04.600Z,34.7844402,-76.6467160,3064.184,-31.55,-19.19,59.37,2.957,4.604,0.57,23
$GNSS,2024-10-11T18:34:04.800Z,34.7843822,-76.6467572,3052.068,-32.49,-18.82,59.94,2.951,4.588,0.58,23
$GNSS,2024-10-11T18:34:05.000Z,34.7843221,-76.6467977,3039.828,-33.69,-18.52,60.74,2.943,4.572,0.59,23
$GNSS,2024-10-11T18:34:05.200Z,34.7842599,-76.6468377,3027.455,-34.88,-18.37,61.30,2.936,4.557,0.60,23
$GNSS,2024-10-11T18:34:05.400Z,34.7841958,-76.6468774,3014.965,-35.75,-18.29,61.92,2.930,4.542,0.61,23
$GNSS,2024-10-11T18:34:05.600Z,34.7841304,-76.6469170,3002.375,-36.52,-18.12,62.58,2.923,4.525,0.60,23
$GNSS,2024-10-11T18:34:05.800Z,34.7840639,-76.6469555,2989.617,-36.97,-17.78,63.07,2.917,4.509,0.60,23
$GNSS,2024-10-11T18:34:06.000Z,34.7839959,-76.6469945,2976.875,-38.00,-17.92,63.59,2.911,4.493,0.62,23
$GNSS,2024-10-11T18:34:06.200Z,34.7839263,-76.6470337,2964.018,-38.78,-17.92,64.24,2.905,4.476,0.62,23
$GNSS,2024-10-11T18:34:06.400Z,34.7838555,-76.6470728,2951.004,-39.52,-17.95,64.69,2.899,4.460,0.62,23
$GNSS,2024-10-11T18:34:06.600Z,34.7837834,-76.6471121,2937.932,-40.14,-18.04,65.18,2.893,4.442,0.62,23
$GNSS,2024-10-11T18:34:06.800Z,34.7837105,-76.6471515,2924.728,-40.57,-18.23,65.53,2.887,4.425,0.62,23
$GNSS,2024-10-11T18:34:07.000Z,34.7836368,-76.6471908,2911.349,-41.00,-18.26,66.08,2.882,4.408,0.61,23
$GNSS,2024-10-11T18:34:07.200Z,34.7835625,-76.6472303,2897.880,-41.30,-18.37,66.59,2.878,4.392,0.61,23
$GNSS,2024-10-11T18:34:07.400Z,34.7834876,-76.6472705,2884.370,-41.65,-18.60,67.27,2.873,4.375,0.61,23
$GNSS,2024-10-11T18:34:07.600Z,34.7834117,-76.6473111,2870.783,-42.18,-18.79,67.59,2.869,4.359,0.62,23
$GNSS,2024-10-11T18:34:07.800Z,34.7833352,-76.6473524,2857.122,-42.50,-19.10,67.95,2.865,4.343,0.61,23
$GNSS,2024-10-11T18:34:08.000Z,34.7832580,-76.6473942,2843.365,-43.05,-19.32,68.39,2.862,4.329,0.62,23
$GNSS,2024-10-11T18:34:08.200Z,34.7831796,-76.6474370,2829.594,-43.61,-19.81,68.55,2.858,4.314,0.62,22
$GNSS,2024-10-11T18:34:08.400Z,34.7831003,-76.6474805,2815.703,-44.25,-20.37,68.79,2.854,4.300,0.61,22
$GNSS,2024-10-11T18:34:08.600Z,34.7830200,-76.6475254,2801.839,-44.58,-20.76,68.95,2.850,4.287,0.60,22
$GNSS,2024-10-11T18:34:08.800Z,34.7829390,-76.6475714,2787.947,-45.03,-21.36,69.16,2.846,4.274,0.61,22
$GNSS,2024-10-11T18:34:09.000Z,34.7828572,-76.6476188,2774.079,-45.50,-21.99,69.02,2.842,4.261,0.61,22
$GNSS,2024-10-11T18:34:09.200Z,34.7827742,-76.6476676,2760.246,-46.19,-22.59,68.86,2.837,4.249,0.61,22
$GNSS,2024-10-11T18:34:09.400Z,34.7826904,-76.6477171,2746.333,-46.78,-23.09,68.83,2.833,4.236,0.61,22
$GNSS,2024-10-11T18:34:09.600Z,34.7826052,-76.6477683,2732.498,-47.47,-23.65,68.89,2.830,4.224,0.61,22
$GNSS,2024-10-11T18:34:09.800Z,34.7825182,-76.6478208,2718.806,-48.49,-24.16,68.33,2.826,4.213,0.61,21
$GNSS,2024-10-11T18:34:10.000Z,34.7824287,-76.6478749,2705.289,-50.16,-24.89,67.54,2.822,4.200,0.62,21
$GNSS,2024-10-11T18:34:10.200Z,34.7823364,-76.6479303,2691.931,-51.68,-25.57,66.47,2.819,4.187,0.61,21
$GNSS,2024-10-11T18:34:10.400Z,34.7822413,-76.6479872,2678.834,-53.13,-26.02,65.44,2.815,4.175,0.61,21
$GNSS,2024-10-11T18:34:10.600Z,34.7821427,-76.6480449,2666.121,-54.66,-26.38,63.97,2.810,4.161,0.60,22
$GNSS,2024-10-11T18:34:10.800Z,34.7820414,-76.6481033,2653.728,-56.19,-26.58,62.38,2.805,4.147,0.59,22
$GNSS,2024-10-11T18:34:11.000Z,34.7819372,-76.6481621,2641.634,-57.97,-26.94,60.73,2.800,4.133,0.58,22
$GNSS,2024-10-11T18:34:11.200Z,34.7818299,-76.6482215,2629.917,-59.54,-26.93,58.99,2.795,4.121,0.58,21
$GNSS,2024-10-11T18:34:11.400Z,34.7817200,-76.6482807,2618.570,-60.88,-26.83,57.06,2.789,4.107,0.57,21
$GNSS,2024-10-11T18:34:11.600Z,34.7816078,-76.6483390,2607.493,-62.40,-26.74,55.12,2.783,4.094,0.57,22
$GNSS,2024-10-11T18:34:11.800Z,34.7814931,-76.6483972,2596.784,-63.67,-26.62,53.39,2.777,4.082,0.56,22
$GNSS,2024-10-11T18:34:12.000Z,34.7813761,-76.6484554,2586.525,-64.95,-26.57,51.30,2.771,4.070,0.55,22
$GNSS,2024-10-11T18:34:12.200Z,34.7812571,-76.6485133,2576.674,-65.96,-26.37,49.18,2.765,4.057,0.55,22
$GNSS,2024-10-11T18:34:12.400Z,34.7811362,-76.6485707,2567.180,-66.95,-26.33,47.32,2.758,4.044,0.54,22
$GNSS,2024-10-11T18:34:12.600Z,34.7810137,-76.6486284,2558.086,-67.85,-26.44,45.41,2.751,4.031,0.54,22
$GNSS,2024-10-11T18:34:12.800Z,34.7808901,-76.6486854,2549.300,-68.44,-26.31,43.46,2.744,4.019,0.54,25
$GNSS,2024-10-11T18:34:13.000Z,34.7807656,-76.6487421,2540.906,-68.68,-26.03,41.65,2.737,4.006,0.54,25
$GNSS,2024-10-11T18:34:13.200Z,34.7806403,-76.6487984,2532.891,-69.39,-26.03,39.52,2.730,3.994,0.53,25
$GNSS,2024-10-11T18:34:13.400Z,34.7805135,-76.6488547,2525.334,-70.18,-25.98,37.36,2.722,3.981,0.53,25
$GNSS,2024-10-11T18:34:13.600Z,34.7803857,-76.6489107,2518.228,-70.57,-25.81,34.92,2.714,3.968,0.55,25
$GNSS,2024-10-11T18:34:13.800Z,34.7802571,-76.6489670,2511.639,-70.94,-25.95,32.52,2.706,3.956,0.54,25
$GNSS,2024-10-11T18:34:14.000Z,34.7801284,-76.6490238,2505.613,-70.72,-25.81,30.19,2.698,3.943,0.54,25
$GNSS,2024-10-11T18:34:14.200Z,34.7799999,-76.6490795,2499.945,-70.72,-25.51,27.95,2.689,3.930,0.53,25
$GNSS,2024-10-11T18:34:14.400Z,34.7798715,-76.6491349,2494.743,-70.73,-25.18,25.87,2.679,3.917,0.51,25
$GNSS,2024-10-11T18:34:14.600Z,34.7797432,-76.6491894,2489.977,-70.68,-24.77,23.71,2.668,3.905,0.51,25
$GNSS,2024-10-11T18:34:14.800Z,34.7796149,-76.6492430,2485.759,-70.53,-24.12,21.12,2.658,3.893,0.51,24
$GNSS,2024-10-11T18:34:15.000Z,34.7794870,-76.6492953,2482.014,-70.39,-23.65,18.63,2.647,3.880,0.50,24
$GNSS,2024-10-11T18:34:15.200Z,34.7793597,-76.6493461,2478.801,-69.79,-22.84,15.95,2.635,3.868,0.50,24
$GNSS,2024-10-11T18:34:15.400Z,34.7792335,-76.6493953,2476.066,-69.24,-22.21,13.43,2.624,3.857,0.50,24
$GNSS,2024-10-11T18:34:15.600Z,34.7791085,-76.6494427,2473.870,-68.49,-21.26,10.84,2.613,3.845,0.52,24
$GNSS,2024-10-11T18:34:15.800Z,34.7789850,-76.6494887,2472.220,-67.55,-20.60,8.28,2.602,3.832,0.52,24
$GNSS,2024-10-11T18:34:16.000Z,34.7788634,-76.6495329,2471.011,-66.53,-19.95,5.88,2.592,3.820,0.53,24
$GNSS,2024-10-11T18:34:16.200Z,34.7787439,-76.6495758,2470.331,-65.27,-19.22,3.47,2.582,3.810,0.54,24
$GNSS,2024-10-11T18:34:16.400Z,34.7786266,-76.6496170,2470.049,-63.98,-18.59,1.36,2.573,3.798,0.57,24
$GNSS,2024-10-11T18:34:16.600Z,34.7785125,-76.6496561,2470.068,-62.08,-17.67,-0.43,2.563,3.787,0.71,24
$GNSS,2024-10-11T18:34:16.800Z,34.7784013,-76.6496942,2470.497,-60.68,-17.30,-2.18,2.555,3.777,0.86,24
$GNSS,2024-10-11T18:34:17.000Z,34.7782921,-76.6497315,2471.266,-59.62,-16.87,-3.65,2.548,3.768,0.93,24
$GNSS,2024-10-11T18:34:17.200Z,34.7781854,-76.6497674,2472.272,-58.11,-16.28,-4.88,2.541,3.758,1.01,24
$GNSS,2024-10-11T18:34:17.400Z,34.7780814,-76.6498023,2473.568,-56.47,-15.74,-6.14,2.536,3.750,0.97,24
$GNSS,2024-10-11T18:34:17.600Z,34.7779803,-76.6498360,2475.025,-55.09,-15.32,-7.21,2.530,3.741,0.86,24
$GNSS,2024-10-11T18:34:17.800Z,34.7778813,-76.6498691,2476.693,-53.85,-15.06,-7.87,2.526,3.732,0.82,24
$GNSS,2024-10-11T18:34:18.000Z,34.7777849,-76.6499011,2478.510,-52.34,-14.40,-8.91,2.523,3.724,0.71,23
$GNSS,2024-10-11T18:34:18.200Z,34.7776912,-76.6499319,2480.547,-50.96,-13.98,-9.81,2.520,3.716,0.66,23
$GNSS,2024-10-11T18:34:18.400Z,34.7776000,-76.6499612,2482.682,-49.54,-13.23,-10.57,2.519,3.707,0.66,23
$GNSS,2024-10-11T18:34:18.600Z,34.7775115,-76.6499889,2484.924,-48.03,-12.40,-11.07,2.517,3.700,0.67,23
$GNSS,2024-10-11T18:34:18.800Z,34.7774258,-76.6500143,2487.193,-46.56,-11.52,-11.47,2.515,3.692,0.67,23
$GNSS,2024-10-11T18:34:19.000Z,34.7773425,-76.6500381,2489.501,-45.32,-10.84,-11.64,2.514,3.685,0.67,23
$GNSS,2024-10-11T18:34:19.200Z,34.7772616,-76.6500607,2491.796,-43.95,-10.37,-11.53,2.513,3.679,0.68,23
$GNSS,2024-10-11T18:34:19.400Z,34.7771832,-76.6500821,2494.045,-42.67,-9.80,-11.31,2.512,3.672,0.67,23
$GNSS,2024-10-11T18:34:19.600Z,34.7771068,-76.6501026,2496.273,-41.62,-9.40,-10.97,2.512,3.666,0.67,23
$GNSS,2024-10-11T18:34:19.800Z,34.7770319,-76.6501226,2498.399,-40.88,-9.22,-10.41,2.511,3.660,0.67,23
$GNSS,2024-10-11T18:34:20.000Z,34.7769585,-76.6501422,2500.411,-39.98,-9.00,-9.64,2.510,3.654,0.68,23
$GNSS,2024-10-11T18:34:20.200Z,34.7768866,-76.6501611,2502.229,-39.26,-8.70,-8.86,2.510,3.648,0.68,23
$GNSS,2024-10-11T18:34:20.400Z,34.7768163,-76.6501795,2503.875,-38.40,-8.51,-8.09,2.511,3.641,0.68,23
$GNSS,2024-10-11T18:34:20.600Z,34.7767473,-76.6501976,2505.408,-37.66,-8.27,-7.22,2.511,3.636,0.68,23
$GNSS,2024-10-11T18:34:20.800Z,34.7766798,-76.6502150,2506.727,-36.81,-8.02,-6.40,2.511,3.630,0.67,23
$GNSS,2024-10-11T18:34:21.000Z,34.7766135,-76.6502321,2507.871,-36.28,-7.96,-5.44,2.511,3.625,0.68,23
$GNSS,2024-10-11T18:34:21.200Z,34.7765480,-76.6502493,2508.872,-35.86,-7.88,-4.61,2.511,3.620,0.66,23
$GNSS,2024-10-11T18:34:21.400Z,34.7764834,-76.6502661,2509.671,-35.33,-7.73,-3.63,2.510,3.614,0.66,23
$GNSS,2024-10-11T18:34:21.600Z,34.7764195,-76.6502829,2510.310,-34.99,-7.71,-2.72,2.509,3.608,0.64,23
$GNSS,2024-10-11T18:34:21.800Z,34.7763565,-76.6502995,2510.792,-34.39,-7.56,-1.81,2.507,3.602,0.64,23
$GNSS,2024-10-11T18:34:22.000Z,34.7762944,-76.6503161,2511.101,-33.89,-7.50,-0.80,2.506,3.596,0.65,23
$GNSS,2024-10-11T18:34:22.200Z,34.7762333,-76.6503324,2511.214,-33.39,-7.40,0.06,2.504,3.589,0.64,23
$GNSS,2024-10-11T18:34:22.400Z,34.7761729,-76.6503487,2511.171,-33.13,-7.36,0.92,2.502,3.583,0.64,23
$GNSS,2024-10-11T18:34:22.600Z,34.7761128,-76.6503647,2510.910,-32.95,-7.34,1.86,2.499,3.576,0.64,23
$GNSS,2024-10-11T18:34:22.800Z,34.7760535,-76.6503804,2510.502,-32.42,-7.08,2.54,2.497,3.570,0.62,23
$GNSS,2024-10-11T18:34:23.000Z,34.7759947,-76.6503958,2509.967,-32.18,-6.95,3.25,2.494,3.564,0.62,23
$GNSS,2024-10-11T18:34:23.200Z,34.7759365,-76.6504110,2509.267,-31.83,-6.91,3.98,2.491,3.557,0.62,23
$GNSS,2024-10-11T18:34:23.400Z,34.7758785,-76.6504261,2508.406,-31.88,-6.97,4.71,2.488,3.551,0.61,23
$GNSS,2024-10-11T18:34:23.600Z,34.7758208,-76.6504411,2507.414,-31.68,-6.88,5.24,2.485,3.544,0.61,23
$GNSS,2024-10-11T18:34:23.800Z,34.7757636,-76.6504557,2506.264,-31.33,-6.84,5.82,2.483,3.538,0.62,23
$GNSS,2024-10-11T18:34:24.000Z,34.7757071,-76.6504702,2504.983,-31.10,-6.82,6.35,2.480,3.531,0.61,23
$GNSS,2024-10-11T18:34:24.200Z,34.7756507,-76.6504845,2503.583,-31.06,-6.70,6.93,2.476,3.525,0.59,23
$GNSS,2024-10-11T18:34:24.400Z,34.7755947,-76.6504987,2502.024,-30.79,-6.82,7.60,2.472,3.518,0.58,23
$GNSS,2024-10-11T18:34:24.600Z,34.7755390,-76.6505132,2500.394,-30.63,-6.80,8.19,2.468,3.511,0.58,23
$GNSS,2024-10-11T18:34:24.800Z,34.7754836,-76.6505276,2498.630,-30.53,-6.76,8.84,2.464,3.505,0.58,23
$GNSS,2024-10-11T18:34:25.000Z,34.7754282,-76.6505420,2496.700,-30.63,-6.96,9.48,2.459,3.499,0.57,23
$GNSS,2024-10-11T18:34:25.200Z,34.7753730,-76.6505566,2494.684,-30.42,-6.82,10.10,2.454,3.492,0.56,23
$GNSS,2024-10-11T18:34:25.400Z,34.7753178,-76.6505713,2492.544,-30.55,-7.08,10.60,2.449,3.486,0.55,23
$GNSS,2024-10-11T18:34:25.600Z,34.7752628,-76.6505860,2490.302,-30.35,-6.94,11.18,2.443,3.480,0.54,22
$GNSS,2024-10-11T18:34:25.800Z,34.7752078,-76.6506009,2488.005,-30.49,-7.07,11.55,2.437,3.474,0.54,22
$GNSS,2024-10-11T18:34:26.000Z,34.7751528,-76.6506158,2485.586,-30.38,-7.09,11.91,2.430,3.467,0.54,22
$GNSS,2024-10-11T18:34:26.200Z,34.7750978,-76.6506310,2483.134,-30.45,-7.24,12.29,2.424,3.462,0.53,22
$GNSS,2024-10-11T18:34:26.400Z,34.7750427,-76.6506465,2480.620,-30.49,-7.31,12.66,2.418,3.456,0.53,22
$GNSS,2024-10-11T18:34:26.600Z,34.7749876,-76.6506620,2478.016,-30.55,-7.34,12.91,2.411,3.450,0.53,22
$GNSS,2024-10-11T18:34:26.800Z,34.7749324,-76.6506777,2475.386,-30.59,-7.45,13.20,2.405,3.444,0.53,22
$GNSS,2024-10-11T18:34:27.000Z,34.7748771,-76.6506936,2472.676,-30.62,-7.51,13.60,2.398,3.438,0.52,22
$GNSS,2024-10-11T18:34:27.200Z,34.7748217,-76.6507098,2469.906,-30.68,-7.59,13.88,2.392,3.432,0.52,22
$GNSS,2024-10-11T18:34:27.400Z,34.7747660,-76.6507263,2467.120,-30.80,-7.73,14.05,2.386,3.426,0.51,22
$GNSS,2024-10-11T18:34:27.600Z,34.7747102,-76.6507431,2464.312,-30.82,-7.89,14.03,2.380,3.420,0.51,22
$GNSS,2024-10-11T18:34:27.800Z,34.7746545,-76.6507602,2461.477,-30.81,-8.01,14.15,2.373,3.414,0.51,22
$GNSS,2024-10-11T18:34:28.000Z,34.7745985,-76.6507777,2458.651,-30.93,-8.21,14.16,2.367,3.409,0.51,22
$GNSS,2024-10-11T18:34:28.200Z,34.7745425,-76.6507955,2455.805,-30.97,-8.26,14.35,2.361,3.404,0.50,22
$GNSS,2024-10-11T18:34:28.400Z,34.7744863,-76.6508136,2452.929,-31.14,-8.49,14.47,2.355,3.400,0.50,22
$GNSS,2024-10-11T18:34:28.600Z,34.7744300,-76.6508321,2450.018,-31.10,-8.67,14.59,2.349,3.395,0.50,22
$GNSS,2024-10-11T18:34:28.800Z,34.7743736,-76.6508510,2447.060,-31.28,-8.89,14.72,2.342,3.390,0.50,22
$GNSS,2024-10-11T18:34:29.000Z,34.7743170,-76.6508702,2444.092,-31.38,-9.01,14.77,2.336,3.386,0.50,22
$GNSS,2024-10-11T18:34:29.200Z,34.7742603,-76.6508896,2441.069,-31.41,-9.31,14.68,2.330,3.381,0.50,22
$GNSS,2024-10-11T18:34:29.400Z,34.7742034,-76.6509097,2438.083,-31.56,-9.44,14.78,2.324,3.376,0.50,22
$GNSS,2024-10-11T18:34:29.600Z,34.7741463,-76.6509301,2435.069,-31.66,-9.62,14.95,2.318,3.372,0.51,22
$GNSS,2024-10-11T18:34:29.800Z,34.7740890,-76.6509507,2432.059,-31.76,-9.65,14.98,2.312,3.368,0.51,22
$GNSS,2024-10-11T18:34:30.000Z,34.7740315,-76.6509715,2429.003,-31.90,-9.80,15.03,2.306,3.364,0.51,22
$GNSS,2024-10-11T18:34:30.200Z,34.7739736,-76.6509926,2425.956,-32.18,-9.86,15.03,2.301,3.361,0.51,22
$GNSS,2024-10-11T18:34:30.400Z,34.7739153,-76.6510139,2422.907,-32.36,-9.96,14.94,2.296,3.358,0.51,22
$GNSS,2024-10-11T18:34:30.600Z,34.7738569,-76.6510353,2419.890,-32.35,-10.02,14.84,2.291,3.354,0.52,22
$GNSS,2024-10-11T18:34:30.800Z,34.7737984,-76.6510567,2416.873,-32.39,-9.95,14.79,2.286,3.351,0.53,22
$GNSS,2024-10-11T18:34:31.000Z,34.7737398,-76.6510780,2413.836,-32.52,-10.08,14.75,2.280,3.347,0.51,22
$GNSS,2024-10-11T18:34:31.200Z,34.7736809,-76.6510999,2410.819,-32.71,-10.31,14.81,2.275,3.344,0.52,22
$GNSS,2024-10-11T18:34:31.400Z,34.7736217,-76.6511222,2407.784,-32.78,-10.41,14.88,2.270,3.340,0.52,22
$GNSS,2024-10-11T18:34:31.600Z,34.7735622,-76.6511446,2404.785,-32.98,-10.37,14.81,2.266,3.336,0.52,22
$GNSS,2024-10-11T18:34:31.800Z,34.7735026,-76.6511669,2401.794,-33.04,-10.35,14.73,2.261,3.333,0.52,22
$GNSS,2024-10-11T18:34:32.000Z,34.7734427,-76.6511891,2398.822,-33.18,-10.26,14.72,2.256,3.329,0.51,22
$GNSS,2024-10-11T18:34:32.200Z,34.7733826,-76.6512114,2395.832,-33.32,-10.42,14.74,2.251,3.326,0.50,22
$GNSS,2024-10-11T18:34:32.400Z,34.7733223,-76.6512339,2392.844,-33.37,-10.44,14.83,2.247,3.323,0.51,22
$GNSS,2024-10-11T18:34:32.600Z,34.7732618,-76.6512564,2389.866,-33.56,-10.41,14.83,2.243,3.321,0.51,22
$GNSS,2024-10-11T18:34:32.800Z,34.7732010,-76.6512789,2386.899,-33.59,-10.41,14.73,2.239,3.319,0.50,22
$GNSS,2024-10-11T18:34:33.000Z,34.7731401,-76.6513014,2383.932,-33.83,-10.50,14.64,2.234,3.317,0.51,22
$GNSS,2024-10-11T18:34:33.200Z,34.7730790,-76.6513242,2380.986,-33.82,-10.63,14.55,2.230,3.315,0.51,22
$GNSS,2024-10-11T18:34:33.400Z,34.7730177,-76.6513472,2378.052,-33.90,-10.76,14.55,2.227,3.312,0.51,22
$GNSS,2024-10-11T18:34:33.600Z,34.7729565,-76.6513706,2375.083,-33.92,-10.97,14.60,2.223,3.310,0.51,22
$GNSS,2024-10-11T18:34:33.800Z,34.7728951,-76.6513945,2372.158,-34.00,-11.12,14.66,2.219,3.306,0.50,23
$GNSS,2024-10-11T18:34:34.000Z,34.7728336,-76.6514187,2369.224,-33.98,-11.33,14.50,2.215,3.302,0.50,23
$GNSS,2024-10-11T18:34:34.200Z,34.7727720,-76.6514434,2366.278,-34.11,-11.60,14.43,2.211,3.298,0.49,23
$GNSS,2024-10-11T18:34:34.400Z,34.7727104,-76.6514686,2363.375,-34.00,-11.72,14.24,2.208,3.294,0.50,23
$GNSS,2024-10-11T18:34:34.600Z,34.7726489,-76.6514941,2360.521,-34.06,-11.83,14.06,2.204,3.291,0.51,23
$GNSS,2024-10-11T18:34:34.800Z,34.7725874,-76.6515197,2357.699,-33.94,-11.88,13.81,2.201,3.287,0.51,23
$GNSS,2024-10-11T18:34:35.000Z,34.7725259,-76.6515454,2354.956,-33.94,-11.87,13.53,2.197,3.283,0.51,23
$GNSS,2024-10-11T18:34:35.200Z,34.7724645,-76.6515711,2352.303,-33.91,-11.80,13.24,2.194,3.280,0.52,23
$GNSS,2024-10-11T18:34:35.400Z,34.7724031,-76.6515966,2349.695,-33.94,-11.77,12.88,2.192,3.276,0.52,23
$GNSS,2024-10-11T18:34:35.600Z,34.7723417,-76.6516219,2347.164,-33.89,-11.49,12.53,2.189,3.272,0.53,23
$GNSS,2024-10-11T18:34:35.800Z,34.7722803,-76.6516466,2344.684,-33.90,-11.34,12.30,2.187,3.268,0.55,23
$GNSS,2024-10-11T18:34:36.000Z,34.7722190,-76.6516713,2342.319,-33.79,-11.24,12.02,2.185,3.265,0.55,23
$GNSS,2024-10-11T18:34:36.200Z,34.7721578,-76.6516954,2339.971,-33.84,-10.87,11.78,2.184,3.261,0.56,23
$GNSS,2024-10-11T18:34:36.400Z,34.7720965,-76.6517189,2337.671,-33.80,-10.69,11.64,2.183,3.257,0.55,23
$GNSS,2024-10-11T18:34:36.600Z,34.7720353,-76.6517419,2335.422,-33.80,-10.43,11.42,2.182,3.253,0.55,23
$GNSS,2024-10-11T18:34:36.800Z,34.7719743,-76.6517646,2333.228,-33.67,-10.27,11.18,2.181,3.249,0.56,23
$GNSS,2024-10-11T18:34:37.000Z,34.7719136,-76.6517867,2331.050,-33.42,-10.02,10.94,2.180,3.245,0.57,23
$GNSS,2024-10-11T18:34:37.200Z,34.7718531,-76.6518085,2328.887,-33.45,-10.02,10.86,2.180,3.242,0.57,23
$GNSS,2024-10-11T18:34:37.400Z,34.7717926,-76.6518303,2326.773,-33.37,-9.97,10.69,2.179,3.238,0.57,23
$GNSS,2024-10-11T18:34:37.600Z,34.7717324,-76.6518518,2324.684,-33.11,-9.74,10.61,2.179,3.235,0.56,23
$GNSS,2024-10-11T18:34:37.800Z,34.7716726,-76.6518732,2322.621,-33.01,-9.78,10.43,2.179,3.232,0.57,23
$GNSS,2024-10-11T18:34:38.000Z,34.7716130,-76.6518944,2320.573,-32.82,-9.66,10.31,2.179,3.228,0.57,23
$GNSS,2024-10-11T18:34:38.200Z,34.7715537,-76.6519154,2318.474,-32.75,-9.70,10.39,2.180,3.226,0.59,23
$GNSS,2024-10-11T18:34:38.400Z,34.7714947,-76.6519366,2316.419,-32.46,-9.78,10.30,2.181,3.223,0.60,23
$GNSS,2024-10-11T18:34:38.600Z,34.7714360,-76.6519578,2314.298,-32.45,-9.72,10.59,2.182,3.220,0.59,23
$GNSS,2024-10-11T18:34:38.800Z,34.7713773,-76.6519791,2312.138,-32.40,-9.77,10.76,2.182,3.217,0.59,23
$GNSS,2024-10-11T18:34:39.000Z,34.7713188,-76.6520005,2309.964,-32.30,-9.88,10.90,2.183,3.214,0.59,23
$GNSS,2024-10-11T18:34:39.200Z,34.7712606,-76.6520219,2307.728,-32.14,-9.93,11.04,2.183,3.211,0.58,23
$GNSS,2024-10-11T18:34:39.400Z,34.7712026,-76.6520433,2305.471,-32.01,-9.84,11.09,2.183,3.209,0.58,23
$GNSS,2024-10-11T18:34:39.600Z,34.7711446,-76.6520645,2303.181,-32.06,-9.75,11.40,2.183,3.206,0.58,23
$GNSS,2024-10-11T18:34:39.800Z,34.7710867,-76.6520858,2300.893,-31.91,-9.79,11.57,2.183,3.204,0.58,23
$GNSS,2024-10-11T18:34:40.000Z,34.7710289,-76.6521071,2298.572,-31.96,-9.73,11.69,2.183,3.202,0.58,23
$GNSS,2024-10-11T18:34:40.200Z,34.7709711,-76.6521282,2296.204,-31.90,-9.72,11.88,2.183,3.199,0.57,23
$GNSS,2024-10-11T18:34:40.400Z,34.7709133,-76.6521493,2293.784,-31.95,-9.71,12.01,2.183,3.197,0.58,23
$GNSS,2024-10-11T18:34:40.600Z,34.7708555,-76.6521705,2291.371,-31.99,-9.78,11.99,2.183,3.194,0.57,23
$GNSS,2024-10-11T18:34:40.800Z,34.7707975,-76.6521918,2288.954,-32.07,-9.77,12.10,2.182,3.192,0.57,23
$GNSS,2024-10-11T18:34:41.000Z,34.7707397,-76.6522132,2286.532,-31.81,-9.86,12.08,2.182,3.190,0.57,23
$GNSS,2024-10-11T18:34:41.200Z,34.7706822,-76.6522346,2284.068,-31.79,-9.89,12.20,2.182,3.187,0.57,23
$GNSS,2024-10-11T18:34:41.400Z,34.7706247,-76.6522565,2281.622,-31.76,-10.13,12.26,2.182,3.185,0.57,23
$GNSS,2024-10-11T18:34:41.600Z,34.7705674,-76.6522787,2279.184,-31.55,-10.16,12.33,2.182,3.184,0.57,23
$GNSS,2024-10-11T18:34:41.800Z,34.7705103,-76.6523010,2276.712,-31.51,-10.27,12.40,2.181,3.182,0.57,23
$GNSS,2024-10-11T18:34:42.000Z,34.7704534,-76.6523235,2274.223,-31.45,-10.40,12.36,2.181,3.180,0.57,23
$GNSS,2024-10-11T18:34:42.200Z,34.7703965,-76.6523463,2271.757,-31.35,-10.44,12.36,2.181,3.179,0.58,23
$GNSS,2024-10-11T18:34:42.400Z,34.7703397,-76.6523692,2269.245,-31.43,-10.64,12.43,2.181,3.178,0.59,23
$GNSS,2024-10-11T18:34:42.600Z,34.7702829,-76.6523926,2266.728,-31.38,-10.86,12.52,2.181,3.177,0.58,23
$GNSS,2024-10-11T18:34:42.800Z,34.7702262,-76.6524163,2264.228,-31.20,-10.86,12.47,2.181,3.175,0.59,23
$GNSS,2024-10-11T18:34:43.000Z,34.7701699,-76.6524401,2261.701,-31.06,-11.00,12.54,2.181,3.174,0.58,23
$GNSS,2024-10-11T18:34:43.200Z,34.7701137,-76.6524641,2259.168,-31.06,-11.06,12.56,2.181,3.173,0.58,23
$GNSS,2024-10-11T18:34:43.400Z,34.7700575,-76.6524885,2256.627,-31.05,-11.30,12.64,2.181,3.172,0.58,23
$GNSS,2024-10-11T18:34:43.600Z,34.7700013,-76.6525131,2254.042,-31.05,-11.39,12.71,2.180,3.171,0.58,23
$GNSS,2024-10-11T18:34:43.800Z,34.7699453,-76.6525378,2251.468,-30.95,-11.33,12.58,2.180,3.170,0.58,23
$GNSS,2024-10-11T18:34:44.000Z,34.7698893,-76.6525623,2248.895,-30.95,-11.23,12.71,2.180,3.168,0.58,23
$GNSS,2024-10-11T18:34:44.200Z,34.7698334,-76.6525866,2246.347,-30.90,-11.15,12.58,2.180,3.167,0.58,23
$GNSS,2024-10-11T18:34:44.400Z,34.7697779,-76.6526109,2243.730,-31.03,-11.16,12.71,2.179,3.165,0.57,23
$GNSS,2024-10-11T18:34:44.600Z,34.7697222,-76.6526351,2241.085,-31.10,-11.06,12.86,2.179,3.163,0.57,23
$GNSS,2024-10-11T18:34:44.800Z,34.7696665,-76.6526590,2238.381,-31.20,-11.03,12.85,2.178,3.161,0.57,23
$GNSS,2024-10-11T18:34:45.000Z,34.7696107,-76.6526829,2235.720,-31.14,-10.90,12.94,2.177,3.159,0.57,23
$GNSS,2024-10-11T18:34:45.200Z,34.7695548,-76.6527065,2233.042,-31.23,-10.84,12.83,2.177,3.157,0.57,23
$GNSS,2024-10-11T18:34:45.400Z,34.7694988,-76.6527299,2230.365,-31.31,-10.81,12.81,2.176,3.155,0.57,23
$GNSS,2024-10-11T18:34:45.600Z,34.7694426,-76.6527533,2227.677,-31.43,-10.74,12.84,2.175,3.153,0.57,23
$GNSS,2024-10-11T18:34:45.800Z,34.7693865,-76.6527765,2224.988,-31.30,-10.68,12.90,2.175,3.151,0.57,23
$GNSS,2024-10-11T18:34:46.000Z,34.7693303,-76.6527995,2222.326,-31.39,-10.53,12.89,2.174,3.149,0.57,23
$GNSS,2024-10-11T18:34:46.200Z,34.7692740,-76.6528226,2219.663,-31.44,-10.62,12.93,2.174,3.147,0.57,23
$GNSS,2024-10-11T18:34:46.400Z,34.7692176,-76.6528456,2216.972,-31.42,-10.58,13.04,2.174,3.145,0.57,23
$GNSS,2024-10-11T18:34:46.600Z,34.7691612,-76.6528689,2214.286,-31.54,-10.70,13.15,2.174,3.144,0.57,23
$GNSS,2024-10-11T18:34:46.800Z,34.7691046,-76.6528923,2211.553,-31.50,-10.77,13.31,2.173,3.143,0.58,23
$GNSS,2024-10-11T18:34:47.000Z,34.7690481,-76.6529157,2208.795,-31.55,-10.79,13.46,2.173,3.141,0.57,23
$GNSS,2024-10-11T18:34:47.200Z,34.7689917,-76.6529394,2206.035,-31.36,-10.86,13.51,2.173,3.140,0.58,23
$GNSS,2024-10-11T18:34:47.400Z,34.7689352,-76.6529634,2203.273,-31.55,-11.09,13.63,2.173,3.139,0.57,23
$GNSS,2024-10-11T18:34:47.600Z,34.7688785,-76.6529877,2200.467,-31.60,-11.22,13.77,2.172,3.137,0.56,23
$GNSS,2024-10-11T18:34:47.800Z,34.7688217,-76.6530123,2197.627,-31.67,-11.28,13.98,2.171,3.136,0.56,23
$GNSS,2024-10-11T18:34:48.000Z,34.7687648,-76.6530371,2194.787,-31.75,-11.38,14.06,2.170,3.135,0.56,23
$GNSS,2024-10-11T18:34:48.200Z,34.7687078,-76.6530621,2191.883,-31.82,-11.53,14.18,2.169,3.133,0.56,23
$GNSS,2024-10-11T18:34:48.400Z,34.7686508,-76.6530873,2188.965,-31.71,-11.62,14.18,2.168,3.132,0.56,23
$GNSS,2024-10-11T18:34:48.600Z,34.7685938,-76.6531129,2186.066,-31.79,-11.76,14.22,2.167,3.131,0.55,23
$GNSS,2024-10-11T18:34:48.800Z,34.7685367,-76.6531385,2183.155,-31.86,-11.76,14.26,2.166,3.130,0.55,23
$GNSS,2024-10-11T18:34:49.000Z,34.7684794,-76.6531645,2180.248,-32.00,-11.89,14.47,2.165,3.129,0.55,23
$GNSS,2024-10-11T18:34:49.200Z,34.7684219,-76.6531905,2177.313,-32.03,-11.94,14.47,2.164,3.129,0.55,23
$GNSS,2024-10-11T18:34:49.400Z,34.7683645,-76.6532165,2174.371,-32.00,-11.81,14.44,2.162,3.128,0.56,23
$GNSS,2024-10-11T18:34:49.600Z,34.7683069,-76.6532424,2171.430,-32.13,-11.89,14.53,2.161,3.127,0.55,23
$GNSS,2024-10-11T18:34:49.800Z,34.7682490,-76.6532683,2168.466,-32.35,-11.81,14.47,2.159,3.125,0.55,23
$GNSS,2024-10-11T18:34:50.000Z,34.7681909,-76.6532942,2165.544,-32.35,-11.80,14.52,2.158,3.124,0.54,23
$GNSS,2024-10-11T18:34:50.200Z,34.7681326,-76.6533200,2162.584,-32.54,-11.84,14.44,2.156,3.123,0.55,23
$GNSS,2024-10-11T18:34:50.400Z,34.7680742,-76.6533457,2159.635,-32.56,-11.71,14.51,2.155,3.122,0.55,23
$GNSS,2024-10-11T18:34:50.600Z,34.7680155,-76.6533713,2156.705,-32.78,-11.65,14.31,2.154,3.121,0.55,23
$GNSS,2024-10-11T18:34:50.800Z,34.7679566,-76.6533966,2153.821,-32.82,-11.53,14.20,2.152,3.121,0.54,23
$GNSS,2024-10-11T18:34:51.000Z,34.7678977,-76.6534219,2150.925,-32.77,-11.61,14.24,2.151,3.120,0.54,23
$GNSS,2024-10-11T18:34:51.200Z,34.7678387,-76.6534473,2148.065,-32.91,-11.62,13.97,2.150,3.119,0.55,23
$GNSS,2024-10-11T18:34:51.400Z,34.7677797,-76.6534728,2145.245,-32.84,-11.71,13.81,2.149,3.118,0.55,23
$GNSS,2024-10-11T18:34:51.600Z,34.7677208,-76.6534985,2142.477,-32.77,-11.82,13.47,2.148,3.117,0.56,23
$GNSS,2024-10-11T18:34:51.800Z,34.7676619,-76.6535242,2139.729,-32.86,-11.86,13.19,2.148,3.116,0.56,23
$GNSS,2024-10-11T18:34:52.000Z,34.7676030,-76.6535502,2137.011,-32.74,-12.05,13.03,2.147,3.115,0.56,23
$GNSS,2024-10-11T18:34:52.200Z,34.7675443,-76.6535764,2134.351,-32.70,-12.07,12.80,2.146,3.115,0.56,23
$GNSS,2024-10-11T18:34:52.400Z,34.7674858,-76.6536028,2131.712,-32.49,-12.22,12.64,2.146,3.114,0.57,23
$GNSS,2024-10-11T18:34:52.600Z,34.7674276,-76.6536294,2129.149,-32.35,-12.23,12.47,2.145,3.113,0.56,23
$GNSS,2024-10-11T18:34:52.800Z,34.7673696,-76.6536560,2126.594,-32.23,-12.28,12.23,2.145,3.113,0.57,23
$GNSS,2024-10-11T18:34:53.000Z,34.7673118,-76.6536827,2124.091,-32.21,-12.21,12.05,2.144,3.113,0.56,23
$GNSS,2024-10-11T18:34:53.200Z,34.7672541,-76.6537095,2121.619,-32.09,-12.35,12.06,2.144,3.112,0.57,23
$GNSS,2024-10-11T18:34:53.400Z,34.7671966,-76.6537363,2119.130,-31.97,-12.30,12.04,2.143,3.112,0.57,23
$GNSS,2024-10-11T18:34:53.600Z,34.7671392,-76.6537631,2116.672,-31.91,-12.26,11.95,2.143,3.112,0.56,23
$GNSS,2024-10-11T18:34:53.800Z,34.7670819,-76.6537897,2114.190,-31.89,-12.30,11.85,2.142,3.112,0.56,23
$GNSS,2024-10-11T18:34:54.000Z,34.7670247,-76.6538164,2111.747,-31.82,-12.24,11.78,2.141,3.111,0.56,23
$GNSS,2024-10-11T18:34:54.200Z,34.7669676,-76.6538428,2109.264,-31.83,-12.17,11.72,2.141,3.111,0.56,23
$GNSS,2024-10-11T18:34:54.400Z,34.7669106,-76.6538691,2106.781,-31.77,-12.11,11.66,2.140,3.110,0.56,23
$GNSS,2024-10-11T18:34:54.600Z,34.7668537,-76.6538951,2104.286,-31.72,-12.02,11.70,2.139,3.110,0.56,23
$GNSS,2024-10-11T18:34:54.800Z,34.7667968,-76.6539210,2101.823,-31.73,-11.94,11.72,2.138,3.109,0.55,23
$GNSS,2024-10-11T18:34:55.000Z,34.7667399,-76.6539467,2099.363,-31.69,-11.78,11.80,2.137,3.108,0.55,23
$GNSS,2024-10-11T18:34:55.200Z,34.7666829,-76.6539722,2096.870,-31.76,-11.71,11.87,2.136,3.108,0.55,23
$GNSS,2024-10-11T18:34:55.400Z,34.7666260,-76.6539973,2094.337,-31.70,-11.60,12.07,2.135,3.107,0.54,23
$GNSS,2024-10-11T18:34:55.600Z,34.7665691,-76.6540225,2091.814,-31.68,-11.66,12.02,2.134,3.105,0.54,23
$GNSS,2024-10-11T18:34:55.800Z,34.7665123,-76.6540478,2089.312,-31.65,-11.67,12.04,2.133,3.104,0.54,23
$GNSS,2024-10-11T18:34:56.000Z,34.7664555,-76.6540731,2086.843,-31.64,-11.58,11.96,2.132,3.103,0.54,23
$GNSS,2024-10-11T18:34:56.200Z,34.7663987,-76.6540982,2084.352,-31.53,-11.47,12.08,2.131,3.102,0.55,23
$GNSS,2024-10-11T18:34:56.400Z,34.7663421,-76.6541232,2081.871,-31.50,-11.49,12.03,2.130,3.101,0.55,23
$GNSS,2024-10-11T18:34:56.600Z,34.7662856,-76.6541481,2079.402,-31.44,-11.40,11.98,2.129,3.099,0.55,23
$GNSS,2024-10-11T18:34:56.800Z,34.7662292,-76.6541730,2076.988,-31.35,-11.42,11.88,2.128,3.098,0.55,23
$GNSS,2024-10-11T18:34:57.000Z,34.7661730,-76.6541977,2074.566,-31.25,-11.21,11.86,2.128,3.098,0.56,23
$GNSS,2024-10-11T18:34:57.200Z,34.7661169,-76.6542220,2072.135,-31.17,-11.07,11.83,2.127,3.096,0.55,23
$GNSS,2024-10-11T18:34:57.400Z,34.7660609,-76.6542460,2069.675,-31.19,-11.04,11.94,2.127,3.095,0.56,23
$GNSS,2024-10-11T18:34:57.600Z,34.7660052,-76.6542700,2067.224,-30.94,-10.97,11.99,2.126,3.095,0.55,23
$GNSS,2024-10-11T18:34:57.800Z,34.7659495,-76.6542939,2064.802,-30.98,-10.89,12.07,2.126,3.094,0.55,23
$GNSS,2024-10-11T18:34:58.000Z,34.7658939,-76.6543178,2062.350,-31.00,-10.96,12.09,2.125,3.093,0.55,23
$GNSS,2024-10-11T18:34:58.200Z,34.7658383,-76.6543418,2059.899,-30.86,-10.92,12.28,2.124,3.093,0.55,23
$GNSS,2024-10-11T18:34:58.400Z,34.7657828,-76.6543656,2057.406,-30.92,-10.87,12.37,2.123,3.092,0.54,23
$GNSS,2024-10-11T18:34:58.600Z,34.7657273,-76.6543893,2054.903,-30.92,-10.84,12.41,2.122,3.091,0.54,23
$GNSS,2024-10-11T18:34:58.800Z,34.7656717,-76.6544129,2052.376,-30.93,-10.81,12.42,2.121,3.090,0.54,23
$GNSS,2024-10-11T18:34:59.000Z,34.7656162,-76.6544366,2049.876,-30.90,-10.76,12.46,2.120,3.089,0.54,23
$GNSS,2024-10-11T18:34:59.200Z,34.7655608,-76.6544600,2047.348,-30.76,-10.67,12.55,2.119,3.089,0.55,23
$GNSS,2024-10-11T18:34:59.400Z,34.7655055,-76.6544832,2044.789,-30.83,-10.66,12.54,2.119,3.088,0.54,23
$GNSS,2024-10-11T18:34:59.600Z,34.7654501,-76.6545065,2042.237,-30.88,-10.66,12.58,2.117,3.086,0.54,23
$GNSS,2024-10-11T18:34:59.800Z,34.7653946,-76.6545297,2039.678,-30.90,-10.61,12.58,2.116,3.085,0.54,23
$GNSS,2024-10-11T18:35:00.000Z,34.7653392,-76.6545527,2037.108,-30.79,-10.47,12.53,2.115,3.084,0.54,23
$GNSS,2024-10-11T18:35:00.200Z,34.7652838,-76.6545753,2034.488,-30.95,-10.43,12.66,2.114,3.083,0.53,23
$GNSS,2024-10-11T18:35:00.400Z,34.7652282,-76.6545978,2031.858,-30.98,-10.35,12.76,2.112,3.082,0.53,23
$GNSS,2024-10-11T18:35:00.600Z,34.7651725,-76.6546201,2029.204,-31.08,-10.21,12.81,2.111,3.082,0.53,23
$GNSS,2024-10-11T18:35:00.800Z,34.7651167,-76.6546422,2026.521,-31.14,-10.22,12.94,2.109,3.081,0.52,23
$GNSS,2024-10-11T18:35:01.000Z,34.7650608,-76.6546643,2023.811,-31.20,-10.26,13.09,2.108,3.080,0.52,23
$GNSS,2024-10-11T18:35:01.200Z,34.7650048,-76.6546864,2021.056,-31.19,-10.17,13.20,2.106,3.080,0.51,23
$GNSS,2024-10-11T18:35:01.400Z,34.7649489,-76.6547082,2018.266,-31.22,-10.13,13.36,2.104,3.079,0.51,23
$GNSS,2024-10-11T18:35:01.600Z,34.7648927,-76.6547300,2015.481,-31.39,-10.04,13.42,2.101,3.078,0.50,23
$GNSS,2024-10-11T18:35:01.800Z,34.7648363,-76.6547517,2012.663,-31.46,-10.06,13.48,2.099,3.077,0.50,23
$GNSS,2024-10-11T18:35:02.000Z,34.7647798,-76.6547735,2009.848,-31.51,-10.07,13.58,2.097,3.077,0.50,23
$GNSS,2024-10-11T18:35:02.200Z,34.7647231,-76.6547952,2007.024,-31.62,-9.93,13.78,2.095,3.076,0.50,23
$GNSS,2024-10-11T18:35:02.400Z,34.7646663,-76.6548167,2004.181,-31.67,-9.93,13.89,2.093,3.075,0.50,23
$GNSS,2024-10-11T18:35:02.600Z,34.7646093,-76.6548382,2001.303,-31.79,-9.93,13.98,2.090,3.075,0.49,23
$GNSS,2024-10-11T18:35:02.800Z,34.7645522,-76.6548598,1998.445,-31.83,-9.89,14.17,2.087,3.074,0.49,23
$GNSS,2024-10-11T18:35:03.000Z,34.7644949,-76.6548815,1995.566,-31.94,-9.93,14.28,2.084,3.074,0.49,23
$GNSS,2024-10-11T18:35:03.200Z,34.7644374,-76.6549032,1992.686,-32.01,-9.92,14.36,2.082,3.074,0.50,23
$GNSS,2024-10-11T18:35:03.400Z,34.7643798,-76.6549249,1989.767,-32.05,-9.97,14.35,2.079,3.074,0.50,23
$GNSS,2024-10-11T18:35:03.600Z,34.7643221,-76.6549468,1986.874,-32.16,-10.06,14.33,2.077,3.074,0.50,23
$GNSS,2024-10-11T18:35:03.800Z,34.7642644,-76.6549688,1983.987,-32.13,-10.09,14.23,2.075,3.074,0.50,23
$GNSS,2024-10-11T18:35:04.000Z,34.7642067,-76.6549910,1981.089,-32.11,-10.28,14.20,2.074,3.073,0.50,23
$GNSS,2024-10-11T18:35:04.200Z,34.7641488,-76.6550137,1978.204,-32.25,-10.50,14.25,2.072,3.073,0.50,23
$GNSS,2024-10-11T18:35:04.400Z,34.7640909,-76.6550368,1975.311,-32.24,-10.66,14.38,2.070,3.073,0.51,23
$GNSS,2024-10-11T18:35:04.600Z,34.7640330,-76.6550601,1972.397,-32.23,-10.73,14.38,2.068,3.073,0.51,23
$GNSS,2024-10-11T18:35:04.800Z,34.7639750,-76.6550836,1969.469,-32.31,-10.82,14.39,2.067,3.072,0.51,23
$GNSS,2024-10-11T18:35:05.000Z,34.7639169,-76.6551073,1966.553,-32.33,-10.94,14.38,2.065,3.072,0.51,23
$GNSS,2024-10-11T18:35:05.200Z,34.7638588,-76.6551313,1963.632,-32.36,-11.06,14.28,2.064,3.071,0.50,23
$GNSS,2024-10-11T18:35:05.400Z,34.7638007,-76.6551554,1960.715,-32.34,-11.15,14.24,2.062,3.070,0.50,23
$GNSS,2024-10-11T18:35:05.600Z,34.7637425,-76.6551798,1957.849,-32.39,-11.19,14.24,2.061,3.070,0.51,23
$GNSS,2024-10-11T18:35:05.800Z,34.7636843,-76.6552042,1954.975,-32.33,-11.17,14.22,2.059,3.069,0.52,23
$GNSS,2024-10-11T18:35:06.000Z,34.7636261,-76.6552286,1952.130,-32.40,-11.13,14.08,2.058,3.069,0.51,23
$GNSS,2024-10-11T18:35:06.200Z,34.7635678,-76.6552531,1949.308,-32.47,-11.26,14.01,2.057,3.068,0.52,23
$GNSS,2024-10-11T18:35:06.400Z,34.7635094,-76.6552777,1946.474,-32.48,-11.33,13.95,2.056,3.067,0.52,23
$GNSS,2024-10-11T18:35:06.600Z,34.7634511,-76.6553025,1943.701,-32.36,-11.33,13.91,2.055,3.066,0.52,23
$GNSS,2024-10-11T18:35:06.800Z,34.7633929,-76.6553273,1940.900,-32.40,-11.34,13.92,2.055,3.065,0.52,23
$GNSS,2024-10-11T18:35:07.000Z,34.7633345,-76.6553522,1938.129,-32.47,-11.40,13.93,2.054,3.064,0.52,23
$GNSS,2024-10-11T18:35:07.200Z,34.7632763,-76.6553771,1935.328,-32.31,-11.38,13.95,2.053,3.063,0.52,23
$GNSS,2024-10-11T18:35:07.400Z,34.7632180,-76.6554022,1932.539,-32.48,-11.51,13.89,2.052,3.062,0.52,23
$GNSS,2024-10-11T18:35:07.600Z,34.7631596,-76.6554274,1929.771,-32.41,-11.47,13.82,2.051,3.061,0.53,23
$GNSS,2024-10-11T18:35:07.800Z,34.7631013,-76.6554526,1927.024,-32.44,-11.52,13.71,2.051,3.060,0.53,23
$GNSS,2024-10-11T18:35:08.000Z,34.7630430,-76.6554777,1924.282,-32.40,-11.47,13.63,2.050,3.060,0.52,23
$GNSS,2024-10-11T18:35:08.200Z,34.7629847,-76.6555029,1921.569,-32.37,-11.55,13.52,2.049,3.058,0.53,23
$GNSS,2024-10-11T18:35:08.400Z,34.7629263,-76.6555283,1918.848,-32.54,-11.62,13.48,2.049,3.057,0.53,23
$GNSS,2024-10-11T18:35:08.600Z,34.7628679,-76.6555536,1916.122,-32.46,-11.60,13.37,2.048,3.056,0.52,23
$GNSS,2024-10-11T18:35:08.800Z,34.7628096,-76.6555790,1913.427,-32.44,-11.67,13.23,2.048,3.054,0.52,23
$GNSS,2024-10-11T18:35:09.000Z,34.7627513,-76.6556043,1910.737,-32.39,-11.56,13.25,2.047,3.053,0.52,23
$GNSS,2024-10-11T18:35:09.200Z,34.7626931,-76.6556295,1908.039,-32.37,-11.58,13.16,2.046,3.052,0.52,23
$GNSS,2024-10-11T18:35:09.400Z,34.7626348,-76.6556546,1905.384,-32.51,-11.45,13.00,2.046,3.051,0.53,23
$GNSS,2024-10-11T18:35:09.600Z,34.7625764,-76.6556795,1902.708,-32.43,-11.45,12.92,2.046,3.050,0.53,23
$GNSS,2024-10-11T18:35:09.800Z,34.7625182,-76.6557042,1900.045,-32.33,-11.37,12.77,2.045,3.049,0.52,23
$GNSS,2024-10-11T18:35:10.000Z,34.7624600,-76.6557287,1897.404,-32.44,-11.28,12.72,2.045,3.048,0.53,23
$GNSS,2024-10-11T18:35:10.200Z,34.7624017,-76.6557533,1894.814,-32.41,-11.31,12.64,2.044,3.046,0.53,23
$GNSS,2024-10-11T18:35:10.400Z,34.7623434,-76.6557778,1892.189,-32.40,-11.24,12.71,2.044,3.045,0.53,23
$GNSS,2024-10-11T18:35:10.600Z,34.7622852,-76.6558022,1889.560,-32.40,-11.29,12.74,2.044,3.044,0.53,23
$GNSS,2024-10-11T18:35:10.800Z,34.7622270,-76.6558267,1886.924,-32.37,-11.24,12.81,2.043,3.043,0.53,23
$GNSS,2024-10-11T18:35:11.000Z,34.7621689,-76.6558511,1884.316,-32.23,-11.21,12.81,2.043,3.042,0.53,23
$GNSS,2024-10-11T18:35:11.200Z,34.7621108,-76.6558756,1881.717,-32.31,-11.25,12.78,2.043,3.041,0.53,23
$GNSS,2024-10-11T18:35:11.400Z,34.7620528,-76.6559000,1879.103,-32.25,-11.17,12.72,2.043,3.040,0.54,23
$GNSS,2024-10-11T18:35:11.600Z,34.7619947,-76.6559246,1876.580,-32.25,-11.16,12.80,2.043,3.039,0.54,23
$GNSS,2024-10-11T18:35:11.800Z,34.7619369,-76.6559491,1874.019,-32.11,-11.18,12.87,2.043,3.039,0.54,23
$GNSS,2024-10-11T18:35:12.000Z,34.7618792,-76.6559736,1871.450,-32.01,-11.17,12.88,2.043,3.038,0.53,23
$GNSS,2024-10-11T18:35:12.200Z,34.7618215,-76.6559981,1868.865,-32.08,-11.18,13.02,2.042,3.037,0.53,23
$GNSS,2024-10-11T18:35:12.400Z,34.7617638,-76.6560225,1866.229,-32.09,-11.19,13.14,2.042,3.036,0.52,23
$GNSS,2024-10-11T18:35:12.600Z,34.7617060,-76.6560470,1863.603,-32.09,-11.14,13.22,2.041,3.035,0.52,23
$GNSS,2024-10-11T18:35:12.800Z,34.7616483,-76.6560715,1860.966,-32.10,-11.19,13.32,2.040,3.034,0.52,23
$GNSS,2024-10-11T18:35:13.000Z,34.7615906,-76.6560960,1858.304,-31.98,-11.23,13.13,2.040,3.032,0.52,23
$GNSS,2024-10-11T18:35:13.200Z,34.7615332,-76.6561206,1855.687,-31.88,-11.25,13.01,2.039,3.031,0.52,23
$GNSS,2024-10-11T18:35:13.400Z,34.7614757,-76.6561452,1853.068,-32.01,-11.33,12.94,2.038,3.030,0.53,23
$GNSS,2024-10-11T18:35:13.600Z,34.7614181,-76.6561700,1850.420,-31.99,-11.43,12.90,2.038,3.029,0.53,23
$GNSS,2024-10-11T18:35:13.800Z,34.7613607,-76.6561949,1847.766,-31.83,-11.50,12.90,2.038,3.028,0.53,23
$GNSS,2024-10-11T18:35:14.000Z,34.7613035,-76.6562200,1845.136,-31.76,-11.61,12.79,2.037,3.027,0.53,23
$GNSS,2024-10-11T18:35:14.200Z,34.7612463,-76.6562453,1842.508,-31.81,-11.66,12.71,2.037,3.026,0.53,23
$GNSS,2024-10-11T18:35:14.400Z,34.7611891,-76.6562707,1839.910,-31.82,-11.74,12.63,2.036,3.025,0.53,23
$GNSS,2024-10-11T18:35:14.600Z,34.7611319,-76.6562963,1837.287,-31.83,-11.83,12.60,2.036,3.024,0.52,23
$GNSS,2024-10-11T18:35:14.800Z,34.7610748,-76.6563219,1834.669,-31.66,-11.87,12.66,2.036,3.023,0.53,23
$GNSS,2024-10-11T18:35:15.000Z,34.7610180,-76.6563477,1832.057,-31.59,-11.86,12.69,2.035,3.023,0.53,23
$GNSS,2024-10-11T18:35:15.200Z,34.7609611,-76.6563735,1829.427,-31.70,-11.92,12.75,2.035,3.022,0.53,23
$GNSS,2024-10-11T18:35:15.400Z,34.7609041,-76.6563994,1826.790,-31.68,-11.97,12.84,2.035,3.022,0.53,23
$GNSS,2024-10-11T18:35:15.600Z,34.7608473,-76.6564254,1824.169,-31.51,-11.95,12.82,2.034,3.021,0.52,23
$GNSS,2024-10-11T18:35:15.800Z,34.7607907,-76.6564513,1821.521,-31.50,-11.94,12.85,2.034,3.020,0.52,23
$GNSS,2024-10-11T18:35:16.000Z,34.7607340,-76.6564772,1818.866,-31.55,-11.97,12.85,2.034,3.020,0.53,23
$GNSS,2024-10-11T18:35:16.200Z,34.7606773,-76.6565033,1816.264,-31.50,-11.99,12.90,2.033,3.019,0.53,23
$GNSS,2024-10-11T18:35:16.400Z,34.7606207,-76.6565294,1813.612,-31.42,-12.01,13.03,2.033,3.018,0.52,23
$GNSS,2024-10-11T18:35:16.600Z,34.7605642,-76.6565555,1810.883,-31.48,-12.08,13.19,2.032,3.018,0.51,23
$GNSS,2024-10-11T18:35:16.800Z,34.7605075,-76.6565819,1808.193,-31.45,-12.14,13.28,2.031,3.018,0.51,23
$GNSS,2024-10-11T18:35:17.000Z,34.7604509,-76.6566085,1805.486,-31.50,-12.29,13.49,2.030,3.018,0.51,23
$GNSS,2024-10-11T18:35:17.200Z,34.7603942,-76.6566353,1802.752,-31.42,-12.26,13.61,2.029,3.018,0.51,23
$GNSS,2024-10-11T18:35:17.400Z,34.7603376,-76.6566621,1800.006,-31.49,-12.30,13.57,2.029,3.018,0.51,23
$GNSS,2024-10-11T18:35:17.600Z,34.7602809,-76.6566890,1797.288,-31.45,-12.27,13.56,2.028,3.017,0.51,23
$GNSS,2024-10-11T18:35:17.800Z,34.7602241,-76.6567158,1794.537,-31.66,-12.27,13.69,2.027,3.017,0.51,23
$GNSS,2024-10-11T18:35:18.000Z,34.7601671,-76.6567426,1791.809,-31.60,-12.32,13.59,2.025,3.016,0.51,23
$GNSS,2024-10-11T18:35:18.200Z,34.7601100,-76.6567695,1789.105,-31.66,-12.18,13.62,2.025,3.016,0.52,23
$GNSS,2024-10-11T18:35:18.400Z,34.7600530,-76.6567960,1786.356,-31.65,-12.08,13.71,2.024,3.016,0.52,23
$GNSS,2024-10-11T18:35:18.600Z,34.7599961,-76.6568222,1783.594,-31.59,-12.01,13.62,2.023,3.016,0.52,23
$GNSS,2024-10-11T18:35:18.800Z,34.7599390,-76.6568484,1780.835,-31.71,-11.95,13.60,2.022,3.015,0.51,23
$GNSS,2024-10-11T18:35:19.000Z,34.7598818,-76.6568744,1778.059,-31.86,-11.96,13.53,2.021,3.015,0.51,23
$GNSS,2024-10-11T18:35:19.200Z,34.7598244,-76.6569001,1775.264,-31.93,-11.74,13.64,2.019,3.015,0.51,23
$GNSS,2024-10-11T18:35:19.400Z,34.7597668,-76.6569256,1772.468,-32.01,-11.68,13.63,2.018,3.015,0.51,23
$GNSS,2024-10-11T18:35:19.600Z,34.7597091,-76.6569509,1769.691,-32.10,-11.60,13.52,2.017,3.015,0.51,23
$GNSS,2024-10-11T18:35:19.800Z,34.7596513,-76.6569759,1766.892,-32.16,-11.52,13.50,2.016,3.015,0.52,23
$GNSS,2024-10-11T18:35:20.000Z,34.7595933,-76.6570007,1764.140,-32.25,-11.38,13.30,2.016,3.015,0.51,23
$GNSS,2024-10-11T18:35:20.200Z,34.7595353,-76.6570252,1761.421,-32.26,-11.18,13.32,2.015,3.015,0.51,23
$GNSS,2024-10-11T18:35:20.400Z,34.7594773,-76.6570495,1758.703,-32.19,-11.15,13.34,2.014,3.015,0.50,23
$GNSS,2024-10-11T18:35:20.600Z,34.7594194,-76.6570737,1755.951,-32.25,-11.18,13.41,2.013,3.016,0.50,23
$GNSS,2024-10-11T18:35:20.800Z,34.7593612,-76.6570981,1753.201,-32.35,-11.25,13.54,2.012,3.016,0.50,23
$GNSS,2024-10-11T18:35:21.000Z,34.7593029,-76.6571225,1750.406,-32.35,-11.26,13.62,2.011,3.017,0.50,23
$GNSS,2024-10-11T18:35:21.200Z,34.7592445,-76.6571471,1747.607,-32.45,-11.34,13.78,2.009,3.017,0.50,23
$GNSS,2024-10-11T18:35:21.400Z,34.7591861,-76.6571718,1744.771,-32.42,-11.43,13.85,2.008,3.017,0.50,23
$GNSS,2024-10-11T18:35:21.600Z,34.7591277,-76.6571967,1741.971,-32.43,-11.46,13.83,2.007,3.017,0.49,23
$GNSS,2024-10-11T18:35:21.800Z,34.7590692,-76.6572218,1739.177,-32.52,-11.61,13.80,2.006,3.018,0.50,23
$GNSS,2024-10-11T18:35:22.000Z,34.7590106,-76.6572471,1736.421,-32.49,-11.63,13.56,2.005,3.018,0.50,23
$GNSS,2024-10-11T18:35:22.200Z,34.7589521,-76.6572724,1733.676,-32.54,-11.64,13.44,2.004,3.018,0.50,23
$GNSS,2024-10-11T18:35:22.400Z,34.7588935,-76.6572977,1730.976,-32.43,-11.61,13.27,2.003,3.019,0.51,23
$GNSS,2024-10-11T18:35:22.600Z,34.7588352,-76.6573231,1728.320,-32.34,-11.71,13.07,2.002,3.019,0.52,23
$GNSS,2024-10-11T18:35:22.800Z,34.7587770,-76.6573487,1725.698,-32.19,-11.76,12.97,2.002,3.019,0.52,23
$GNSS,2024-10-11T18:35:23.000Z,34.7587191,-76.6573743,1723.102,-32.14,-11.73,12.79,2.002,3.019,0.53,23
$GNSS,2024-10-11T18:35:23.200Z,34.7586613,-76.6573998,1720.516,-31.98,-11.71,12.67,2.002,3.019,0.54,23
$GNSS,2024-10-11T18:35:23.400Z,34.7586038,-76.6574255,1717.996,-31.88,-11.78,12.62,2.002,3.019,0.55,23
$GNSS,2024-10-11T18:35:23.600Z,34.7585464,-76.6574515,1715.474,-31.76,-11.97,12.55,2.003,3.019,0.54,23
$GNSS,2024-10-11T18:35:23.800Z,34.7584893,-76.6574776,1712.976,-31.69,-11.94,12.50,2.003,3.019,0.54,23
$GNSS,2024-10-11T18:35:24.000Z,34.7584323,-76.6575037,1710.448,-31.62,-12.01,12.49,2.003,3.019,0.54,23
$GNSS,2024-10-11T18:35:24.200Z,34.7583756,-76.6575299,1707.908,-31.40,-12.10,12.38,2.004,3.019,0.54,23
$GNSS,2024-10-11T18:35:24.400Z,34.7583191,-76.6575562,1705.358,-31.31,-12.13,12.33,2.004,3.018,0.54,23
$GNSS,2024-10-11T18:35:24.600Z,34.7582629,-76.6575826,1702.833,-31.15,-12.19,12.33,2.004,3.017,0.54,23
$GNSS,2024-10-11T18:35:24.800Z,34.7582069,-76.6576092,1700.332,-30.98,-12.21,12.24,2.005,3.016,0.54,23
$GNSS,2024-10-11T18:35:25.000Z,34.7581512,-76.6576357,1697.846,-30.95,-12.12,12.34,2.005,3.015,0.54,23
$GNSS,2024-10-11T18:35:25.200Z,34.7580956,-76.6576621,1695.356,-30.80,-12.15,12.26,2.005,3.014,0.54,23
$GNSS,2024-10-11T18:35:25.400Z,34.7580400,-76.6576885,1692.852,-30.91,-12.16,12.25,2.005,3.013,0.54,23
$GNSS,2024-10-11T18:35:25.600Z,34.7579845,-76.6577149,1690.354,-30.72,-12.11,12.30,2.005,3.012,0.53,23
$GNSS,2024-10-11T18:35:25.800Z,34.7579291,-76.6577413,1687.839,-30.74,-12.12,12.42,2.005,3.011,0.53,23
$GNSS,2024-10-11T18:35:26.000Z,34.7578737,-76.6577679,1685.321,-30.80,-12.24,12.62,2.005,3.010,0.53,23
$GNSS,2024-10-11T18:35:26.200Z,34.7578183,-76.6577945,1682.718,-30.74,-12.26,12.91,2.004,3.009,0.52,23
$GNSS,2024-10-11T18:35:26.400Z,34.7577630,-76.6578211,1680.048,-30.72,-12.18,13.17,2.003,3.007,0.51,23
$GNSS,2024-10-11T18:35:26.600Z,34.7577077,-76.6578478,1677.375,-30.66,-12.28,13.38,2.002,3.006,0.50,23
$GNSS,2024-10-11T18:35:26.800Z,34.7576524,-76.6578746,1674.622,-30.77,-12.41,13.69,2.001,3.004,0.49,23
$GNSS,2024-10-11T18:35:27.000Z,34.7575970,-76.6579018,1671.822,-30.69,-12.56,13.88,1.999,3.003,0.48,23
$GNSS,2024-10-11T18:35:27.200Z,34.7575417,-76.6579293,1669.038,-30.75,-12.61,14.04,1.997,3.001,0.48,23
$GNSS,2024-10-11T18:35:27.400Z,34.7574863,-76.6579570,1666.218,-30.81,-12.75,14.07,1.996,3.001,0.49,23
$GNSS,2024-10-11T18:35:27.600Z,34.7574308,-76.6579848,1663.365,-30.85,-12.77,14.23,1.995,3.000,0.49,23
$GNSS,2024-10-11T18:35:27.800Z,34.7573752,-76.6580129,1660.539,-30.82,-12.88,14.16,1.993,2.999,0.49,23
$GNSS,2024-10-11T18:35:28.000Z,34.7573198,-76.6580409,1657.732,-30.78,-12.76,14.09,1.992,2.999,0.49,23
$GNSS,2024-10-11T18:35:28.200Z,34.7572643,-76.6580690,1654.935,-30.81,-12.87,14.02,1.991,2.998,0.49,23
$GNSS,2024-10-11T18:35:28.400Z,34.7572088,-76.6580971,1652.105,-30.90,-12.96,13.98,1.990,2.997,0.49,23
$GNSS,2024-10-11T18:35:28.600Z,34.7571532,-76.6581253,1649.327,-30.83,-12.83,13.91,1.989,2.996,0.50,23
$GNSS,2024-10-11T18:35:28.800Z,34.7570977,-76.6581534,1646.560,-30.74,-12.83,13.87,1.988,2.996,0.51,23
$GNSS,2024-10-11T18:35:29.000Z,34.7570423,-76.6581814,1643.808,-30.73,-12.84,13.70,1.987,2.996,0.52,23
$GNSS,2024-10-11T18:35:29.200Z,34.7569869,-76.6582094,1641.050,-30.81,-12.91,13.57,1.987,2.996,0.53,23
$GNSS,2024-10-11T18:35:29.400Z,34.7569314,-76.6582377,1638.334,-30.75,-12.96,13.47,1.987,2.996,0.54,23
$GNSS,2024-10-11T18:35:29.600Z,34.7568761,-76.6582659,1635.635,-30.69,-12.95,13.31,1.987,2.997,0.54,23
$GNSS,2024-10-11T18:35:29.800Z,34.7568210,-76.6582940,1632.940,-30.61,-12.90,13.30,1.988,2.997,0.54,23
$GNSS,2024-10-11T18:35:30.000Z,34.7567659,-76.6583221,1630.243,-30.62,-12.92,13.28,1.989,2.997,0.54,23
$GNSS,2024-10-11T18:35:30.200Z,34.7567108,-76.6583502,1627.529,-30.59,-12.93,13.31,1.989,2.997,0.54,23
$GNSS,2024-10-11T18:35:30.400Z,34.7566558,-76.6583784,1624.815,-30.54,-13.00,13.26,1.990,2.997,0.54,23
$GNSS,2024-10-11T18:35:30.600Z,34.7566007,-76.6584066,1622.119,-30.58,-12.94,13.14,1.990,2.997,0.54,23
$GNSS,2024-10-11T18:35:30.800Z,34.7565458,-76.6584347,1619.418,-30.54,-12.97,13.15,1.991,2.997,0.53,23
$GNSS,2024-10-11T18:35:31.000Z,34.7564908,-76.6584629,1616.718,-30.51,-12.99,13.22,1.991,2.997,0.53,23
$GNSS,2024-10-11T18:35:31.200Z,34.7564359,-76.6584911,1613.981,-30.54,-13.04,13.26,1.991,2.998,0.53,23
$GNSS,2024-10-11T18:35:31.400Z,34.7563809,-76.6585194,1611.266,-30.52,-13.01,13.30,1.992,2.998,0.53,23
$GNSS,2024-10-11T18:35:31.600Z,34.7563260,-76.6585477,1608.518,-30.47,-13.03,13.33,1.992,2.998,0.53,23
$GNSS,2024-10-11T18:35:31.800Z,34.7562711,-76.6585760,1605.789,-30.52,-13.03,13.35,1.992,2.998,0.53,23
$GNSS,2024-10-11T18:35:32.000Z,34.7562162,-76.6586043,1603.080,-30.44,-12.99,13.34,1.992,2.997,0.53,23
$GNSS,2024-10-11T18:35:32.200Z,34.7561616,-76.6586325,1600.346,-30.28,-12.98,13.39,1.992,2.997,0.53,23
$GNSS,2024-10-11T18:35:32.400Z,34.7561069,-76.6586608,1597.621,-30.41,-13.01,13.37,1.992,2.996,0.53,23
$GNSS,2024-10-11T18:35:32.600Z,34.7560521,-76.6586891,1594.897,-30.40,-13.06,13.36,1.992,2.996,0.53,23
$GNSS,2024-10-11T18:35:32.800Z,34.7559975,-76.6587176,1592.184,-30.32,-13.05,13.53,1.992,2.995,0.53,23
$GNSS,2024-10-11T18:35:33.000Z,34.7559428,-76.6587462,1589.464,-30.35,-13.12,13.58,1.992,2.994,0.53,23
$GNSS,2024-10-11T18:35:33.200Z,34.7558880,-76.6587748,1586.699,-30.51,-13.18,13.63,1.992,2.994,0.53,23
$GNSS,2024-10-11T18:35:33.400Z,34.7558332,-76.6588035,1583.970,-30.37,-13.08,13.70,1.993,2.994,0.53,23
$GNSS,2024-10-11T18:35:33.600Z,34.7557784,-76.6588322,1581.212,-30.39,-13.17,13.79,1.993,2.994,0.53,23
$GNSS,2024-10-11T18:35:33.800Z,34.7557237,-76.6588609,1578.435,-30.32,-13.11,13.89,1.993,2.993,0.53,23
$GNSS,2024-10-11T18:35:34.000Z,34.7556690,-76.6588896,1575.649,-30.39,-13.12,13.95,1.994,2.993,0.53,23
$GNSS,2024-10-11T18:35:34.200Z,34.7556141,-76.6589183,1572.884,-30.44,-13.05,13.92,1.994,2.993,0.53,23
$GNSS,2024-10-11T18:35:34.400Z,34.7555593,-76.6589468,1570.075,-30.45,-13.10,14.03,1.994,2.994,0.53,23
$GNSS,2024-10-11T18:35:34.600Z,34.7555044,-76.6589754,1567.259,-30.47,-13.05,14.00,1.994,2.994,0.53,23
$GNSS,2024-10-11T18:35:34.800Z,34.7554495,-76.6590037,1564.406,-30.49,-13.02,13.96,1.994,2.994,0.53,23
$GNSS,2024-10-11T18:35:35.000Z,34.7553946,-76.6590321,1561.601,-30.49,-13.00,13.83,1.994,2.995,0.53,23
$GNSS,2024-10-11T18:35:35.200Z,34.7553396,-76.6590602,1558.761,-30.55,-12.93,13.82,1.995,2.995,0.53,23
$GNSS,2024-10-11T18:35:35.400Z,34.7552845,-76.6590883,1555.938,-30.62,-12.93,13.82,1.995,2.995,0.53,23
$GNSS,2024-10-11T18:35:35.600Z,34.7552294,-76.6591164,1553.075,-30.61,-12.99,13.86,1.995,2.996,0.53,23
$GNSS,2024-10-11T18:35:35.800Z,34.7551742,-76.6591447,1550.234,-30.74,-13.05,13.89,1.995,2.996,0.53,23
$GNSS,2024-10-11T18:35:36.000Z,34.7551189,-76.6591730,1547.393,-30.71,-13.03,13.99,1.996,2.997,0.54,23
$GNSS,2024-10-11T18:35:36.200Z,34.7550636,-76.6592014,1544.507,-30.70,-13.07,14.16,1.996,2.997,0.53,23
$GNSS,2024-10-11T18:35:36.400Z,34.7550083,-76.6592299,1541.590,-30.76,-13.16,14.27,1.996,2.998,0.53,23
$GNSS,2024-10-11T18:35:36.600Z,34.7549529,-76.6592585,1538.667,-30.77,-13.20,14.33,1.996,2.998,0.52,23
$GNSS,2024-10-11T18:35:36.800Z,34.7548975,-76.6592873,1535.728,-30.79,-13.28,14.44,1.996,2.999,0.52,24
$GNSS,2024-10-11T18:35:37.000Z,34.7548420,-76.6593163,1532.805,-30.80,-13.28,14.48,1.996,2.999,0.52,24
$GNSS,2024-10-11T18:35:37.200Z,34.7547865,-76.6593454,1529.878,-30.85,-13.42,14.29,1.996,3.000,0.53,24
$GNSS,2024-10-11T18:35:37.400Z,34.7547311,-76.6593748,1527.030,-30.70,-13.45,14.08,1.997,3.001,0.54,24
$GNSS,2024-10-11T18:35:37.600Z,34.7546761,-76.6594042,1524.234,-30.41,-13.46,13.90,1.997,3.001,0.54,24
$GNSS,2024-10-11T18:35:37.800Z,34.7546213,-76.6594338,1521.451,-30.37,-13.56,13.99,1.998,3.001,0.55,24
$GNSS,2024-10-11T18:35:38.000Z,34.7545668,-76.6594636,1518.555,-30.24,-13.75,14.50,1.999,3.001,0.56,24
$GNSS,2024-10-11T18:35:38.200Z,34.7545122,-76.6594938,1515.583,-30.32,-13.91,14.96,2.001,3.002,0.56,24
$GNSS,2024-10-11T18:35:38.400Z,34.7544577,-76.6595246,1512.520,-30.22,-14.17,15.54,2.002,3.003,0.55,24
$GNSS,2024-10-11T18:35:38.600Z,34.7544033,-76.6595557,1509.350,-30.24,-14.30,16.06,2.002,3.003,0.54,24
$GNSS,2024-10-11T18:35:38.800Z,34.7543487,-76.6595873,1506.126,-30.28,-14.51,16.19,2.002,3.004,0.53,24
$GNSS,2024-10-11T18:35:39.000Z,34.7542942,-76.6596194,1502.880,-30.31,-14.79,16.28,2.003,3.006,0.54,24
$GNSS,2024-10-11T18:35:39.200Z,34.7542395,-76.6596517,1499.657,-30.35,-14.72,16.15,2.004,3.008,0.53,24
$GNSS,2024-10-11T18:35:39.400Z,34.7541847,-76.6596840,1496.429,-30.50,-14.88,15.87,2.006,3.011,0.53,24
$GNSS,2024-10-11T18:35:39.600Z,34.7541296,-76.6597166,1493.319,-30.53,-14.92,15.52,2.007,3.013,0.54,24
$GNSS,2024-10-11T18:35:39.800Z,34.7540745,-76.6597492,1490.206,-30.65,-14.93,15.42,2.008,3.014,0.55,24
$GNSS,2024-10-11T18:35:40.000Z,34.7540192,-76.6597817,1487.105,-30.70,-14.77,15.34,2.009,3.015,0.54,24
$GNSS,2024-10-11T18:35:40.200Z,34.7539639,-76.6598140,1483.974,-30.75,-14.88,15.49,2.010,3.016,0.54,24
$GNSS,2024-10-11T18:35:40.400Z,34.7539083,-76.6598465,1480.829,-30.88,-14.79,15.79,2.011,3.017,0.54,24
$GNSS,2024-10-11T18:35:40.600Z,34.7538526,-76.6598786,1477.591,-31.00,-14.69,16.10,2.011,3.018,0.53,24
$GNSS,2024-10-11T18:35:40.800Z,34.7537967,-76.6599108,1474.328,-31.03,-14.71,16.35,2.011,3.019,0.53,24
$GNSS,2024-10-11T18:35:41.000Z,34.7537407,-76.6599428,1470.923,-31.15,-14.71,16.84,2.011,3.020,0.50,24
$GNSS,2024-10-11T18:35:41.200Z,34.7536844,-76.6599751,1467.511,-31.36,-14.80,17.13,2.010,3.021,0.50,24
$GNSS,2024-10-11T18:35:41.400Z,34.7536278,-76.6600074,1464.021,-31.46,-14.77,17.48,2.010,3.022,0.50,24
$GNSS,2024-10-11T18:35:41.600Z,34.7535710,-76.6600398,1460.430,-31.59,-14.85,17.96,2.009,3.022,0.49,24
$GNSS,2024-10-11T18:35:41.800Z,34.7535139,-76.6600723,1456.758,-31.85,-14.93,18.34,2.008,3.022,0.48,24
$GNSS,2024-10-11T18:35:42.000Z,34.7534563,-76.6601050,1453.024,-32.01,-14.96,18.67,2.007,3.022,0.47,24
$GNSS,2024-10-11T18:35:42.200Z,34.7533984,-76.6601377,1449.207,-32.26,-14.98,19.09,2.006,3.022,0.47,24
$GNSS,2024-10-11T18:35:42.400Z,34.7533400,-76.6601706,1445.344,-32.47,-15.02,19.50,2.004,3.022,0.48,24
$GNSS,2024-10-11T18:35:42.600Z,34.7532814,-76.6602034,1441.358,-32.62,-15.04,19.94,2.003,3.022,0.47,24
$GNSS,2024-10-11T18:35:42.800Z,34.7532225,-76.6602362,1437.244,-32.78,-15.04,20.48,2.001,3.022,0.46,24
$GNSS,2024-10-11T18:35:43.000Z,34.7531631,-76.6602693,1433.105,-33.07,-15.10,20.79,1.999,3.021,0.45,24
$GNSS,2024-10-11T18:35:43.200Z,34.7531033,-76.6603023,1428.859,-33.27,-15.14,21.27,1.997,3.020,0.45,24
$GNSS,2024-10-11T18:35:43.400Z,34.7530431,-76.6603355,1424.512,-33.49,-15.19,21.77,1.995,3.019,0.45,24
$GNSS,2024-10-11T18:35:43.600Z,34.7529825,-76.6603688,1420.096,-33.73,-15.26,22.02,1.993,3.018,0.45,24
$GNSS,2024-10-11T18:35:43.800Z,34.7529215,-76.6604023,1415.641,-34.01,-15.36,22.41,1.991,3.016,0.44,24
$GNSS,2024-10-11T18:35:44.000Z,34.7528600,-76.6604358,1411.071,-34.27,-15.39,22.70,1.989,3.014,0.44,24
$GNSS,2024-10-11T18:35:44.200Z,34.7527980,-76.6604695,1406.431,-34.48,-15.55,23.00,1.987,3.012,0.44,24
$GNSS,2024-10-11T18:35:44.400Z,34.7527355,-76.6605035,1401.761,-34.88,-15.66,23.16,1.985,3.010,0.43,24
$GNSS,2024-10-11T18:35:44.600Z,34.7526726,-76.6605377,1397.012,-35.05,-15.84,23.30,1.983,3.009,0.43,24
$GNSS,2024-10-11T18:35:44.800Z,34.7526091,-76.6605724,1392.258,-35.37,-16.04,23.43,1.981,3.007,0.43,24
$GNSS,2024-10-11T18:35:45.000Z,34.7525451,-76.6606072,1387.455,-35.70,-16.08,23.51,1.978,3.005,0.42,24
$GNSS,2024-10-11T18:35:45.200Z,34.7524805,-76.6606424,1382.707,-36.06,-16.21,23.57,1.976,3.003,0.43,24
$GNSS,2024-10-11T18:35:45.400Z,34.7524153,-76.6606776,1377.849,-36.29,-16.28,23.74,1.974,3.002,0.44,24
$GNSS,2024-10-11T18:35:45.600Z,34.7523496,-76.6607130,1372.985,-36.61,-16.34,23.87,1.972,3.000,0.43,24
$GNSS,2024-10-11T18:35:45.800Z,34.7522833,-76.6607487,1368.147,-36.92,-16.47,23.80,1.971,2.998,0.44,24
$GNSS,2024-10-11T18:35:46.000Z,34.7522165,-76.6607846,1363.312,-37.17,-16.49,23.74,1.969,2.997,0.44,24
$GNSS,2024-10-11T18:35:46.200Z,34.7521492,-76.6608205,1358.514,-37.53,-16.57,23.60,1.967,2.995,0.44,24
$GNSS,2024-10-11T18:35:46.400Z,34.7520813,-76.6608567,1353.791,-37.86,-16.62,23.31,1.965,2.994,0.45,24
$GNSS,2024-10-11T18:35:46.600Z,34.7520128,-76.6608930,1349.161,-38.10,-16.71,22.79,1.964,2.993,0.45,24
$GNSS,2024-10-11T18:35:46.800Z,34.7519439,-76.6609295,1344.625,-38.39,-16.72,22.32,1.962,2.992,0.45,24
$GNSS,2024-10-11T18:35:47.000Z,34.7518745,-76.6609658,1340.230,-38.57,-16.63,21.64,1.961,2.992,0.45,24
$GNSS,2024-10-11T18:35:47.200Z,34.7518047,-76.6610023,1335.980,-38.87,-16.77,20.89,1.960,2.992,0.47,24
$GNSS,2024-10-11T18:35:47.400Z,34.7517345,-76.6610386,1331.949,-39.00,-16.46,19.73,1.959,2.992,0.47,24
$GNSS,2024-10-11T18:35:47.600Z,34.7516642,-76.6610742,1328.156,-38.98,-16.12,18.61,1.958,2.992,0.49,24
$GNSS,2024-10-11T18:35:47.800Z,34.7515939,-76.6611094,1324.590,-38.95,-16.03,17.47,1.958,2.992,0.52,24
$GNSS,2024-10-11T18:35:48.000Z,34.7515239,-76.6611438,1321.239,-38.83,-15.57,16.37,1.959,2.992,0.54,24
$GNSS,2024-10-11T18:35:48.200Z,34.7514540,-76.6611774,1318.139,-38.70,-15.17,15.30,1.960,2.992,0.57,24
$GNSS,2024-10-11T18:35:48.400Z,34.7513848,-76.6612101,1315.253,-38.23,-14.72,14.26,1.962,2.991,0.58,24
$GNSS,2024-10-11T18:35:48.600Z,34.7513162,-76.6612417,1312.580,-37.92,-14.28,13.10,1.965,2.991,0.59,24
$GNSS,2024-10-11T18:35:48.800Z,34.7512484,-76.6612725,1310.148,-37.49,-13.88,12.00,1.967,2.990,0.59,24
$GNSS,2024-10-11T18:35:49.000Z,34.7511813,-76.6613024,1307.957,-36.95,-13.38,10.90,1.970,2.990,0.59,24
$GNSS,2024-10-11T18:35:49.200Z,34.7511153,-76.6613314,1305.935,-36.37,-13.09,10.03,1.974,2.989,0.60,24
$GNSS,2024-10-11T18:35:49.400Z,34.7510504,-76.6613596,1304.058,-35.78,-12.80,9.12,1.977,2.989,0.60,24
$GNSS,2024-10-11T18:35:49.600Z,34.7509865,-76.6613872,1302.383,-35.22,-12.44,8.41,1.981,2.989,0.60,24
$GNSS,2024-10-11T18:35:49.800Z,34.7509240,-76.6614141,1300.816,-34.33,-12.10,7.83,1.985,2.988,0.63,24
$GNSS,2024-10-11T18:35:50.000Z,34.7508627,-76.6614401,1299.309,-33.73,-11.82,7.36,1.989,2.988,0.62,24
$GNSS,2024-10-11T18:35:50.200Z,34.7508026,-76.6614656,1297.886,-33.12,-11.55,7.03,1.994,2.988,0.62,24
$GNSS,2024-10-11T18:35:50.400Z,34.7507432,-76.6614907,1296.463,-32.81,-11.45,7.18,1.998,2.988,0.62,24
$GNSS,2024-10-11T18:35:50.600Z,34.7506847,-76.6615155,1294.941,-32.26,-11.36,7.73,2.002,2.988,0.62,24
$GNSS,2024-10-11T18:35:50.800Z,34.7506274,-76.6615398,1293.206,-31.63,-11.16,8.65,2.006,2.988,0.60,24
$GNSS,2024-10-11T18:35:51.000Z,34.7505707,-76.6615636,1291.308,-31.61,-10.82,9.70,2.009,2.989,0.59,24
$GNSS,2024-10-11T18:35:51.200Z,34.7505139,-76.6615871,1289.172,-31.54,-10.78,11.05,2.012,2.991,0.56,24
$GNSS,2024-10-11T18:35:51.400Z,34.7504575,-76.6616108,1286.812,-31.18,-11.10,11.83,2.013,2.993,0.52,24
$GNSS,2024-10-11T18:35:51.600Z,34.7504018,-76.6616349,1284.351,-30.87,-10.92,12.68,2.014,2.995,0.51,24
$GNSS,2024-10-11T18:35:51.800Z,34.7503466,-76.6616586,1281.677,-30.62,-11.06,13.35,2.014,2.996,0.50,24
$GNSS,2024-10-11T18:35:52.000Z,34.7502917,-76.6616821,1278.936,-30.37,-10.58,13.82,2.014,2.998,0.50,24
$GNSS,2024-10-11T18:35:52.200Z,34.7502375,-76.6617055,1276.084,-29.98,-10.91,14.26,2.014,2.999,0.49,24
$GNSS,2024-10-11T18:35:52.400Z,34.7501838,-76.6617288,1273.213,-29.70,-10.49,14.42,2.014,3.002,0.50,24
$GNSS,2024-10-11T18:35:52.600Z,34.7501303,-76.6617521,1270.214,-29.67,-10.95,14.80,2.014,3.004,0.51,24
$GNSS,2024-10-11T18:35:52.800Z,34.7500772,-76.6617758,1267.171,-29.35,-10.94,15.00,2.014,3.006,0.52,24
$GNSS,2024-10-11T18:35:53.000Z,34.7500244,-76.6617997,1264.145,-29.27,-10.96,15.18,2.015,3.008,0.52,24
$GNSS,2024-10-11T18:35:53.200Z,34.7499721,-76.6618236,1261.094,-28.88,-11.06,14.99,2.016,3.010,0.54,24
$GNSS,2024-10-11T18:35:53.400Z,34.7499205,-76.6618473,1258.024,-28.49,-10.82,15.12,2.018,3.012,0.55,24
$GNSS,2024-10-11T18:35:53.600Z,34.7498708,-76.6618700,1255.056,-26.84,-10.15,14.68,2.021,3.014,0.59,24
$GNSS,2024-10-11T18:35:53.800Z,34.7498239,-76.6618913,1252.058,-25.57,-9.50,15.07,2.024,3.016,0.59,24
$GNSS,2024-10-11T18:35:54.000Z,34.7497798,-76.6619110,1248.946,-23.84,-8.84,15.36,2.028,3.018,0.59,24
$GNSS,2024-10-11T18:35:54.200Z,34.7497419,-76.6619291,1245.732,-19.22,-8.23,16.09,2.031,3.020,0.57,24
$GNSS,2024-10-11T18:35:54.400Z,34.7497090,-76.6619457,1242.289,-17.69,-7.48,16.65,2.035,3.024,0.57,24
$GNSS,2024-10-11T18:35:54.600Z,34.7496783,-76.6619605,1239.372,-16.45,-6.26,13.76,2.041,3.032,0.61,24
$GNSS,2024-10-11T18:35:54.800Z,34.7496502,-76.6619729,1236.779,-14.84,-5.49,12.15,2.049,3.040,0.60,24
$GNSS,2024-10-11T18:35:55.000Z,34.7496248,-76.6619838,1234.494,-13.49,-4.76,10.91,2.055,3.048,0.57,24
$GNSS,2024-10-11T18:35:55.200Z,34.7496015,-76.6619907,1232.379,-12.51,-2.00,10.19,2.062,3.057,0.59,24
$GNSS,2024-10-11T18:35:55.400Z,34.7495802,-76.6619945,1230.339,-11.35,-1.76,9.88,2.066,3.061,0.59,24
$GNSS,2024-10-11T18:35:55.600Z,34.7495603,-76.6619976,1228.378,-10.80,-1.39,9.29,2.067,3.064,0.59,24
$GNSS,2024-10-11T18:35:55.800Z,34.7495410,-76.6620004,1226.612,-10.54,-1.36,8.55,2.068,3.067,0.61,24
$GNSS,2024-10-11T18:35:56.000Z,34.7495216,-76.6620028,1224.926,-10.84,-0.72,8.69,2.071,3.074,0.60,24
$GNSS,2024-10-11T18:35:56.200Z,34.7495016,-76.6620034,1223.297,-11.33,0.49,8.92,2.073,3.081,0.59,24
$GNSS,2024-10-11T18:35:56.400Z,34.7494802,-76.6620009,1221.415,-12.29,1.62,9.46,2.076,3.090,0.58,25
$GNSS,2024-10-11T18:35:56.600Z,34.7494576,-76.6619965,1219.393,-12.86,2.08,9.89,2.078,3.099,0.57,25
$GNSS,2024-10-11T18:35:56.800Z,34.7494341,-76.6619909,1217.289,-13.27,2.59,9.99,2.079,3.106,0.56,25
$GNSS,2024-10-11T18:35:57.000Z,34.7494102,-76.6619847,1215.257,-13.33,2.87,9.86,2.080,3.110,0.56,25
$GNSS,2024-10-11T18:35:57.200Z,34.7493859,-76.6619780,1213.313,-13.65,3.27,9.73,2.081,3.116,0.57,25
$GNSS,2024-10-11T18:35:57.400Z,34.7493608,-76.6619696,1211.298,-14.13,4.07,9.63,2.083,3.123,0.57,25
$GNSS,2024-10-11T18:35:57.600Z,34.7493352,-76.6619597,1209.421,-14.39,4.85,9.28,2.085,3.131,0.58,25
$GNSS,2024-10-11T18:35:57.800Z,34.7493089,-76.6619484,1207.597,-14.80,5.38,9.03,2.087,3.139,0.59,25
$GNSS,2024-10-11T18:35:58.000Z,34.7492822,-76.6619365,1205.885,-14.85,5.54,8.58,2.088,3.147,0.59,25
$GNSS,2024-10-11T18:35:58.200Z,34.7492550,-76.6619243,1204.251,-15.31,5.68,8.29,2.090,3.155,0.59,25
$GNSS,2024-10-11T18:35:58.400Z,34.7492269,-76.6619114,1202.616,-15.76,5.98,7.91,2.093,3.164,0.58,25
$GNSS,2024-10-11T18:35:58.600Z,34.7491982,-76.6618982,1201.187,-15.96,6.20,7.30,2.094,3.173,0.57,25
$GNSS,2024-10-11T18:35:58.800Z,34.7491697,-76.6618848,1199.828,-15.77,6.21,6.98,2.096,3.182,0.56,25
$GNSS,2024-10-11T18:35:59.000Z,34.7491409,-76.6618715,1198.490,-16.14,6.05,6.70,2.096,3.191,0.55,25
$GNSS,2024-10-11T18:35:59.200Z,34.7491119,-76.6618584,1197.200,-16.13,6.04,6.45,2.097,3.200,0.54,25
$GNSS,2024-10-11T18:35:59.400Z,34.7490831,-76.6618451,1195.890,-16.01,5.86,6.19,2.097,3.208,0.51,25
$GNSS,2024-10-11T18:35:59.600Z,34.7490546,-76.6618320,1194.583,-15.70,5.83,6.05,2.097,3.215,0.50,25
$GNSS,2024-10-11T18:35:59.800Z,34.7490265,-76.6618195,1193.487,-15.62,5.75,5.85,2.097,3.222,0.51,25
$GNSS,2024-10-11T18:36:00.000Z,34.7489984,-76.6618067,1192.311,-15.74,5.85,5.67,2.097,3.230,0.51,25
$GNSS,2024-10-11T18:36:00.200Z,34.7489701,-76.6617936,1191.152,-15.85,5.90,5.49,2.097,3.238,0.51,25
$GNSS,2024-10-11T18:36:00.400Z,34.7489419,-76.6617809,1190.093,-15.61,5.78,5.44,2.097,3.246,0.51,25
$GNSS,2024-10-11T18:36:00.600Z,34.7489142,-76.6617685,1189.062,-15.32,5.59,5.24,2.097,3.253,0.50,25
$GNSS,2024-10-11T18:36:00.800Z,34.7488868,-76.6617563,1188.049,-15.15,5.56,5.04,2.097,3.258,0.51,25
$GNSS,2024-10-11T18:36:01.000Z,34.7488598,-76.6617441,1187.083,-14.89,5.62,5.02,2.098,3.262,0.51,25
$GNSS,2024-10-11T18:36:01.200Z,34.7488330,-76.6617321,1186.123,-14.93,5.53,5.18,2.099,3.270,0.56,25
$GNSS,2024-10-11T18:36:01.400Z,34.7488063,-76.6617205,1185.102,-14.76,5.14,5.14,2.100,3.277,0.57,25
$GNSS,2024-10-11T18:36:01.600Z,34.7487801,-76.6617093,1184.103,-14.52,5.10,5.05,2.100,3.283,0.55,25
$GNSS,2024-10-11T18:36:01.800Z,34.7487540,-76.6616975,1183.092,-14.48,5.68,5.27,2.101,3.288,0.54,25
$GNSS,2024-10-11T18:36:02.000Z,34.7487280,-76.6616855,1181.978,-14.43,5.19,5.34,2.102,3.294,0.55,25
$GNSS,2024-10-11T18:36:02.200Z,34.7487018,-76.6616740,1180.847,-14.72,5.21,5.39,2.104,3.298,0.54,25
$GNSS,2024-10-11T18:36:02.400Z,34.7486756,-76.6616623,1179.633,-14.43,5.22,5.66,2.106,3.300,0.53,25
$GNSS,2024-10-11T18:36:02.600Z,34.7486499,-76.6616504,1178.415,-14.26,5.39,5.66,2.108,3.300,0.51,25
$GNSS,2024-10-11T18:36:02.800Z,34.7486242,-76.6616382,1177.163,-14.28,5.44,5.92,2.109,3.299,0.51,25
$GNSS,2024-10-11T18:36:03.000Z,34.7485985,-76.6616261,1175.907,-14.36,5.49,6.04,2.111,3.299,0.51,25
$GNSS,2024-10-11T18:36:03.200Z,34.7485727,-76.6616138,1174.646,-14.39,5.66,6.11,2.112,3.297,0.51,25
$GNSS,2024-10-11T18:36:03.400Z,34.7485469,-76.6616010,1173.334,-14.45,5.84,6.27,2.112,3.296,0.51,25
$GNSS,2024-10-11T18:36:03.600Z,34.7485210,-76.6615881,1172.020,-14.40,5.75,6.31,2.113,3.296,0.52,25
$GNSS,2024-10-11T18:36:03.800Z,34.7484953,-76.6615751,1170.693,-14.33,6.05,6.38,2.113,3.296,0.53,25
$GNSS,2024-10-11T18:36:04.000Z,34.7484697,-76.6615618,1169.351,-14.13,6.08,6.74,2.116,3.300,0.56,25
$GNSS,2024-10-11T18:36:04.200Z,34.7484434,-76.6615481,1167.933,-15.05,6.32,6.77,2.120,3.305,0.56,25
$GNSS,2024-10-11T18:36:04.400Z,34.7484166,-76.6615345,1166.605,-14.75,6.08,6.47,2.124,3.310,0.56,25
$GNSS,2024-10-11T18:36:04.600Z,34.7483893,-76.6615210,1165.324,-15.47,6.44,6.64,2.126,3.313,0.56,25
$GNSS,2024-10-11T18:36:04.800Z,34.7483619,-76.6615070,1163.958,-15.17,6.18,6.69,2.129,3.319,0.60,25
$GNSS,2024-10-11T18:36:05.000Z,34.7483349,-76.6614934,1162.540,-14.98,6.02,6.82,2.132,3.328,0.60,25
$GNSS,2024-10-11T18:36:05.200Z,34.7483081,-76.6614800,1161.162,-14.95,6.19,6.79,2.137,3.339,0.59,25
$GNSS,2024-10-11T18:36:05.400Z,34.7482809,-76.6614659,1159.708,-15.25,6.32,6.72,2.140,3.348,0.58,25
$GNSS,2024-10-11T18:36:05.600Z,34.7482536,-76.6614521,1158.314,-15.21,6.23,6.81,2.143,3.356,0.58,25
$GNSS,2024-10-11T18:36:05.800Z,34.7482257,-76.6614382,1156.881,-15.74,6.15,6.74,2.145,3.363,0.58,25
$GNSS,2024-10-11T18:36:06.000Z,34.7481981,-76.6614245,1155.469,-15.13,6.12,6.77,2.147,3.369,0.57,25
$GNSS,2024-10-11T18:36:06.200Z,34.7481707,-76.6614107,1154.047,-15.36,6.22,6.87,2.150,3.375,0.57,25
$GNSS,2024-10-11T18:36:06.400Z,34.7481432,-76.6613969,1152.677,-15.38,6.32,6.95,2.152,3.382,0.57,25
$GNSS,2024-10-11T18:36:06.600Z,34.7481157,-76.6613825,1151.224,-15.38,6.50,6.92,2.153,3.387,0.56,25
$GNSS,2024-10-11T18:36:06.800Z,34.7480883,-76.6613677,1149.837,-15.28,6.93,7.04,2.152,3.385,0.50,25
$GNSS,2024-10-11T18:36:07.000Z,34.7480608,-76.6613534,1148.502,-15.30,6.15,6.52,2.153,3.389,0.54,25
$GNSS,2024-10-11T18:36:07.200Z,34.7480332,-76.6613399,1147.186,-15.34,6.02,6.29,2.155,3.392,0.53,25
$GNSS,2024-10-11T18:36:07.400Z,34.7480054,-76.6613267,1145.935,-15.55,5.92,6.06,2.159,3.395,0.53,25
$GNSS,2024-10-11T18:36:07.600Z,34.7479769,-76.6613139,1144.633,-16.09,5.56,5.97,2.163,3.399,0.56,25
$GNSS,2024-10-11T18:36:07.800Z,34.7479481,-76.6613020,1143.440,-16.00,5.23,5.96,2.168,3.403,0.55,25
$GNSS,2024-10-11T18:36:08.000Z,34.7479189,-76.6612912,1142.203,-16.34,4.51,5.92,2.172,3.405,0.52,25
$GNSS,2024-10-11T18:36:08.200Z,34.7478893,-76.6612823,1141.040,-16.64,3.78,5.96,2.176,3.408,0.52,25
$GNSS,2024-10-11T18:36:08.400Z,34.7478593,-76.6612747,1139.865,-16.63,3.28,6.23,2.181,3.409,0.52,25
$GNSS,2024-10-11T18:36:08.600Z,34.7478295,-76.6612682,1138.565,-16.59,2.67,6.66,2.185,3.411,0.52,25
$GNSS,2024-10-11T18:36:08.800Z,34.7477995,-76.6612633,1137.179,-16.81,1.81,6.93,2.189,3.414,0.53,25
$GNSS,2024-10-11T18:36:09.000Z,34.7477692,-76.6612607,1135.809,-16.91,0.78,7.08,2.193,3.417,0.53,25
$GNSS,2024-10-11T18:36:09.200Z,34.7477388,-76.6612605,1134.371,-16.81,-0.45,7.08,2.197,3.420,0.51,25
$GNSS,2024-10-11T18:36:09.400Z,34.7477080,-76.6612626,1132.965,-17.36,-1.28,7.24,2.200,3.422,0.56,25
$GNSS,2024-10-11T18:36:09.600Z,34.7476765,-76.6612666,1131.560,-17.56,-2.14,7.38,2.205,3.424,0.59,25
$GNSS,2024-10-11T18:36:09.800Z,34.7476452,-76.6612721,1130.069,-17.23,-2.75,7.54,2.209,3.424,0.58,25
$GNSS,2024-10-11T18:36:10.000Z,34.7476145,-76.6612785,1128.569,-16.96,-3.15,7.47,2.213,3.425,0.59,25
$GNSS,2024-10-11T18:36:10.200Z,34.7475838,-76.6612862,1127.104,-17.04,-3.68,7.44,2.216,3.424,0.57,25
$GNSS,2024-10-11T18:36:10.400Z,34.7475530,-76.6612953,1125.716,-17.05,-4.31,7.35,2.218,3.423,0.58,25
$GNSS,2024-10-11T18:36:10.600Z,34.7475220,-76.6613059,1124.365,-17.11,-4.98,7.24,2.220,3.423,0.59,25
$GNSS,2024-10-11T18:36:10.800Z,34.7474912,-76.6613175,1122.990,-17.02,-5.44,6.98,2.222,3.420,0.59,25
$GNSS,2024-10-11T18:36:11.000Z,34.7474603,-76.6613298,1121.636,-17.15,-5.57,6.99,2.223,3.417,0.57,25
$GNSS,2024-10-11T18:36:11.200Z,34.7474294,-76.6613419,1120.325,-17.08,-5.38,6.54,2.221,3.411,0.55,25
$GNSS,2024-10-11T18:36:11.400Z,34.7473986,-76.6613537,1119.071,-17.04,-5.36,6.20,2.219,3.405,0.58,25
$GNSS,2024-10-11T18:36:11.600Z,34.7473682,-76.6613657,1117.860,-16.75,-5.45,6.13,2.218,3.400,0.58,25
$GNSS,2024-10-11T18:36:11.800Z,34.7473381,-76.6613773,1116.634,-16.68,-5.16,6.07,2.216,3.393,0.57,25
$GNSS,2024-10-11T18:36:12.000Z,34.7473080,-76.6613885,1115.395,-16.80,-5.13,6.04,2.216,3.388,0.59,25
$GNSS,2024-10-11T18:36:12.200Z,34.7472773,-76.6613991,1114.187,-17.26,-4.52,6.11,2.216,3.384,0.60,25
$GNSS,2024-10-11T18:36:12.400Z,34.7472465,-76.6614084,1112.955,-17.09,-4.10,6.06,2.216,3.381,0.61,25
$GNSS,2024-10-11T18:36:12.600Z,34.7472156,-76.6614172,1111.741,-17.23,-3.82,6.14,2.216,3.378,0.61,25
$GNSS,2024-10-11T18:36:12.800Z,34.7471848,-76.6614252,1110.481,-17.17,-3.61,6.14,2.216,3.377,0.61,25
$GNSS,2024-10-11T18:36:13.000Z,34.7471539,-76.6614331,1109.294,-17.16,-3.39,6.24,2.216,3.377,0.61,25
$GNSS,2024-10-11T18:36:13.200Z,34.7471224,-76.6614402,1107.941,-17.89,-3.42,6.46,2.216,3.377,0.62,25
$GNSS,2024-10-11T18:36:13.400Z,34.7470908,-76.6614469,1106.709,-17.34,-2.75,6.03,2.216,3.376,0.59,25
$GNSS,2024-10-11T18:36:13.600Z,34.7470594,-76.6614528,1105.568,-17.53,-2.43,5.96,2.215,3.376,0.58,25
$GNSS,2024-10-11T18:36:13.800Z,34.7470281,-76.6614579,1104.359,-17.29,-2.30,6.30,2.214,3.377,0.58,25
$GNSS,2024-10-11T18:36:14.000Z,34.7469970,-76.6614634,1103.105,-17.34,-2.75,6.07,2.214,3.379,0.58,25
$GNSS,2024-10-11T18:36:14.200Z,34.7469660,-76.6614694,1101.983,-17.11,-2.64,5.89,2.214,3.381,0.57,25
$GNSS,2024-10-11T18:36:14.400Z,34.7469352,-76.6614749,1100.832,-17.14,-2.50,6.01,2.213,3.384,0.57,25
$GNSS,2024-10-11T18:36:14.600Z,34.7469045,-76.6614801,1099.622,-17.13,-2.42,6.00,2.213,3.388,0.57,25
$GNSS,2024-10-11T18:36:14.800Z,34.7468734,-76.6614853,1098.447,-17.37,-2.35,6.10,2.213,3.393,0.57,25
$GNSS,2024-10-11T18:36:15.000Z,34.7468425,-76.6614906,1097.291,-17.04,-2.47,5.91,2.213,3.398,0.56,25
$GNSS,2024-10-11T18:36:15.200Z,34.7468118,-76.6614958,1096.135,-17.05,-2.35,5.68,2.212,3.402,0.57,25
$GNSS,2024-10-11T18:36:15.400Z,34.7467811,-76.6615011,1094.990,-17.14,-2.56,5.65,2.212,3.407,0.56,25
$GNSS,2024-10-11T18:36:15.600Z,34.7467502,-76.6615065,1093.847,-17.18,-2.50,5.59,2.212,3.412,0.56,25
$GNSS,2024-10-11T18:36:15.800Z,34.7467192,-76.6615118,1092.693,-17.32,-2.49,5.48,2.212,3.417,0.57,25
$GNSS,2024-10-11T18:36:16.000Z,34.7466881,-76.6615171,1091.496,-17.24,-2.60,5.70,2.212,3.422,0.56,25
$GNSS,2024-10-11T18:36:16.200Z,34.7466573,-76.6615227,1090.319,-17.11,-2.53,5.77,2.212,3.429,0.57,25
$GNSS,2024-10-11T18:36:16.400Z,34.7466265,-76.6615281,1089.087,-17.05,-2.61,5.82,2.212,3.434,0.56,25
$GNSS,2024-10-11T18:36:16.600Z,34.7465956,-76.6615336,1087.886,-17.26,-2.48,5.79,2.213,3.440,0.56,25
$GNSS,2024-10-11T18:36:16.800Z,34.7465644,-76.6615390,1086.676,-17.35,-2.51,5.95,2.214,3.445,0.62,25
$GNSS,2024-10-11T18:36:17.000Z,34.7465331,-76.6615448,1085.436,-17.32,-2.85,5.98,2.215,3.448,0.60,25
$GNSS,2024-10-11T18:36:17.200Z,34.7465020,-76.6615511,1084.216,-17.26,-2.84,6.21,2.215,3.448,0.60,25
$GNSS,2024-10-11T18:36:17.400Z,34.7464707,-76.6615576,1082.978,-17.33,-2.99,6.21,2.216,3.448,0.60,25
$GNSS,2024-10-11T18:36:17.600Z,34.7464394,-76.6615645,1081.763,-17.39,-3.22,6.10,2.218,3.447,0.59,25
$GNSS,2024-10-11T18:36:17.800Z,34.7464079,-76.6615713,1080.554,-17.49,-2.96,6.13,2.218,3.443,0.57,25
$GNSS,2024-10-11T18:36:18.000Z,34.7463762,-76.6615781,1079.329,-17.53,-3.12,6.17,2.219,3.441,0.55,25
$GNSS,2024-10-11T18:36:18.200Z,34.7463446,-76.6615855,1078.133,-17.37,-3.36,6.22,2.221,3.435,0.57,25
$GNSS,2024-10-11T18:36:18.400Z,34.7463133,-76.6615931,1076.850,-17.04,-3.50,6.32,2.223,3.429,0.54,25
$GNSS,2024-10-11T18:36:18.600Z,34.7462827,-76.6616007,1075.598,-16.68,-3.36,6.24,2.224,3.422,0.52,25
$GNSS,2024-10-11T18:36:18.800Z,34.7462525,-76.6616087,1074.344,-16.64,-3.71,6.35,2.224,3.415,0.50,25
$GNSS,2024-10-11T18:36:19.000Z,34.7462223,-76.6616171,1073.064,-16.66,-3.86,6.54,2.223,3.408,0.50,25
$GNSS,2024-10-11T18:36:19.200Z,34.7461920,-76.6616260,1071.743,-16.72,-4.19,6.61,2.223,3.403,0.50,25
$GNSS,2024-10-11T18:36:19.400Z,34.7461617,-76.6616356,1070.501,-16.61,-4.41,6.34,2.223,3.398,0.51,25
$GNSS,2024-10-11T18:36:19.600Z,34.7461319,-76.6616453,1069.257,-16.31,-4.46,6.17,2.223,3.394,0.52,25
$GNSS,2024-10-11T18:36:19.800Z,34.7461023,-76.6616550,1067.992,-16.36,-4.43,6.21,2.223,3.392,0.51,25
$GNSS,2024-10-11T18:36:20.000Z,34.7460731,-76.6616646,1066.651,-16.14,-4.62,6.29,2.223,3.390,0.53,25
$GNSS,2024-10-11T18:36:20.200Z,34.7460436,-76.6616748,1065.427,-16.40,-4.56,6.32,2.223,3.390,0.54,25
$GNSS,2024-10-11T18:36:20.400Z,34.7460140,-76.6616848,1064.182,-16.35,-4.60,6.23,2.225,3.393,0.56,25
$GNSS,2024-10-11T18:36:20.600Z,34.7459842,-76.6616946,1062.921,-16.55,-4.45,6.28,2.227,3.395,0.57,25
$GNSS,2024-10-11T18:36:20.800Z,34.7459541,-76.6617044,1061.683,-16.73,-4.46,6.30,2.229,3.396,0.56,25
$GNSS,2024-10-11T18:36:21.000Z,34.7459246,-76.6617135,1060.431,-16.10,-3.99,6.26,2.231,3.396,0.56,25
$GNSS,2024-10-11T18:36:21.200Z,34.7458957,-76.6617221,1059.163,-15.97,-4.02,6.20,2.233,3.395,0.56,25
$GNSS,2024-10-11T18:36:21.400Z,34.7458676,-76.6617308,1057.846,-15.29,-4.06,6.48,2.236,3.397,0.60,25
$GNSS,2024-10-11T18:36:21.600Z,34.7458392,-76.6617400,1056.474,-16.20,-4.52,6.50,2.240,3.401,0.65,25
$GNSS,2024-10-11T18:36:21.800Z,34.7458101,-76.6617495,1055.240,-16.18,-4.29,5.91,2.242,3.406,0.65,25
$GNSS,2024-10-11T18:36:22.000Z,34.7457806,-76.6617587,1054.062,-16.46,-3.94,6.25,2.244,3.411,0.62,25
$GNSS,2024-10-11T18:36:22.200Z,34.7457511,-76.6617673,1052.786,-16.34,-4.05,6.19,2.243,3.413,0.59,25
$GNSS,2024-10-11T18:36:22.400Z,34.7457216,-76.6617760,1051.457,-16.43,-4.04,6.40,2.241,3.412,0.57,25
$GNSS,2024-10-11T18:36:22.600Z,34.7456920,-76.6617848,1050.141,-16.33,-4.07,6.40,2.240,3.412,0.61,25
$GNSS,2024-10-11T18:36:22.800Z,34.7456627,-76.6617934,1048.811,-16.25,-3.92,6.39,2.239,3.410,0.59,25
$GNSS,2024-10-11T18:36:23.000Z,34.7456332,-76.6618017,1047.511,-16.37,-3.78,6.31,2.238,3.407,0.58,25
$GNSS,2024-10-11T18:36:23.200Z,34.7456036,-76.6618100,1046.243,-16.44,-3.72,6.42,2.238,3.405,0.58,25
$GNSS,2024-10-11T18:36:23.400Z,34.7455739,-76.6618181,1044.972,-16.36,-3.56,6.43,2.238,3.404,0.59,25
$GNSS,2024-10-11T18:36:23.600Z,34.7455441,-76.6618257,1043.853,-16.55,-2.85,6.39,2.238,3.403,0.58,25
$GNSS,2024-10-11T18:36:23.800Z,34.7455146,-76.6618329,1042.551,-16.19,-3.74,6.40,2.240,3.407,0.69,25
$GNSS,2024-10-11T18:36:24.000Z,34.7454853,-76.6618404,1041.186,-16.38,-3.43,6.59,2.244,3.411,0.68,25
$GNSS,2024-10-11T18:36:24.200Z,34.7454556,-76.6618477,1039.866,-16.61,-3.39,6.48,2.247,3.415,0.67,25
$GNSS,2024-10-11T18:36:24.400Z,34.7454258,-76.6618551,1038.562,-16.51,-3.37,6.68,2.251,3.421,0.69,25
$GNSS,2024-10-11T18:36:24.600Z,34.7453964,-76.6618623,1037.244,-16.26,-3.28,6.65,2.256,3.427,0.65,25
$GNSS,2024-10-11T18:36:24.800Z,34.7453669,-76.6618696,1035.945,-16.47,-3.34,6.59,2.260,3.432,0.65,25
$GNSS,2024-10-11T18:36:25.000Z,34.7453371,-76.6618770,1034.697,-16.50,-3.36,6.51,2.263,3.437,0.64,25
$GNSS,2024-10-11T18:36:25.200Z,34.7453075,-76.6618842,1033.395,-16.44,-3.31,6.58,2.265,3.441,0.63,25
$GNSS,2024-10-11T18:36:25.400Z,34.7452780,-76.6618915,1032.049,-16.43,-3.51,6.55,2.267,3.445,0.62,25
$GNSS,2024-10-11T18:36:25.600Z,34.7452485,-76.6618991,1030.730,-16.34,-3.59,6.55,2.269,3.450,0.61,25
$GNSS,2024-10-11T18:36:25.800Z,34.7452192,-76.6619066,1029.358,-16.27,-3.60,6.62,2.270,3.456,0.61,25
$GNSS,2024-10-11T18:36:26.000Z,34.7451900,-76.6619143,1027.941,-16.18,-3.75,6.74,2.272,3.461,0.59,25
$GNSS,2024-10-11T18:36:26.200Z,34.7451607,-76.6619218,1026.421,-16.36,-3.64,6.75,2.273,3.467,0.60,25
$GNSS,2024-10-11T18:36:26.400Z,34.7451312,-76.6619298,1025.063,-16.41,-3.77,6.58,2.274,3.476,0.61,25
$GNSS,2024-10-11T18:36:26.600Z,34.7451017,-76.6619374,1023.684,-16.40,-3.52,6.38,2.275,3.485,0.61,25
$GNSS,2024-10-11T18:36:26.800Z,34.7450721,-76.6619450,1022.322,-16.42,-3.59,6.56,2.276,3.495,0.62,24
$GNSS,2024-10-11T18:36:27.000Z,34.7450424,-76.6619525,1021.013,-16.49,-3.43,6.44,2.278,3.505,0.62,24
$GNSS,2024-10-11T18:36:27.200Z,34.7450127,-76.6619599,1019.591,-16.48,-3.63,6.68,2.278,3.516,0.62,24
$GNSS,2024-10-11T18:36:27.400Z,34.7449829,-76.6619675,1018.195,-16.55,-3.52,6.64,2.279,3.526,0.61,24
$GNSS,2024-10-11T18:36:27.600Z,34.7449531,-76.6619750,1016.838,-16.46,-3.47,6.55,2.279,3.535,0.60,24
$GNSS,2024-10-11T18:36:27.800Z,34.7449234,-76.6619822,1015.461,-16.50,-3.22,6.65,2.279,3.544,0.60,24
$GNSS,2024-10-11T18:36:28.000Z,34.7448933,-76.6619886,1014.013,-16.81,-3.02,6.66,2.279,3.553,0.59,24
$GNSS,2024-10-11T18:36:28.200Z,34.7448631,-76.6619952,1012.701,-16.66,-2.88,6.67,2.279,3.563,0.59,24
$GNSS,2024-10-11T18:36:28.400Z,34.7448330,-76.6620010,1011.269,-16.73,-2.73,6.68,2.280,3.574,0.61,24
$GNSS,2024-10-11T18:36:28.600Z,34.7448027,-76.6620070,1009.910,-16.83,-2.78,6.84,2.281,3.586,0.62,24
$GNSS,2024-10-11T18:36:28.800Z,34.7447723,-76.6620132,1008.518,-16.89,-2.87,6.92,2.282,3.597,0.61,24
$GNSS,2024-10-11T18:36:29.000Z,34.7447419,-76.6620193,1007.129,-16.95,-2.77,7.00,2.284,3.607,0.62,24
$GNSS,2024-10-11T18:36:29.200Z,34.7447113,-76.6620251,1005.649,-16.99,-2.80,6.98,2.286,3.617,0.62,24
$GNSS,2024-10-11T18:36:29.400Z,34.7446806,-76.6620312,1004.294,-17.06,-2.75,6.79,2.288,3.629,0.62,24
$GNSS,2024-10-11T18:36:29.600Z,34.7446500,-76.6620372,1002.976,-16.96,-2.64,6.76,2.290,3.641,0.65,23
$GNSS,2024-10-11T18:36:29.800Z,34.7446197,-76.6620432,1001.577,-16.82,-2.85,6.92,2.293,3.654,0.67,23
$GNSS,2024-10-11T18:36:30.000Z,34.7445893,-76.6620496,1000.220,-16.87,-2.97,6.85,2.297,3.667,0.67,23
$GNSS,2024-10-11T18:36:30.200Z,34.7445592,-76.6620566,998.889,-16.68,-3.21,6.88,2.301,3.681,0.68,23
$GNSS,2024-10-11T18:36:30.400Z,34.7445293,-76.6620641,997.619,-16.66,-3.40,6.72,2.306,3.695,0.68,23
$GNSS,2024-10-11T18:36:30.600Z,34.7444993,-76.6620715,996.292,-16.66,-3.42,6.62,2.310,3.708,0.68,23
$GNSS,2024-10-11T18:36:30.800Z,34.7444696,-76.6620793,995.065,-16.46,-3.35,6.59,2.313,3.720,0.68,23
$GNSS,2024-10-11T18:36:31.000Z,34.7444400,-76.6620869,993.824,-16.57,-3.42,6.52,2.317,3.733,0.68,23
$GNSS,2024-10-11T18:36:31.200Z,34.7444105,-76.6620944,992.690,-16.34,-3.17,6.26,2.320,3.746,0.68,23
$GNSS,2024-10-11T18:36:31.400Z,34.7443815,-76.6621017,991.627,-16.16,-3.04,6.02,2.324,3.758,0.67,23
$GNSS,2024-10-11T18:36:31.600Z,34.7443520,-76.6621080,990.292,-16.50,-3.05,6.26,2.328,3.771,0.67,23
$GNSS,2024-10-11T18:36:31.800Z,34.7443223,-76.6621148,989.117,-16.58,-2.87,6.41,2.332,3.786,0.67,23
$GNSS,2024-10-11T18:36:32.000Z,34.7442927,-76.6621213,987.965,-16.40,-2.78,6.30,2.336,3.802,0.67,23
$GNSS,2024-10-11T18:36:32.200Z,34.7442631,-76.6621271,986.760,-16.57,-2.43,6.21,2.341,3.817,0.67,23
$GNSS,2024-10-11T18:36:32.400Z,34.7442333,-76.6621324,985.491,-16.51,-2.49,6.33,2.345,3.831,0.67,23
$GNSS,2024-10-11T18:36:32.600Z,34.7442032,-76.6621366,984.021,-16.80,-2.00,6.49,2.348,3.840,0.65,23
$GNSS,2024-10-11T18:36:32.800Z,34.7441729,-76.6621406,982.615,-16.89,-1.95,6.60,2.350,3.849,0.65,23
$GNSS,2024-10-11T18:36:33.000Z,34.7441422,-76.6621444,981.179,-17.12,-1.89,6.73,2.352,3.858,0.64,23
$GNSS,2024-10-11T18:36:33.200Z,34.7441115,-76.6621481,979.739,-17.04,-1.78,6.84,2.353,3.868,0.63,23
$GNSS,2024-10-11T18:36:33.400Z,34.7440805,-76.6621516,978.272,-17.35,-1.78,6.83,2.354,3.876,0.62,23
$GNSS,2024-10-11T18:36:33.600Z,34.7440487,-76.6621545,976.896,-17.96,-1.34,6.32,2.355,3.885,0.62,23
$GNSS,2024-10-11T18:36:33.800Z,34.7440160,-76.6621574,975.600,-18.32,-1.21,6.82,2.357,3.891,0.61,23
$GNSS,2024-10-11T18:36:34.000Z,34.7439832,-76.6621607,974.065,-18.13,-2.08,7.17,2.359,3.893,0.65,23
$GNSS,2024-10-11T18:36:34.200Z,34.7439508,-76.6621658,972.801,-17.91,-2.23,7.00,2.360,3.892,0.65,23
$GNSS,2024-10-11T18:36:34.400Z,34.7439188,-76.6621705,971.471,-17.73,-2.06,6.81,2.361,3.886,0.63,23
$GNSS,2024-10-11T18:36:34.600Z,34.7438872,-76.6621751,970.170,-17.52,-2.00,6.81,2.361,3.882,0.62,23
$GNSS,2024-10-11T18:36:34.800Z,34.7438551,-76.6621795,968.943,-18.07,-1.75,6.58,2.361,3.873,0.62,23
$GNSS,2024-10-11T18:36:35.000Z,34.7438225,-76.6621836,967.602,-18.02,-2.04,6.51,2.359,3.867,0.58,23
$GNSS,2024-10-11T18:36:35.200Z,34.7437899,-76.6621883,966.318,-18.25,-2.28,6.37,2.356,3.858,0.57,23
$GNSS,2024-10-11T18:36:35.400Z,34.7437573,-76.6621933,965.093,-17.94,-2.23,6.24,2.351,3.850,0.56,24
$GNSS,2024-10-11T18:36:35.600Z,34.7437252,-76.6621982,963.897,-17.71,-2.17,6.17,2.348,3.839,0.56,24
$GNSS,2024-10-11T18:36:35.800Z,34.7436930,-76.6622031,962.652,-17.93,-2.37,6.22,2.345,3.829,0.57,24
$GNSS,2024-10-11T18:36:36.000Z,34.7436608,-76.6622082,961.391,-17.92,-2.39,6.08,2.342,3.819,0.56,24
$GNSS,2024-10-11T18:36:36.200Z,34.7436283,-76.6622133,960.163,-18.07,-2.44,5.88,2.339,3.808,0.56,24
$GNSS,2024-10-11T18:36:36.400Z,34.7435956,-76.6622187,958.979,-18.17,-2.69,5.57,2.336,3.798,0.54,24
$GNSS,2024-10-11T18:36:36.600Z,34.7435628,-76.6622246,957.864,-18.15,-2.83,5.55,2.333,3.787,0.54,24
$GNSS,2024-10-11T18:36:36.800Z,34.7435303,-76.6622306,956.719,-17.93,-2.85,5.48,2.329,3.776,0.53,24
$GNSS,2024-10-11T18:36:37.000Z,34.7434979,-76.6622361,955.555,-17.98,-2.49,5.51,2.325,3.765,0.54,24
$GNSS,2024-10-11T18:36:37.200Z,34.7434659,-76.6622410,954.378,-17.56,-2.29,5.49,2.323,3.762,0.62,24
$GNSS,2024-10-11T18:36:37.400Z,34.7434343,-76.6622461,953.256,-17.47,-2.55,5.57,2.320,3.759,0.62,24
$GNSS,2024-10-11T18:36:37.600Z,34.7434030,-76.6622517,952.115,-17.25,-2.69,5.59,2.318,3.756,0.59,24
$GNSS,2024-10-11T18:36:37.800Z,34.7433717,-76.6622577,950.933,-17.38,-2.96,5.72,2.316,3.753,0.59,24
$GNSS,2024-10-11T18:36:38.000Z,34.7433402,-76.6622638,949.755,-17.43,-2.86,5.60,2.313,3.749,0.59,24
$GNSS,2024-10-11T18:36:38.200Z,34.7433090,-76.6622698,948.565,-17.22,-2.84,5.66,2.310,3.745,0.57,24
$GNSS,2024-10-11T18:36:38.400Z,34.7432782,-76.6622760,947.396,-16.97,-2.88,5.74,2.307,3.738,0.55,24
$GNSS,2024-10-11T18:36:38.600Z,34.7432478,-76.6622821,946.203,-16.77,-2.89,5.69,2.304,3.730,0.55,24
$GNSS,2024-10-11T18:36:38.800Z,34.7432173,-76.6622886,945.006,-16.90,-3.11,5.78,2.301,3.722,0.55,24
$GNSS,2024-10-11T18:36:39.000Z,34.7431866,-76.6622953,943.831,-17.06,-2.99,5.98,2.298,3.714,0.54,24
$GNSS,2024-10-11T18:36:39.200Z,34.7431558,-76.6623021,942.597,-17.00,-3.19,6.13,2.295,3.706,0.55,24
$GNSS,2024-10-11T18:36:39.400Z,34.7431254,-76.6623094,941.365,-16.52,-3.52,6.08,2.292,3.699,0.54,24
$GNSS,2024-10-11T18:36:39.600Z,34.7430958,-76.6623170,940.152,-16.25,-3.43,6.09,2.289,3.691,0.55,25
$GNSS,2024-10-11T18:36:39.800Z,34.7430663,-76.6623247,938.942,-16.35,-3.51,6.15,2.286,3.683,0.54,25
$GNSS,2024-10-11T18:36:40.000Z,34.7430368,-76.6623323,937.708,-16.33,-3.50,6.19,2.284,3.677,0.58,25
$GNSS,2024-10-11T18:36:40.200Z,34.7430072,-76.6623405,936.423,-16.39,-3.99,6.34,2.281,3.670,0.58,25
$GNSS,2024-10-11T18:36:40.400Z,34.7429780,-76.6623493,935.131,-15.98,-4.08,6.41,2.279,3.664,0.59,25
$GNSS,2024-10-11T18:36:40.600Z,34.7429495,-76.6623581,933.817,-15.64,-4.10,6.41,2.277,3.657,0.59,25
$GNSS,2024-10-11T18:36:40.800Z,34.7429211,-76.6623667,932.480,-15.77,-3.81,6.57,2.276,3.651,0.61,25
$GNSS,2024-10-11T18:36:41.000Z,34.7428926,-76.6623753,931.090,-15.83,-4.15,6.65,2.276,3.644,0.63,25
$GNSS,2024-10-11T18:36:41.200Z,34.7428633,-76.6623847,929.710,-16.37,-4.48,6.72,2.277,3.637,0.63,25
$GNSS,2024-10-11T18:36:41.400Z,34.7428339,-76.6623944,928.323,-16.25,-4.35,6.73,2.278,3.630,0.62,25
$GNSS,2024-10-11T18:36:41.600Z,34.7428048,-76.6624038,926.920,-16.01,-4.36,6.80,2.278,3.623,0.56,25
$GNSS,2024-10-11T18:36:41.800Z,34.7427760,-76.6624131,925.498,-15.91,-4.22,6.86,2.278,3.615,0.53,25
$GNSS,2024-10-11T18:36:42.000Z,34.7427470,-76.6624222,924.046,-16.22,-4.18,7.04,2.277,3.607,0.53,25
$GNSS,2024-10-11T18:36:42.200Z,34.7427174,-76.6624313,922.606,-16.51,-4.19,7.02,2.275,3.599,0.53,25
$GNSS,2024-10-11T18:36:42.400Z,34.7426874,-76.6624405,921.216,-16.61,-4.17,6.89,2.275,3.594,0.55,25
$GNSS,2024-10-11T18:36:42.600Z,34.7426573,-76.6624498,919.877,-16.65,-4.29,6.60,2.274,3.588,0.55,25
$GNSS,2024-10-11T18:36:42.800Z,34.7426268,-76.6624592,918.566,-16.89,-4.25,6.56,2.274,3.584,0.59,25
$GNSS,2024-10-11T18:36:43.000Z,34.7425963,-76.6624682,917.250,-16.88,-4.02,6.64,2.275,3.580,0.60,25
$GNSS,2024-10-11T18:36:43.200Z,34.7425655,-76.6624771,915.919,-17.15,-4.10,6.62,2.275,3.577,0.59,25
$GNSS,2024-10-11T18:36:43.400Z,34.7425345,-76.6624863,914.659,-17.07,-4.20,6.51,2.276,3.573,0.59,25
$GNSS,2024-10-11T18:36:43.600Z,34.7425036,-76.6624955,913.381,-17.07,-4.19,6.51,2.276,3.570,0.60,25
$GNSS,2024-10-11T18:36:43.800Z,34.7424731,-76.6625050,912.097,-16.78,-4.47,6.44,2.278,3.567,0.64,25
$GNSS,2024-10-11T18:36:44.000Z,34.7424426,-76.6625147,910.806,-16.88,-4.43,6.50,2.280,3.564,0.62,25
$GNSS,2024-10-11T18:36:44.200Z,34.7424120,-76.6625245,909.479,-16.98,-4.55,6.50,2.281,3.562,0.62,25
$GNSS,2024-10-11T18:36:44.400Z,34.7423814,-76.6625345,908.207,-16.88,-4.61,6.35,2.281,3.559,0.60,25
$GNSS,2024-10-11T18:36:44.600Z,34.7423510,-76.6625445,906.942,-16.79,-4.58,6.22,2.281,3.556,0.59,25
$GNSS,2024-10-11T18:36:44.800Z,34.7423209,-76.6625549,905.725,-16.54,-4.87,6.04,2.281,3.552,0.58,25
$GNSS,2024-10-11T18:36:45.000Z,34.7422907,-76.6625651,904.511,-16.82,-4.40,6.11,2.281,3.547,0.58,25
$GNSS,2024-10-11T18:36:45.200Z,34.7422606,-76.6625746,903.271,-16.61,-4.38,6.03,2.280,3.541,0.58,25
$GNSS,2024-10-11T18:36:45.400Z,34.7422308,-76.6625842,902.008,-16.42,-4.54,6.01,2.279,3.536,0.58,25
$GNSS,2024-10-11T18:36:45.600Z,34.7422010,-76.6625937,900.753,-16.60,-4.20,6.04,2.278,3.530,0.57,25
$GNSS,2024-10-11T18:36:45.800Z,34.7421711,-76.6626022,899.482,-16.59,-3.74,6.07,2.276,3.523,0.56,25
$GNSS,2024-10-11T18:36:46.000Z,34.7421412,-76.6626099,898.226,-16.63,-3.43,6.13,2.273,3.517,0.55,25
$GNSS,2024-10-11T18:36:46.200Z,34.7421114,-76.6626169,896.987,-16.46,-3.05,6.08,2.270,3.512,0.55,25
$GNSS,2024-10-11T18:36:46.400Z,34.7420820,-76.6626237,895.820,-16.10,-2.85,6.25,2.266,3.506,0.54,25
$GNSS,2024-10-11T18:36:46.600Z,34.7420525,-76.6626297,894.540,-16.44,-2.63,6.39,2.262,3.502,0.56,25
$GNSS,2024-10-11T18:36:46.800Z,34.7420227,-76.6626348,893.199,-16.56,-2.19,6.35,2.259,3.499,0.57,25
$GNSS,2024-10-11T18:36:47.000Z,34.7419929,-76.6626391,891.919,-16.47,-1.76,6.27,2.255,3.496,0.57,25
$GNSS,2024-10-11T18:36:47.200Z,34.7419634,-76.6626425,890.589,-16.28,-1.51,6.42,2.252,3.494,0.56,25
$GNSS,2024-10-11T18:36:47.400Z,34.7419337,-76.6626455,889.179,-16.59,-1.34,6.74,2.249,3.493,0.57,25
$GNSS,2024-10-11T18:36:47.600Z,34.7419036,-76.6626479,887.734,-16.80,-1.13,6.86,2.246,3.493,0.57,25
$GNSS,2024-10-11T18:36:47.800Z,34.7418733,-76.6626496,886.272,-16.87,-0.72,6.88,2.243,3.492,0.55,25
$GNSS,2024-10-11T18:36:48.000Z,34.7418429,-76.6626506,884.788,-16.88,-0.40,6.99,2.239,3.491,0.56,25
$GNSS,2024-10-11T18:36:48.200Z,34.7418123,-76.6626509,883.264,-16.98,-0.12,7.31,2.236,3.490,0.56,25
$GNSS,2024-10-11T18:36:48.400Z,34.7417818,-76.6626506,881.719,-16.95,0.14,7.31,2.233,3.491,0.57,25
$GNSS,2024-10-11T18:36:48.600Z,34.7417512,-76.6626496,880.183,-16.99,0.56,7.48,2.230,3.492,0.57,25
$GNSS,2024-10-11T18:36:48.800Z,34.7417201,-76.6626479,878.594,-17.39,0.83,7.72,2.228,3.493,0.57,25
$GNSS,2024-10-11T18:36:49.000Z,34.7416885,-76.6626460,877.032,-17.62,0.88,7.89,2.226,3.494,0.56,25
$GNSS,2024-10-11T18:36:49.200Z,34.7416571,-76.6626435,875.476,-17.36,1.35,7.69,2.224,3.494,0.56,25
$GNSS,2024-10-11T18:36:49.400Z,34.7416260,-76.6626402,873.908,-17.10,1.43,7.43,2.223,3.494,0.58,25
$GNSS,2024-10-11T18:36:49.600Z,34.7415950,-76.6626368,872.415,-17.31,1.72,7.55,2.222,3.493,0.58,25
$GNSS,2024-10-11T18:36:49.800Z,34.7415637,-76.6626324,870.849,-17.44,2.12,7.63,2.220,3.492,0.56,25
$GNSS,2024-10-11T18:36:50.000Z,34.7415326,-76.6626273,869.280,-17.20,2.39,7.68,2.219,3.490,0.57,25
$GNSS,2024-10-11T18:36:50.200Z,34.7415018,-76.6626219,867.683,-16.97,2.37,7.67,2.217,3.488,0.58,25
$GNSS,2024-10-11T18:36:50.400Z,34.7414710,-76.6626165,866.188,-17.13,2.76,7.77,2.215,3.486,0.57,25
$GNSS,2024-10-11T18:36:50.600Z,34.7414400,-76.6626105,864.737,-17.23,3.05,7.61,2.214,3.483,0.58,25
$GNSS,2024-10-11T18:36:50.800Z,34.7414092,-76.6626038,863.213,-17.02,3.05,7.51,2.212,3.481,0.59,25
$GNSS,2024-10-11T18:36:51.000Z,34.7413782,-76.6625975,861.816,-17.30,2.97,7.29,2.212,3.478,0.58,25
$GNSS,2024-10-11T18:36:51.200Z,34.7413473,-76.6625912,860.387,-16.95,2.88,7.10,2.212,3.475,0.57,25
$GNSS,2024-10-11T18:36:51.400Z,34.7413170,-76.6625847,858.992,-16.78,3.16,7.27,2.212,3.470,0.55,25
$GNSS,2024-10-11T18:36:51.600Z,34.7412862,-76.6625780,857.562,-17.34,2.98,6.94,2.211,3.465,0.53,25
$GNSS,2024-10-11T18:36:51.800Z,34.7412554,-76.6625715,856.205,-16.95,3.09,6.88,2.210,3.460,0.54,25
$GNSS,2024-10-11T18:36:52.000Z,34.7412249,-76.6625647,854.809,-16.95,3.11,6.93,2.209,3.455,0.53,25
$GNSS,2024-10-11T18:36:52.200Z,34.7411946,-76.6625579,853.446,-16.72,3.19,6.89,2.209,3.450,0.52,25
$GNSS,2024-10-11T18:36:52.400Z,34.7411644,-76.6625508,852.081,-16.79,3.32,6.90,2.208,3.443,0.50,25
$GNSS,2024-10-11T18:36:52.600Z,34.7411344,-76.6625436,850.701,-16.62,3.27,6.85,2.207,3.436,0.50,25
$GNSS,2024-10-11T18:36:52.800Z,34.7411045,-76.6625364,849.288,-16.54,3.30,6.90,2.206,3.429,0.51,25
$GNSS,2024-10-11T18:36:53.000Z,34.7410746,-76.6625289,847.870,-16.66,3.46,6.89,2.206,3.423,0.51,25
$GNSS,2024-10-11T18:36:53.200Z,34.7410447,-76.6625213,846.490,-16.59,3.47,6.86,2.206,3.416,0.51,25
$GNSS,2024-10-11T18:36:53.400Z,34.7410145,-76.6625137,845.109,-16.86,3.56,6.91,2.206,3.410,0.50,25
$GNSS,2024-10-11T18:36:53.600Z,34.7409838,-76.6625061,843.756,-17.08,3.50,6.84,2.205,3.404,0.51,25
$GNSS,2024-10-11T18:36:53.800Z,34.7409531,-76.6624983,842.312,-17.04,3.52,6.82,2.203,3.397,0.50,25
$GNSS,2024-10-11T18:36:54.000Z,34.7409229,-76.6624903,840.913,-16.50,3.66,6.75,2.199,3.391,0.49,25
$GNSS,2024-10-11T18:36:54.200Z,34.7408933,-76.6624818,839.499,-16.47,3.89,6.73,2.196,3.385,0.48,25
$GNSS,2024-10-11T18:36:54.400Z,34.7408628,-76.6624734,838.126,-17.22,3.75,6.86,2.193,3.379,0.51,25
$GNSS,2024-10-11T18:36:54.600Z,34.7408318,-76.6624659,836.862,-17.18,3.45,6.81,2.190,3.374,0.51,25
$GNSS,2024-10-11T18:36:54.800Z,34.7408009,-76.6624585,835.567,-17.07,3.54,6.77,2.187,3.369,0.50,25
$GNSS,2024-10-11T18:36:55.000Z,34.7407701,-76.6624501,834.256,-17.10,4.26,6.92,2.185,3.367,0.54,25
$GNSS,2024-10-11T18:36:55.200Z,34.7407393,-76.6624412,832.904,-17.15,4.02,6.76,2.185,3.368,0.57,25
$GNSS,2024-10-11T18:36:55.400Z,34.7407089,-76.6624323,831.576,-16.70,4.16,6.78,2.186,3.369,0.59,25
$GNSS,2024-10-11T18:36:55.600Z,34.7406787,-76.6624230,830.212,-16.78,4.40,6.93,2.186,3.371,0.58,25
$GNSS,2024-10-11T18:36:55.800Z,34.7406477,-76.6624135,828.873,-17.46,4.49,6.96,2.187,3.373,0.58,25
$GNSS,2024-10-11T18:36:56.000Z,34.7406172,-76.6624038,827.483,-16.63,4.35,6.78,2.188,3.374,0.58,25
$GNSS,2024-10-11T18:36:56.200Z,34.7405877,-76.6623935,826.108,-16.22,5.03,6.88,2.188,3.375,0.57,25
$GNSS,2024-10-11T18:36:56.400Z,34.7405587,-76.6623824,824.782,-16.10,5.19,6.77,2.188,3.377,0.56,25
$GNSS,2024-10-11T18:36:56.600Z,34.7405300,-76.6623712,823.508,-15.88,5.17,6.56,2.187,3.379,0.55,25
$GNSS,2024-10-11T18:36:56.800Z,34.7405015,-76.6623596,822.180,-15.91,5.41,6.50,2.187,3.380,0.55,25
$GNSS,2024-10-11T18:36:57.000Z,34.7404728,-76.6623476,820.886,-16.01,5.62,6.61,2.186,3.380,0.52,25
$GNSS,2024-10-11T18:36:57.200Z,34.7404442,-76.6623349,819.491,-15.86,5.81,6.73,2.185,3.380,0.52,25
$GNSS,2024-10-11T18:36:57.400Z,34.7404159,-76.6623219,818.080,-15.59,5.95,6.64,2.184,3.381,0.52,25
$GNSS,2024-10-11T18:36:57.600Z,34.7403880,-76.6623088,816.742,-15.47,6.00,6.63,2.183,3.382,0.51,25
$GNSS,2024-10-11T18:36:57.800Z,34.7403600,-76.6622950,815.293,-15.63,6.31,6.74,2.181,3.382,0.51,25
$GNSS,2024-10-11T18:36:58.000Z,34.7403320,-76.6622809,813.905,-15.47,6.53,6.75,2.179,3.383,0.51,25
$GNSS,2024-10-11T18:36:58.200Z,34.7403045,-76.6622662,812.520,-15.16,6.78,6.67,2.178,3.384,0.51,25
$GNSS,2024-10-11T18:36:58.400Z,34.7402772,-76.6622509,811.112,-15.19,7.08,6.70,2.176,3.384,0.50,25
$GNSS,2024-10-11T18:36:58.600Z,34.7402501,-76.6622348,809.642,-15.03,7.24,6.56,2.174,3.386,0.51,25
$GNSS,2024-10-11T18:36:58.800Z,34.7402229,-76.6622179,808.137,-15.14,7.90,6.80,2.172,3.387,0.50,25
$GNSS,2024-10-11T18:36:59.000Z,34.7401960,-76.6622007,806.671,-14.75,7.58,6.71,2.171,3.393,0.51,24
$GNSS,2024-10-11T18:36:59.200Z,34.7401701,-76.6621835,805.216,-14.09,7.98,7.05,2.171,3.398,0.52,24
$GNSS,2024-10-11T18:36:59.400Z,34.7401447,-76.6621661,803.890,-14.07,8.21,6.95,2.172,3.403,0.53,25
$GNSS,2024-10-11T18:36:59.600Z,34.7401198,-76.6621473,802.429,-13.70,8.75,6.86,2.172,3.407,0.54,25
$GNSS,2024-10-11T18:36:59.800Z,34.7400956,-76.6621278,801.020,-13.36,9.08,6.94,2.173,3.411,0.59,25
$GNSS,2024-10-11T18:37:00.000Z,34.7400713,-76.6621074,799.554,-13.52,9.40,6.90,2.175,3.413,0.55,25
$GNSS,2024-10-11T18:37:00.200Z,34.7400466,-76.6620871,798.238,-13.82,9.47,6.85,2.176,3.416,0.53,25
$GNSS,2024-10-11T18:37:00.400Z,34.7400218,-76.6620665,796.940,-13.58,9.65,6.67,2.177,3.419,0.52,25
$GNSS,2024-10-11T18:37:00.600Z,34.7399974,-76.6620459,795.748,-13.40,9.63,6.25,2.178,3.422,0.52,25
$GNSS,2024-10-11T18:37:00.800Z,34.7399733,-76.6620251,794.568,-13.28,9.67,6.02,2.179,3.427,0.53,25
$GNSS,2024-10-11T18:37:01.000Z,34.7399493,-76.6620041,793.339,-13.28,9.70,6.19,2.181,3.431,0.54,25
$GNSS,2024-10-11T18:37:01.200Z,34.7399255,-76.6619836,792.217,-13.09,9.52,6.10,2.182,3.435,0.53,25
$GNSS,2024-10-11T18:37:01.400Z,34.7399017,-76.6619633,791.130,-13.30,9.43,5.85,2.183,3.439,0.55,25
$GNSS,2024-10-11T18:37:01.600Z,34.7398776,-76.6619430,789.988,-13.40,9.32,5.58,2.183,3.442,0.54,25
$GNSS,2024-10-11T18:37:01.800Z,34.7398534,-76.6619230,788.958,-13.50,9.25,5.43,2.184,3.445,0.56,25
$GNSS,2024-10-11T18:37:02.000Z,34.7398290,-76.6619028,787.926,-13.68,9.33,5.30,2.184,3.448,0.56,25
$GNSS,2024-10-11T18:37:02.200Z,34.7398043,-76.6618829,786.909,-13.80,9.12,5.27,2.183,3.450,0.58,25
$GNSS,2024-10-11T18:37:02.400Z,34.7397794,-76.6618635,785.931,-13.93,8.92,5.09,2.183,3.451,0.58,25
$GNSS,2024-10-11T18:37:02.600Z,34.7397545,-76.6618443,785.041,-13.93,8.93,4.91,2.183,3.452,0.57,25
$GNSS,2024-10-11T18:37:02.800Z,34.7397294,-76.6618250,784.102,-14.12,9.00,5.11,2.183,3.455,0.55,25
$GNSS,2024-10-11T18:37:03.000Z,34.7397044,-76.6618057,783.159,-13.84,8.93,4.87,2.184,3.459,0.54,25
$GNSS,2024-10-11T18:37:03.200Z,34.7396799,-76.6617861,782.192,-13.58,9.02,4.60,2.186,3.462,0.54,25
$GNSS,2024-10-11T18:37:03.400Z,34.7396555,-76.6617664,781.297,-13.66,9.04,4.42,2.188,3.464,0.54,25
$GNSS,2024-10-11T18:37:03.600Z,34.7396309,-76.6617464,780.393,-13.76,9.13,4.23,2.190,3.465,0.52,25
$GNSS,2024-10-11T18:37:03.800Z,34.7396068,-76.6617263,779.512,-13.29,9.19,4.26,2.192,3.467,0.52,25
$GNSS,2024-10-11T18:37:04.000Z,34.7395830,-76.6617060,778.570,-13.45,9.18,4.33,2.187,3.459,0.46,25
$GNSS,2024-10-11T18:37:04.200Z,34.7395596,-76.6616859,777.726,-12.84,9.18,4.03,2.183,3.454,0.47,25
$GNSS,2024-10-11T18:37:04.400Z,34.7395370,-76.6616660,776.966,-12.43,9.16,3.76,2.180,3.450,0.47,25
$GNSS,2024-10-11T18:37:04.600Z,34.7395146,-76.6616460,776.250,-12.55,9.27,3.73,2.176,3.446,0.46,25
$GNSS,2024-10-11T18:37:04.800Z,34.7394919,-76.6616259,775.515,-12.68,9.13,3.66,2.173,3.442,0.46,25
$GNSS,2024-10-11T18:37:05.000Z,34.7394697,-76.6616064,774.802,-12.11,8.82,3.57,2.171,3.442,0.48,25
$GNSS,2024-10-11T18:37:05.200Z,34.7394480,-76.6615869,774.104,-12.05,9.07,3.64,2.169,3.442,0.48,25
$GNSS,2024-10-11T18:37:05.400Z,34.7394263,-76.6615673,773.396,-12.15,9.03,3.75,2.166,3.441,0.47,25
$GNSS,2024-10-11T18:37:05.600Z,34.7394045,-76.6615479,772.738,-12.05,9.01,3.92,2.164,3.443,0.51,25
$GNSS,2024-10-11T18:37:05.800Z,34.7393832,-76.6615283,771.932,-11.77,8.92,3.95,2.164,3.447,0.52,25
$GNSS,2024-10-11T18:37:06.000Z,34.7393620,-76.6615087,771.177,-11.84,9.01,3.75,2.164,3.451,0.51,25
$GNSS,2024-10-11T18:37:06.200Z,34.7393410,-76.6614895,770.441,-11.63,8.80,3.86,2.163,3.455,0.49,25
$GNSS,2024-10-11T18:37:06.400Z,34.7393202,-76.6614705,769.682,-11.60,8.72,3.99,2.162,3.457,0.50,25
$GNSS,2024-10-11T18:37:06.600Z,34.7392993,-76.6614514,768.884,-11.66,8.81,4.15,2.161,3.462,0.55,25
$GNSS,2024-10-11T18:37:06.800Z,34.7392782,-76.6614322,768.036,-11.81,8.75,4.19,2.162,3.470,0.58,24
$GNSS,2024-10-11T18:37:07.000Z,34.7392570,-76.6614132,767.232,-11.75,8.78,4.22,2.162,3.474,0.56,25
$GNSS,2024-10-11T18:37:07.200Z,34.7392362,-76.6613934,766.246,-11.45,9.09,4.35,2.161,3.476,0.55,25
$GNSS,2024-10-11T18:37:07.400Z,34.7392160,-76.6613735,765.282,-11.16,9.06,4.50,2.161,3.476,0.50,25
$GNSS,2024-10-11T18:37:07.600Z,34.7391959,-76.6613537,764.336,-11.15,9.07,4.47,2.161,3.477,0.50,25
$GNSS,2024-10-11T18:37:07.800Z,34.7391760,-76.6613336,763.320,-10.98,9.12,4.52,2.161,3.477,0.47,25
$GNSS,2024-10-11T18:37:08.000Z,34.7391566,-76.6613139,762.408,-10.69,8.95,4.57,2.161,3.477,0.46,25
$GNSS,2024-10-11T18:37:08.200Z,34.7391375,-76.6612942,761.462,-10.60,9.13,4.82,2.161,3.477,0.47,25
$GNSS,2024-10-11T18:37:08.400Z,34.7391184,-76.6612739,760.461,-10.62,9.36,4.86,2.161,3.478,0.47,25
$GNSS,2024-10-11T18:37:08.600Z,34.7390995,-76.6612532,759.475,-10.61,9.57,4.85,2.162,3.479,0.49,25
$GNSS,2024-10-11T18:37:08.800Z,34.7390806,-76.6612319,758.499,-10.56,9.92,4.85,2.162,3.480,0.50,25
$GNSS,2024-10-11T18:37:09.000Z,34.7390618,-76.6612103,757.475,-10.52,9.86,5.10,2.162,3.482,0.51,25
$GNSS,2024-10-11T18:37:09.200Z,34.7390430,-76.6611883,756.388,-10.50,10.07,5.01,2.162,3.484,0.52,25
$GNSS,2024-10-11T18:37:09.400Z,34.7390243,-76.6611661,755.357,-10.49,10.15,4.94,2.162,3.486,0.53,25
$GNSS,2024-10-11T18:37:09.600Z,34.7390053,-76.6611438,754.405,-10.74,10.33,4.80,2.162,3.488,0.54,25
$GNSS,2024-10-11T18:37:09.800Z,34.7389860,-76.6611211,753.431,-10.87,10.46,4.86,2.162,3.490,0.53,25
$GNSS,2024-10-11T18:37:10.000Z,34.7389664,-76.6610983,752.534,-10.91,10.52,4.65,2.162,3.492,0.56,25
$GNSS,2024-10-11T18:37:10.200Z,34.7389467,-76.6610753,751.565,-11.02,10.52,4.58,2.163,3.495,0.57,25
$GNSS,2024-10-11T18:37:10.400Z,34.7389269,-76.6610523,750.648,-11.02,10.52,4.39,2.165,3.500,0.57,24
$GNSS,2024-10-11T18:37:10.600Z,34.7389070,-76.6610295,749.720,-11.09,10.37,4.54,2.166,3.503,0.56,25
$GNSS,2024-10-11T18:37:10.800Z,34.7388868,-76.6610070,748.823,-11.29,10.26,4.49,2.168,3.509,0.58,24
$GNSS,2024-10-11T18:37:11.000Z,34.7388662,-76.6609845,747.878,-11.64,10.31,4.46,2.170,3.514,0.57,24
$GNSS,2024-10-11T18:37:11.200Z,34.7388451,-76.6609617,746.853,-11.80,10.30,4.67,2.172,3.519,0.57,24
$GNSS,2024-10-11T18:37:11.400Z,34.7388241,-76.6609395,745.864,-11.58,9.98,4.81,2.173,3.524,0.58,24
$GNSS,2024-10-11T18:37:11.600Z,34.7388031,-76.6609179,744.929,-11.75,10.01,4.86,2.176,3.530,0.59,24
$GNSS,2024-10-11T18:37:11.800Z,34.7387819,-76.6608964,743.972,-11.90,9.81,4.90,2.179,3.537,0.60,24
$GNSS,2024-10-11T18:37:12.000Z,34.7387603,-76.6608747,742.942,-12.03,9.93,4.98,2.181,3.542,0.59,24
$GNSS,2024-10-11T18:37:12.200Z,34.7387387,-76.6608530,741.918,-12.07,10.01,5.04,2.183,3.548,0.59,24
$GNSS,2024-10-11T18:37:12.400Z,34.7387170,-76.6608313,740.870,-12.03,9.88,5.02,2.186,3.555,0.60,24
$GNSS,2024-10-11T18:37:12.600Z,34.7386954,-76.6608100,739.918,-12.02,9.79,5.05,2.189,3.562,0.60,24
$GNSS,2024-10-11T18:37:12.800Z,34.7386739,-76.6607890,738.963,-12.03,9.72,5.06,2.192,3.567,0.60,24
$GNSS,2024-10-11T18:37:13.000Z,34.7386523,-76.6607678,737.933,-12.00,9.75,5.07,2.194,3.572,0.60,24
$GNSS,2024-10-11T18:37:13.200Z,34.7386311,-76.6607465,736.880,-11.75,9.78,5.11,2.196,3.578,0.61,24
$GNSS,2024-10-11T18:37:13.400Z,34.7386099,-76.6607251,735.891,-11.90,9.85,4.99,2.199,3.585,0.63,23
$GNSS,2024-10-11T18:37:13.600Z,34.7385887,-76.6607037,734.902,-11.76,9.88,5.00,2.202,3.591,0.63,23
$GNSS,2024-10-11T18:37:13.800Z,34.7385675,-76.6606822,733.937,-11.89,9.97,4.97,2.204,3.594,0.61,24
$GNSS,2024-10-11T18:37:14.000Z,34.7385461,-76.6606604,732.862,-12.00,9.90,5.17,2.206,3.598,0.61,24
$GNSS,2024-10-11T18:37:14.200Z,34.7385246,-76.6606387,731.790,-11.99,10.01,5.25,2.208,3.602,0.61,24
$GNSS,2024-10-11T18:37:14.400Z,34.7385034,-76.6606165,730.640,-11.71,10.04,5.19,2.209,3.605,0.60,25
$GNSS,2024-10-11T18:37:14.600Z,34.7384823,-76.6605939,729.532,-11.87,10.49,5.04,2.211,3.609,0.61,25
$GNSS,2024-10-11T18:37:14.800Z,34.7384612,-76.6605712,728.612,-11.75,10.56,4.99,2.212,3.612,0.61,25
$GNSS,2024-10-11T18:37:15.000Z,34.7384401,-76.6605485,727.647,-11.77,10.39,4.97,2.214,3.615,0.61,25
$GNSS,2024-10-11T18:37:15.200Z,34.7384189,-76.6605256,726.657,-11.82,10.59,4.95,2.216,3.620,0.62,25
$GNSS,2024-10-11T18:37:15.400Z,34.7383979,-76.6605026,725.692,-11.65,10.56,4.71,2.217,3.625,0.61,25
$GNSS,2024-10-11T18:37:15.600Z,34.7383772,-76.6604801,724.832,-11.45,10.29,4.48,2.218,3.630,0.59,25
$GNSS,2024-10-11T18:37:15.800Z,34.7383566,-76.6604576,723.967,-11.43,10.37,4.32,2.218,3.637,0.58,24
$GNSS,2024-10-11T18:37:16.000Z,34.7383360,-76.6604348,723.107,-11.45,10.48,4.19,2.219,3.644,0.58,24
$GNSS,2024-10-11T18:37:16.200Z,34.7383155,-76.6604124,722.308,-11.40,10.23,4.07,2.219,3.649,0.57,25
$GNSS,2024-10-11T18:37:16.400Z,34.7382950,-76.6603906,721.521,-11.49,9.92,3.92,2.219,3.652,0.56,25
$GNSS,2024-10-11T18:37:16.600Z,34.7382742,-76.6603698,720.873,-11.59,9.48,3.76,2.219,3.656,0.55,25
$GNSS,2024-10-11T18:37:16.800Z,34.7382536,-76.6603497,720.139,-11.43,9.08,3.55,2.219,3.659,0.54,25
$GNSS,2024-10-11T18:37:17.000Z,34.7382332,-76.6603299,719.416,-11.42,9.07,3.45,2.219,3.661,0.55,25
$GNSS,2024-10-11T18:37:17.200Z,34.7382128,-76.6603104,718.716,-11.40,8.89,3.35,2.218,3.665,0.55,25
$GNSS,2024-10-11T18:37:17.400Z,34.7381926,-76.6602922,718.179,-11.02,8.28,3.47,2.218,3.666,0.55,25
$GNSS,2024-10-11T18:37:17.600Z,34.7381726,-76.6602746,717.534,-11.22,8.02,3.40,2.219,3.668,0.58,25
$GNSS,2024-10-11T18:37:17.800Z,34.7381523,-76.6602573,716.814,-11.31,7.79,3.39,2.220,3.669,0.59,25
$GNSS,2024-10-11T18:37:18.000Z,34.7381319,-76.6602413,716.135,-11.39,7.16,3.72,2.221,3.670,0.58,25
$GNSS,2024-10-11T18:37:18.200Z,34.7381114,-76.6602259,715.355,-11.46,7.02,3.86,2.221,3.669,0.58,25
$GNSS,2024-10-11T18:37:18.400Z,34.7380911,-76.6602108,714.540,-11.20,6.89,4.06,2.220,3.667,0.56,25
$GNSS,2024-10-11T18:37:18.600Z,34.7380708,-76.6601961,713.695,-11.31,6.65,4.22,2.220,3.665,0.57,25
$GNSS,2024-10-11T18:37:18.800Z,34.7380504,-76.6601814,712.689,-11.47,6.58,4.54,2.219,3.662,0.55,25
$GNSS,2024-10-11T18:37:19.000Z,34.7380294,-76.6601672,711.643,-11.82,6.36,4.95,2.219,3.659,0.55,25
$GNSS,2024-10-11T18:37:19.200Z,34.7380083,-76.6601532,710.533,-11.67,6.37,5.42,2.219,3.662,0.57,24
$GNSS,2024-10-11T18:37:19.400Z,34.7379868,-76.6601398,709.383,-12.02,5.79,5.57,2.220,3.665,0.58,24
$GNSS,2024-10-11T18:37:19.600Z,34.7379654,-76.6601272,708.210,-11.74,5.59,5.45,2.221,3.667,0.56,24
$GNSS,2024-10-11T18:37:19.800Z,34.7379439,-76.6601148,707.001,-12.12,5.62,5.77,2.220,3.670,0.59,24
$GNSS,2024-10-11T18:37:20.000Z,34.7379219,-76.6601015,705.794,-12.26,6.55,6.13,2.221,3.673,0.63,25
$GNSS,2024-10-11T18:37:20.200Z,34.7378995,-76.6600866,704.537,-12.48,6.95,6.01,2.222,3.676,0.62,25
$GNSS,2024-10-11T18:37:20.400Z,34.7378773,-76.6600721,703.298,-12.31,6.49,6.38,2.222,3.678,0.58,25
$GNSS,2024-10-11T18:37:20.600Z,34.7378552,-76.6600580,702.080,-12.29,6.51,6.27,2.223,3.680,0.53,25
$GNSS,2024-10-11T18:37:20.800Z,34.7378330,-76.6600433,700.810,-12.36,6.99,6.54,2.223,3.681,0.50,25
$GNSS,2024-10-11T18:37:21.000Z,34.7378106,-76.6600279,699.586,-12.43,7.30,6.46,2.222,3.682,0.50,25
$GNSS,2024-10-11T18:37:21.200Z,34.7377883,-76.6600117,698.328,-12.25,7.58,6.40,2.223,3.689,0.55,25
$GNSS,2024-10-11T18:37:21.400Z,34.7377662,-76.6599945,697.007,-12.14,8.03,6.47,2.224,3.693,0.54,25
$GNSS,2024-10-11T18:37:21.600Z,34.7377442,-76.6599769,695.752,-12.23,8.24,6.50,2.223,3.694,0.52,25
$GNSS,2024-10-11T18:37:21.800Z,34.7377222,-76.6599587,694.580,-12.02,8.56,6.25,2.223,3.695,0.50,25
$GNSS,2024-10-11T18:37:22.000Z,34.7377009,-76.6599402,693.458,-11.63,8.66,6.00,2.221,3.694,0.50,25
$GNSS,2024-10-11T18:37:22.200Z,34.7376799,-76.6599211,692.285,-11.59,8.97,6.12,2.220,3.693,0.51,25
$GNSS,2024-10-11T18:37:22.400Z,34.7376591,-76.6599015,691.078,-11.59,9.05,6.12,2.219,3.691,0.50,25
$GNSS,2024-10-11T18:37:22.600Z,34.7376381,-76.6598818,689.929,-11.63,9.11,5.93,2.217,3.690,0.51,25
$GNSS,2024-10-11T18:37:22.800Z,34.7376171,-76.6598621,688.833,-11.61,9.16,5.74,2.216,3.689,0.51,25
$GNSS,2024-10-11T18:37:23.000Z,34.7375961,-76.6598419,687.751,-11.63,9.39,5.46,2.216,3.689,0.53,25
$GNSS,2024-10-11T18:37:23.200Z,34.7375758,-76.6598214,686.642,-11.02,9.30,5.26,2.216,3.691,0.55,25
$GNSS,2024-10-11T18:37:23.400Z,34.7375556,-76.6598023,685.659,-11.24,8.66,5.66,2.215,3.691,0.54,25
$GNSS,2024-10-11T18:37:23.600Z,34.7375346,-76.6597826,684.531,-12.04,9.26,5.43,2.215,3.693,0.53,25
$GNSS,2024-10-11T18:37:23.800Z,34.7375129,-76.6597625,683.475,-12.04,9.18,5.21,2.215,3.694,0.52,25
$GNSS,2024-10-11T18:37:24.000Z,34.7374916,-76.6597432,682.416,-11.75,8.51,5.18,2.217,3.699,0.54,25
$GNSS,2024-10-11T18:37:24.200Z,34.7374703,-76.6597243,681.362,-11.96,8.74,5.31,2.219,3.703,0.56,25
$GNSS,2024-10-11T18:37:24.400Z,34.7374488,-76.6597060,680.278,-12.03,8.24,5.72,2.220,3.705,0.52,25
$GNSS,2024-10-11T18:37:24.600Z,34.7374270,-76.6596883,679.307,-12.17,8.45,5.93,2.220,3.709,0.53,25
$GNSS,2024-10-11T18:37:24.800Z,34.7374056,-76.6596699,678.318,-11.70,8.71,5.43,2.221,3.713,0.53,25
$GNSS,2024-10-11T18:37:25.000Z,34.7373846,-76.6596507,677.269,-11.74,8.94,5.38,2.223,3.719,0.54,25
$GNSS,2024-10-11T18:37:25.200Z,34.7373638,-76.6596315,676.297,-11.54,8.93,5.43,2.225,3.725,0.54,25
$GNSS,2024-10-11T18:37:25.400Z,34.7373431,-76.6596113,675.205,-11.68,9.54,5.44,2.227,3.731,0.55,25
$GNSS,2024-10-11T18:37:25.600Z,34.7373219,-76.6595909,674.191,-11.95,9.34,5.37,2.228,3.734,0.54,25
$GNSS,2024-10-11T18:37:25.800Z,34.7373007,-76.6595703,673.078,-11.87,9.43,5.55,2.228,3.738,0.57,25
$GNSS,2024-10-11T18:37:26.000Z,34.7372797,-76.6595494,671.953,-11.62,9.68,5.70,2.228,3.739,0.57,25
$GNSS,2024-10-11T18:37:26.200Z,34.7372588,-76.6595284,670.859,-11.60,9.58,5.78,2.228,3.740,0.57,25
$GNSS,2024-10-11T18:37:26.400Z,34.7372379,-76.6595074,669.703,-11.74,9.71,5.88,2.228,3.740,0.57,25
$GNSS,2024-10-11T18:37:26.600Z,34.7372167,-76.6594860,668.636,-11.79,10.03,5.61,2.228,3.740,0.57,25
$GNSS,2024-10-11T18:37:26.800Z,34.7371952,-76.6594640,667.581,-12.04,10.18,5.61,2.229,3.740,0.58,25
$GNSS,2024-10-11T18:37:27.000Z,34.7371737,-76.6594421,666.503,-11.88,10.08,5.60,2.229,3.736,0.51,25
$GNSS,2024-10-11T18:37:27.200Z,34.7371523,-76.6594207,665.462,-11.86,9.84,5.74,2.228,3.732,0.50,25
$GNSS,2024-10-11T18:37:27.400Z,34.7371305,-76.6593998,664.354,-12.33,9.50,5.68,2.226,3.726,0.48,25
$GNSS,2024-10-11T18:37:27.600Z,34.7371084,-76.6593797,663.356,-12.24,9.29,5.51,2.224,3.718,0.46,25
$GNSS,2024-10-11T18:37:27.800Z,34.7370862,-76.6593598,662.345,-12.46,9.17,5.29,2.222,3.710,0.45,25
$GNSS,2024-10-11T18:37:28.000Z,34.7370636,-76.6593402,661.168,-12.73,8.53,5.40,2.219,3.702,0.46,25
$GNSS,2024-10-11T18:37:28.200Z,34.7370406,-76.6593213,660.088,-12.91,8.92,5.62,2.218,3.696,0.49,25
$GNSS,2024-10-11T18:37:28.400Z,34.7370172,-76.6593022,659.023,-13.23,8.79,5.65,2.217,3.693,0.55,25
$GNSS,2024-10-11T18:37:28.600Z,34.7369932,-76.6592832,657.903,-13.56,8.66,5.60,2.218,3.697,0.59,25
$GNSS,2024-10-11T18:37:28.800Z,34.7369690,-76.6592643,656.816,-13.54,8.69,5.57,2.219,3.699,0.60,25
$GNSS,2024-10-11T18:37:29.000Z,34.7369448,-76.6592455,655.710,-13.56,8.57,5.68,2.221,3.702,0.59,25
$GNSS,2024-10-11T18:37:29.200Z,34.7369206,-76.6592270,654.581,-13.60,8.38,5.78,2.223,3.704,0.59,25
$GNSS,2024-10-11T18:37:29.400Z,34.7368961,-76.6592085,653.359,-13.78,8.46,5.87,2.224,3.705,0.57,25
$GNSS,2024-10-11T18:37:29.600Z,34.7368714,-76.6591900,652.234,-13.84,8.47,5.74,2.224,3.706,0.57,25
$GNSS,2024-10-11T18:37:29.800Z,34.7368463,-76.6591705,650.981,-14.27,8.96,5.77,2.225,3.707,0.56,25
$GNSS,2024-10-11T18:37:30.000Z,34.7368211,-76.6591512,649.787,-13.95,8.56,5.95,2.226,3.709,0.56,25
$GNSS,2024-10-11T18:37:30.200Z,34.7367961,-76.6591324,648.570,-13.97,8.42,5.83,2.226,3.708,0.53,25
$GNSS,2024-10-11T18:37:30.400Z,34.7367710,-76.6591134,647.360,-14.04,8.76,5.63,2.226,3.709,0.55,25
$GNSS,2024-10-11T18:37:30.600Z,34.7367459,-76.6590936,646.088,-14.11,8.95,5.61,2.226,3.710,0.55,25
$GNSS,2024-10-11T18:37:30.800Z,34.7367209,-76.6590737,644.872,-13.83,8.98,5.59,2.226,3.711,0.55,25
$GNSS,2024-10-11T18:37:31.000Z,34.7366969,-76.6590542,643.580,-13.24,8.73,6.23,2.227,3.712,0.55,25
$GNSS,2024-10-11T18:37:31.200Z,34.7366724,-76.6590343,642.384,-13.71,9.38,6.25,2.228,3.718,0.58,24
$GNSS,2024-10-11T18:37:31.400Z,34.7366476,-76.6590137,641.017,-13.92,9.20,6.11,2.229,3.725,0.62,24
$GNSS,2024-10-11T18:37:31.600Z,34.7366228,-76.6589937,639.771,-13.76,9.09,5.97,2.231,3.734,0.61,24
$GNSS,2024-10-11T18:37:31.800Z,34.7365971,-76.6589749,638.724,-14.51,8.61,6.02,2.232,3.740,0.58,25
$GNSS,2024-10-11T18:37:32.000Z,34.7365718,-76.6589550,637.510,-13.68,9.44,5.97,2.235,3.752,0.62,24
$GNSS,2024-10-11T18:37:32.200Z,34.7365473,-76.6589344,636.304,-13.43,9.45,6.07,2.239,3.763,0.60,24
$GNSS,2024-10-11T18:37:32.400Z,34.7365226,-76.6589136,635.121,-13.80,9.64,6.17,2.243,3.776,0.59,24
$GNSS,2024-10-11T18:37:32.600Z,34.7364983,-76.6588925,633.728,-13.21,9.52,6.75,2.247,3.789,0.61,24
$GNSS,2024-10-11T18:37:32.800Z,34.7364741,-76.6588715,632.227,-13.52,9.44,7.13,2.253,3.803,0.68,24
$GNSS,2024-10-11T18:37:33.000Z,34.7364501,-76.6588505,630.671,-13.17,9.68,7.69,2.257,3.811,0.60,25
$GNSS,2024-10-11T18:37:33.200Z,34.7364262,-76.6588291,629.202,-13.29,10.32,8.05,2.261,3.817,0.59,25
$GNSS,2024-10-11T18:37:33.400Z,34.7364021,-76.6588069,627.508,-13.31,10.07,8.55,2.265,3.827,0.62,24
$GNSS,2024-10-11T18:37:33.600Z,34.7363775,-76.6587850,625.721,-13.77,10.06,8.89,2.269,3.835,0.61,24
$GNSS,2024-10-11T18:37:33.800Z,34.7363527,-76.6587632,624.089,-13.64,10.09,8.60,2.272,3.842,0.62,24
$GNSS,2024-10-11T18:37:34.000Z,34.7363276,-76.6587416,622.445,-14.16,9.90,8.63,2.274,3.847,0.60,24
$GNSS,2024-10-11T18:37:34.200Z,34.7363025,-76.6587196,620.698,-13.82,10.03,8.20,2.274,3.845,0.53,25
$GNSS,2024-10-11T18:37:34.400Z,34.7362771,-76.6586982,619.112,-14.39,9.74,8.19,2.272,3.837,0.49,25
$GNSS,2024-10-11T18:37:34.600Z,34.7362508,-76.6586775,617.591,-14.84,9.49,7.89,2.271,3.826,0.48,25
$GNSS,2024-10-11T18:37:34.800Z,34.7362236,-76.6586573,616.067,-15.24,9.22,7.76,2.270,3.816,0.47,25
$GNSS,2024-10-11T18:37:35.000Z,34.7361960,-76.6586377,614.539,-15.36,8.85,7.69,2.271,3.816,0.52,25
$GNSS,2024-10-11T18:37:35.200Z,34.7361675,-76.6586194,612.977,-16.20,7.92,7.73,2.271,3.815,0.53,25
$GNSS,2024-10-11T18:37:35.400Z,34.7361382,-76.6586030,611.445,-16.37,7.30,7.65,2.272,3.814,0.54,25
$GNSS,2024-10-11T18:37:35.600Z,34.7361081,-76.6585879,609.915,-16.93,6.59,7.71,2.272,3.812,0.53,25
$GNSS,2024-10-11T18:37:35.800Z,34.7360774,-76.6585741,608.327,-17.21,6.07,7.76,2.270,3.810,0.54,25
$GNSS,2024-10-11T18:37:36.000Z,34.7360462,-76.6585614,606.690,-17.47,5.49,7.85,2.268,3.808,0.54,25
$GNSS,2024-10-11T18:37:36.200Z,34.7360146,-76.6585497,605.030,-17.72,5.12,8.00,2.267,3.807,0.54,25
$GNSS,2024-10-11T18:37:36.400Z,34.7359823,-76.6585389,603.403,-18.06,4.79,8.05,2.265,3.805,0.55,25
$GNSS,2024-10-11T18:37:36.600Z,34.7359501,-76.6585284,601.800,-17.88,4.71,7.62,2.263,3.804,0.53,25
$GNSS,2024-10-11T18:37:36.800Z,34.7359178,-76.6585181,600.238,-18.00,4.72,7.61,2.260,3.803,0.53,25
$GNSS,2024-10-11T18:37:37.000Z,34.7358853,-76.6585074,598.729,-17.99,5.08,7.39,2.258,3.801,0.51,25
$GNSS,2024-10-11T18:37:37.200Z,34.7358529,-76.6584964,597.314,-17.85,5.21,7.51,2.256,3.799,0.51,25
$GNSS,2024-10-11T18:37:37.400Z,34.7358206,-76.6584846,595.835,-17.82,5.63,7.55,2.255,3.795,0.49,25
$GNSS,2024-10-11T18:37:37.600Z,34.7357887,-76.6584719,594.351,-17.52,6.13,7.61,2.252,3.790,0.48,25
$GNSS,2024-10-11T18:37:37.800Z,34.7357572,-76.6584579,592.861,-17.27,6.70,7.64,2.250,3.785,0.48,25
$GNSS,2024-10-11T18:37:38.000Z,34.7357264,-76.6584428,591.374,-16.86,7.26,7.67,2.247,3.780,0.47,25
$GNSS,2024-10-11T18:37:38.200Z,34.7356963,-76.6584264,589.866,-16.43,7.85,7.83,2.244,3.776,0.47,25
$GNSS,2024-10-11T18:37:38.400Z,34.7356672,-76.6584085,588.337,-15.84,8.59,7.88,2.242,3.771,0.47,25
$GNSS,2024-10-11T18:37:38.600Z,34.7356391,-76.6583888,586.694,-15.29,9.32,8.00,2.239,3.766,0.46,25
$GNSS,2024-10-11T18:37:38.800Z,34.7356119,-76.6583677,585.146,-14.80,10.10,8.13,2.235,3.760,0.48,25
$GNSS,2024-10-11T18:37:39.000Z,34.7355855,-76.6583455,583.630,-14.34,10.40,7.94,2.231,3.754,0.48,25
$GNSS,2024-10-11T18:37:39.200Z,34.7355606,-76.6583221,582.030,-13.40,11.07,7.97,2.228,3.749,0.49,25
$GNSS,2024-10-11T18:37:39.400Z,34.7355371,-76.6582970,580.376,-12.73,11.86,8.16,2.225,3.743,0.48,25
$GNSS,2024-10-11T18:37:39.600Z,34.7355151,-76.6582703,578.764,-11.74,12.59,7.99,2.221,3.737,0.49,25
$GNSS,2024-10-11T18:37:39.800Z,34.7354948,-76.6582424,577.090,-10.77,12.89,8.23,2.219,3.731,0.49,25
$GNSS,2024-10-11T18:37:40.000Z,34.7354762,-76.6582137,575.401,-9.98,13.47,8.46,2.216,3.725,0.49,25
$GNSS,2024-10-11T18:37:40.200Z,34.7354591,-76.6581836,573.721,-8.99,14.12,8.32,2.215,3.721,0.50,25
$GNSS,2024-10-11T18:37:40.400Z,34.7354441,-76.6581518,571.996,-7.87,14.70,7.90,2.214,3.717,0.50,25
$GNSS,2024-10-11T18:37:40.600Z,34.7354311,-76.6581191,570.348,-6.67,15.06,7.90,2.214,3.713,0.49,25
$GNSS,2024-10-11T18:37:40.800Z,34.7354201,-76.6580858,568.737,-5.55,15.41,7.81,2.212,3.708,0.50,26
$GNSS,2024-10-11T18:37:41.000Z,34.7354109,-76.6580519,567.203,-4.68,15.70,7.57,2.210,3.702,0.50,26
$GNSS,2024-10-11T18:37:41.200Z,34.7354035,-76.6580174,565.694,-3.66,15.79,7.26,2.208,3.697,0.50,26
$GNSS,2024-10-11T18:37:41.400Z,34.7353979,-76.6579831,564.277,-2.62,15.80,7.09,2.206,3.692,0.49,26
$GNSS,2024-10-11T18:37:41.600Z,34.7353940,-76.6579485,562.876,-1.69,15.87,6.91,2.205,3.687,0.49,26
$GNSS,2024-10-11T18:37:41.800Z,34.7353914,-76.6579142,561.577,-1.16,15.78,6.55,2.203,3.683,0.50,26
$GNSS,2024-10-11T18:37:42.000Z,34.7353899,-76.6578800,560.365,-0.38,15.70,6.00,2.201,3.677,0.49,26
$GNSS,2024-10-11T18:37:42.200Z,34.7353899,-76.6578459,559.290,0.36,15.67,5.33,2.199,3.671,0.49,26
$GNSS,2024-10-11T18:37:42.400Z,34.7353911,-76.6578120,558.308,1.01,15.50,4.87,2.197,3.666,0.49,26
$GNSS,2024-10-11T18:37:42.600Z,34.7353933,-76.6577786,557.487,1.50,15.29,4.25,2.194,3.660,0.48,26
$GNSS,2024-10-11T18:37:42.800Z,34.7353962,-76.6577456,556.793,1.74,15.10,3.48,2.192,3.656,0.48,26
$GNSS,2024-10-11T18:37:43.000Z,34.7353998,-76.6577134,556.218,2.32,14.53,2.88,2.190,3.652,0.48,26
$GNSS,2024-10-11T18:37:43.200Z,34.7354039,-76.6576826,555.793,2.47,14.06,2.52,2.188,3.648,0.48,26
$GNSS,2024-10-11T18:37:43.400Z,34.7354082,-76.6576524,555.418,2.38,13.80,2.10,2.186,3.645,0.48,26
$GNSS,2024-10-11T18:37:43.600Z,34.7354123,-76.6576230,555.187,2.40,13.48,1.46,2.185,3.642,0.48,25
$GNSS,2024-10-11T18:37:43.800Z,34.7354164,-76.6575943,555.010,2.23,13.03,0.93,2.183,3.641,0.48,25
$GNSS,2024-10-11T18:37:44.000Z,34.7354201,-76.6575667,554.884,2.10,12.47,0.51,2.181,3.639,0.48,25
$GNSS,2024-10-11T18:37:44.200Z,34.7354235,-76.6575402,554.850,1.90,12.04,0.44,2.179,3.638,0.48,25
$GNSS,2024-10-11T18:37:44.400Z,34.7354265,-76.6575143,554.871,1.60,11.88,0.14,2.177,3.637,0.48,25
$GNSS,2024-10-11T18:37:44.600Z,34.7354286,-76.6574891,554.933,0.89,11.36,-0.13,2.175,3.637,0.48,25
$GNSS,2024-10-11T18:37:44.800Z,34.7354297,-76.6574649,555.034,0.49,10.94,-0.43,2.173,3.637,0.48,25
$GNSS,2024-10-11T18:37:45.000Z,34.7354299,-76.6574419,555.249,-0.04,10.40,-0.75,2.171,3.637,0.48,25
$GNSS,2024-10-11T18:37:45.200Z,34.7354292,-76.6574197,555.448,-0.57,9.98,-0.87,2.169,3.637,0.48,25
$GNSS,2024-10-11T18:37:45.400Z,34.7354277,-76.6573982,555.685,-0.99,9.79,-0.91,2.167,3.637,0.48,25
$GNSS,2024-10-11T18:37:45.600Z,34.7354253,-76.6573776,555.964,-1.44,9.28,-0.99,2.165,3.637,0.48,25
$GNSS,2024-10-11T18:37:45.800Z,34.7354222,-76.6573580,556.245,-1.84,8.89,-0.85,2.163,3.638,0.49,25
$GNSS,2024-10-11T18:37:46.000Z,34.7354184,-76.6573391,556.512,-2.12,8.60,-0.74,2.161,3.638,0.50,25
$GNSS,2024-10-11T18:37:46.200Z,34.7354142,-76.6573208,556.673,-2.38,8.28,-0.52,2.160,3.639,0.50,25
$GNSS,2024-10-11T18:37:46.400Z,34.7354095,-76.6573030,556.771,-2.60,8.07,-0.18,2.158,3.641,0.50,25
$GNSS,2024-10-11T18:37:46.600Z,34.7354046,-76.6572854,556.778,-2.68,8.04,0.18,2.156,3.642,0.50,25
$GNSS,2024-10-11T18:37:46.800Z,34.7353995,-76.6572678,556.729,-2.77,8.04,0.46,2.154,3.644,0.51,25
$GNSS,2024-10-11T18:37:47.000Z,34.7353941,-76.6572504,556.632,-2.97,7.91,0.82,2.153,3.645,0.52,26
$GNSS,2024-10-11T18:37:47.200Z,34.7353886,-76.6572332,556.557,-2.89,7.97,1.14,2.152,3.645,0.51,26
$GNSS,2024-10-11T18:37:47.400Z,34.7353831,-76.6572158,556.400,-3.06,7.99,1.27,2.150,3.646,0.52,26
$GNSS,2024-10-11T18:37:47.600Z,34.7353775,-76.6571983,556.202,-2.94,8.06,1.64,2.149,3.647,0.52,26
$GNSS,2024-10-11T18:37:47.800Z,34.7353719,-76.6571807,555.943,-3.09,8.13,1.94,2.148,3.647,0.52,26
$GNSS,2024-10-11T18:37:48.000Z,34.7353665,-76.6571627,555.518,-2.90,8.23,2.33,2.147,3.646,0.52,26
$GNSS,2024-10-11T18:37:48.200Z,34.7353613,-76.6571447,555.092,-2.81,8.23,2.48,2.146,3.646,0.52,26
$GNSS,2024-10-11T18:37:48.400Z,34.7353561,-76.6571266,554.636,-2.86,8.36,2.50,2.145,3.645,0.52,26
$GNSS,2024-10-11T18:37:48.600Z,34.7353510,-76.6571084,554.248,-2.69,8.38,2.52,2.144,3.643,0.51,26
$GNSS,2024-10-11T18:37:48.800Z,34.7353460,-76.6570900,553.804,-2.79,8.50,2.55,2.142,3.642,0.51,26
$GNSS,2024-10-11T18:37:49.000Z,34.7353408,-76.6570716,553.360,-2.75,8.37,2.62,2.141,3.641,0.51,25
$GNSS,2024-10-11T18:37:49.200Z,34.7353357,-76.6570534,552.910,-2.88,8.35,2.57,2.140,3.641,0.50,25
$GNSS,2024-10-11T18:37:49.400Z,34.7353303,-76.6570349,552.394,-3.04,8.35,2.43,2.139,3.639,0.50,25
$GNSS,2024-10-11T18:37:49.600Z,34.7353248,-76.6570163,551.993,-3.06,8.61,2.16,2.137,3.638,0.50,25
$GNSS,2024-10-11T18:37:49.800Z,34.7353189,-76.6569975,551.638,-3.26,8.61,2.18,2.136,3.637,0.50,25
$GNSS,2024-10-11T18:37:50.000Z,34.7353129,-76.6569786,551.297,-3.32,8.64,1.99,2.135,3.636,0.50,25
$GNSS,2024-10-11T18:37:50.200Z,34.7353067,-76.6569595,550.925,-3.61,8.72,1.89,2.134,3.635,0.51,25
$GNSS,2024-10-11T18:37:50.400Z,34.7352999,-76.6569404,550.536,-3.93,8.61,1.83,2.132,3.635,0.50,25
$GNSS,2024-10-11T18:37:50.600Z,34.7352928,-76.6569209,550.074,-4.09,8.78,1.75,2.131,3.634,0.50,26
$GNSS,2024-10-11T18:37:50.800Z,34.7352853,-76.6569016,549.630,-4.35,8.67,2.01,2.129,3.632,0.50,26
$GNSS,2024-10-11T18:37:51.000Z,34.7352773,-76.6568825,549.280,-4.47,8.75,1.96,2.127,3.628,0.49,26
$GNSS,2024-10-11T18:37:51.200Z,34.7352693,-76.6568629,548.883,-4.48,8.96,1.85,2.125,3.626,0.50,25
$GNSS,2024-10-11T18:37:51.400Z,34.7352607,-76.6568438,548.565,-4.94,8.55,1.97,2.121,3.620,0.47,25
$GNSS,2024-10-11T18:37:51.600Z,34.7352515,-76.6568251,548.204,-5.15,8.44,1.93,2.118,3.614,0.47,25
$GNSS,2024-10-11T18:37:51.800Z,34.7352421,-76.6568066,547.893,-5.25,8.33,1.82,2.114,3.607,0.46,25
$GNSS,2024-10-11T18:37:52.000Z,34.7352327,-76.6567883,547.594,-5.15,8.37,1.85,2.111,3.600,0.47,25
$GNSS,2024-10-11T18:37:52.200Z,34.7352235,-76.6567699,547.296,-5.05,8.35,1.96,2.107,3.594,0.48,25
$GNSS,2024-10-11T18:37:52.400Z,34.7352145,-76.6567516,546.979,-4.89,8.36,1.88,2.105,3.588,0.50,25
$GNSS,2024-10-11T18:37:52.600Z,34.7352058,-76.6567337,546.768,-4.68,8.29,1.86,2.101,3.580,0.48,26
$GNSS,2024-10-11T18:37:52.800Z,34.7351974,-76.6567156,546.575,-4.44,8.42,1.85,2.098,3.573,0.49,26
$GNSS,2024-10-11T18:37:53.000Z,34.7351898,-76.6566977,546.316,-4.01,8.11,1.95,2.095,3.566,0.48,26
$GNSS,2024-10-11T18:37:53.200Z,34.7351829,-76.6566800,546.074,-3.62,8.18,2.10,2.093,3.560,0.48,26
$GNSS,2024-10-11T18:37:53.400Z,34.7351767,-76.6566623,545.762,-3.30,8.09,2.14,2.090,3.554,0.48,26
$GNSS,2024-10-11T18:37:53.600Z,34.7351712,-76.6566446,545.474,-2.83,8.15,2.19,2.088,3.548,0.49,26
$GNSS,2024-10-11T18:37:53.800Z,34.7351663,-76.6566269,545.139,-2.60,8.08,2.32,2.085,3.542,0.49,26
$GNSS,2024-10-11T18:37:54.000Z,34.7351618,-76.6566091,544.807,-2.33,8.18,2.30,2.082,3.536,0.50,26
$GNSS,2024-10-11T18:37:54.200Z,34.7351580,-76.6565914,544.473,-1.84,8.05,2.31,2.079,3.530,0.50,26
$GNSS,2024-10-11T18:37:54.400Z,34.7351547,-76.6565737,544.096,-1.71,8.07,2.44,2.077,3.526,0.52,26
$GNSS,2024-10-11T18:37:54.600Z,34.7351518,-76.6565560,543.661,-1.47,8.08,2.50,2.074,3.523,0.54,26
$GNSS,2024-10-11T18:37:54.800Z,34.7351492,-76.6565382,543.280,-1.31,8.12,2.43,2.072,3.519,0.53,26
$GNSS,2024-10-11T18:37:55.000Z,34.7351470,-76.6565206,542.885,-1.09,8.00,2.39,2.069,3.515,0.51,26
$GNSS,2024-10-11T18:37:55.200Z,34.7351450,-76.6565031,542.513,-0.96,8.04,2.33,2.066,3.511,0.51,26
$GNSS,2024-10-11T18:37:55.400Z,34.7351432,-76.6564854,542.169,-0.85,8.10,2.22,2.063,3.506,0.51,26
$GNSS,2024-10-11T18:37:55.600Z,34.7351416,-76.6564678,541.801,-0.83,7.95,2.12,2.060,3.502,0.51,26
$GNSS,2024-10-11T18:37:55.800Z,34.7351401,-76.6564504,541.461,-0.69,7.95,2.15,2.058,3.498,0.52,26
$GNSS,2024-10-11T18:37:56.000Z,34.7351389,-76.6564330,541.146,-0.51,7.93,2.16,2.055,3.494,0.52,26
$GNSS,2024-10-11T18:37:56.200Z,34.7351378,-76.6564156,540.847,-0.41,7.94,2.04,2.052,3.491,0.51,26
$GNSS,2024-10-11T18:37:56.400Z,34.7351372,-76.6563984,540.518,-0.16,7.80,2.15,2.049,3.487,0.52,26
$GNSS,2024-10-11T18:37:56.600Z,34.7351370,-76.6563813,540.153,-0.07,7.77,2.04,2.046,3.482,0.52,26
$GNSS,2024-10-11T18:37:56.800Z,34.7351368,-76.6563643,539.871,-0.02,7.73,1.96,2.043,3.478,0.51,26
$GNSS,2024-10-11T18:37:57.000Z,34.7351369,-76.6563473,539.598,0.31,7.74,2.06,2.040,3.473,0.52,26
$GNSS,2024-10-11T18:37:57.200Z,34.7351376,-76.6563307,539.271,0.53,7.49,2.09,2.037,3.471,0.54,25
$GNSS,2024-10-11T18:37:57.400Z,34.7351388,-76.6563146,538.906,0.80,7.38,2.21,2.035,3.468,0.54,25
$GNSS,2024-10-11T18:37:57.600Z,34.7351402,-76.6562984,538.614,1.01,7.34,2.22,2.032,3.463,0.51,26
$GNSS,2024-10-11T18:37:57.800Z,34.7351421,-76.6562823,538.290,1.33,7.28,2.31,2.029,3.458,0.50,26
$GNSS,2024-10-11T18:37:58.000Z,34.7351445,-76.6562665,537.961,1.51,7.09,2.26,2.025,3.454,0.50,26
$GNSS,2024-10-11T18:37:58.200Z,34.7351474,-76.6562509,537.583,1.79,7.01,2.34,2.022,3.449,0.49,26
$GNSS,2024-10-11T18:37:58.400Z,34.7351507,-76.6562360,537.262,2.12,6.65,2.27,2.018,3.444,0.48,26
$GNSS,2024-10-11T18:37:58.600Z,34.7351548,-76.6562215,536.917,2.51,6.45,2.23,2.014,3.439,0.48,26
$GNSS,2024-10-11T18:37:58.800Z,34.7351594,-76.6562077,536.562,2.70,6.12,2.12,2.010,3.434,0.48,26
$GNSS,2024-10-11T18:37:59.000Z,34.7351645,-76.6561941,536.185,3.03,6.16,2.21,2.007,3.429,0.48,26
$GNSS,2024-10-11T18:37:59.200Z,34.7351701,-76.6561806,535.763,3.17,6.06,2.27,2.004,3.425,0.49,26
$GNSS,2024-10-11T18:37:59.400Z,34.7351761,-76.6561675,535.355,3.41,5.77,2.21,2.002,3.422,0.49,26
$GNSS,2024-10-11T18:37:59.600Z,34.7351827,-76.6561554,534.908,3.76,5.33,2.33,2.001,3.421,0.53,26
$GNSS,2024-10-11T18:37:59.800Z,34.7351898,-76.6561438,534.440,4.01,5.27,2.58,2.000,3.420,0.53,26
$GNSS,2024-10-11T18:38:00.000Z,34.7351974,-76.6561325,533.877,4.28,4.98,2.99,2.000,3.418,0.53,26
$GNSS,2024-10-11T18:38:00.200Z,34.7352055,-76.6561218,533.251,4.59,4.81,3.47,1.998,3.415,0.53,26
$GNSS,2024-10-11T18:38:00.400Z,34.7352143,-76.6561112,532.464,4.88,4.80,3.78,1.997,3.412,0.55,26
$GNSS,2024-10-11T18:38:00.600Z,34.7352236,-76.6561006,531.609,5.16,4.70,4.11,1.995,3.410,0.55,26
$GNSS,2024-10-11T18:38:00.800Z,34.7352334,-76.6560902,530.698,5.51,4.74,4.47,1.994,3.407,0.55,26
$GNSS,2024-10-11T18:38:01.000Z,34.7352438,-76.6560797,529.748,5.75,4.79,4.53,1.992,3.405,0.56,26
$GNSS,2024-10-11T18:38:01.200Z,34.7352546,-76.6560695,528.847,5.96,4.58,4.38,1.990,3.403,0.56,26
$GNSS,2024-10-11T18:38:01.400Z,34.7352659,-76.6560596,527.932,6.33,4.48,4.18,1.988,3.400,0.55,26
$GNSS,2024-10-11T18:38:01.600Z,34.7352778,-76.6560500,527.103,6.58,4.34,3.86,1.986,3.397,0.55,26
$GNSS,2024-10-11T18:38:01.800Z,34.7352899,-76.6560407,526.392,6.76,4.21,3.39,1.984,3.395,0.54,26
$GNSS,2024-10-11T18:38:02.000Z,34.7353025,-76.6560318,525.769,7.03,4.09,3.10,1.982,3.393,0.54,26
$GNSS,2024-10-11T18:38:02.200Z,34.7353153,-76.6560231,525.246,7.01,4.00,2.74,1.981,3.390,0.53,26
$GNSS,2024-10-11T18:38:02.400Z,34.7353280,-76.6560149,524.771,6.99,3.67,2.47,1.979,3.388,0.53,26
$GNSS,2024-10-11T18:38:02.600Z,34.7353408,-76.6560072,524.341,7.00,3.55,2.19,1.977,3.385,0.52,26
$GNSS,2024-10-11T18:38:02.800Z,34.7353532,-76.6559997,524.003,6.71,3.53,2.04,1.975,3.382,0.53,26
$GNSS,2024-10-11T18:38:03.000Z,34.7353651,-76.6559922,523.647,6.40,3.40,1.93,1.974,3.378,0.53,26
$GNSS,2024-10-11T18:38:03.200Z,34.7353768,-76.6559851,523.292,6.44,3.28,2.18,1.973,3.377,0.56,26
$GNSS,2024-10-11T18:38:03.400Z,34.7353882,-76.6559781,522.907,6.18,3.22,2.30,1.974,3.377,0.59,26
$GNSS,2024-10-11T18:38:03.600Z,34.7353991,-76.6559711,522.567,6.02,3.37,2.24,1.976,3.377,0.57,26
$GNSS,2024-10-11T18:38:03.800Z,34.7354097,-76.6559634,522.322,5.85,3.78,2.08,1.977,3.377,0.56,26
$GNSS,2024-10-11T18:38:04.000Z,34.7354197,-76.6559548,522.003,5.39,4.21,2.22,1.978,3.376,0.56,26
$GNSS,2024-10-11T18:38:04.200Z,34.7354289,-76.6559453,521.616,5.00,4.57,2.43,1.980,3.377,0.55,26
$GNSS,2024-10-11T18:38:04.400Z,34.7354373,-76.6559346,521.192,4.58,5.19,2.80,1.981,3.378,0.54,26
$GNSS,2024-10-11T18:38:04.600Z,34.7354449,-76.6559227,520.704,3.97,5.74,3.08,1.982,3.378,0.52,26
$GNSS,2024-10-11T18:38:04.800Z,34.7354513,-76.6559097,520.114,3.24,6.20,3.46,1.981,3.376,0.49,26
$GNSS,2024-10-11T18:38:05.000Z,34.7354564,-76.6558955,519.563,2.65,6.91,3.58,1.980,3.374,0.49,26
$GNSS,2024-10-11T18:38:05.200Z,34.7354601,-76.6558797,518.835,1.51,7.54,3.81,1.979,3.372,0.46,26
$GNSS,2024-10-11T18:38:05.400Z,34.7354619,-76.6558627,518.082,0.68,8.09,4.13,1.978,3.373,0.47,26
$GNSS,2024-10-11T18:38:05.600Z,34.7354621,-76.6558446,517.260,-0.33,8.53,4.40,1.977,3.374,0.48,26
$GNSS,2024-10-11T18:38:05.800Z,34.7354605,-76.6558257,516.376,-1.42,8.91,4.62,1.976,3.374,0.47,26
$GNSS,2024-10-11T18:38:06.000Z,34.7354567,-76.6558061,515.426,-2.69,9.07,4.80,1.974,3.374,0.45,26
$GNSS,2024-10-11T18:38:06.200Z,34.7354505,-76.6557861,514.394,-4.18,9.27,5.11,1.973,3.374,0.45,26
$GNSS,2024-10-11T18:38:06.400Z,34.7354415,-76.6557665,513.384,-5.65,8.92,5.38,1.972,3.374,0.46,26
$GNSS,2024-10-11T18:38:06.600Z,34.7354299,-76.6557473,512.219,-7.18,8.71,5.73,1.971,3.374,0.46,26
$GNSS,2024-10-11T18:38:06.800Z,34.7354157,-76.6557290,510.977,-8.47,8.09,6.23,1.971,3.372,0.48,26
$GNSS,2024-10-11T18:38:07.000Z,34.7353990,-76.6557124,509.587,-9.94,7.20,6.84,1.971,3.369,0.48,26
$GNSS,2024-10-11T18:38:07.200Z,34.7353799,-76.6556980,508.120,-11.12,6.11,7.34,1.972,3.365,0.49,26
$GNSS,2024-10-11T18:38:07.400Z,34.7353591,-76.6556858,506.458,-11.93,4.91,7.88,1.974,3.362,0.49,26
$GNSS,2024-10-11T18:38:07.600Z,34.7353365,-76.6556760,504.653,-13.11,3.74,8.31,1.976,3.360,0.50,26
$GNSS,2024-10-11T18:38:07.800Z,34.7353118,-76.6556698,502.809,-14.13,1.88,8.78,1.978,3.359,0.51,26
$GNSS,2024-10-11T18:38:08.000Z,34.7352856,-76.6556682,501.059,-14.71,-0.11,9.04,1.979,3.358,0.51,27
$GNSS,2024-10-11T18:38:08.200Z,34.7352588,-76.6556710,499.216,-14.98,-2.28,9.01,1.981,3.356,0.52,27
$GNSS,2024-10-11T18:38:08.400Z,34.7352316,-76.6556784,497.437,-15.06,-4.27,8.94,1.982,3.354,0.52,27
$GNSS,2024-10-11T18:38:08.600Z,34.7352045,-76.6556899,495.735,-14.89,-6.00,8.62,1.983,3.353,0.53,27
$GNSS,2024-10-11T18:38:08.800Z,34.7351778,-76.6557051,494.126,-14.58,-7.64,8.14,1.985,3.353,0.52,27
$GNSS,2024-10-11T18:38:09.000Z,34.7351520,-76.6557233,492.562,-13.96,-8.93,7.54,1.986,3.352,0.51,27
$GNSS,2024-10-11T18:38:09.200Z,34.7351276,-76.6557442,491.104,-13.12,-10.15,6.97,1.986,3.351,0.50,27
$GNSS,2024-10-11T18:38:09.400Z,34.7351046,-76.6557677,489.821,-12.32,-11.22,6.28,1.987,3.349,0.50,27
$GNSS,2024-10-11T18:38:09.600Z,34.7350832,-76.6557929,488.622,-11.44,-11.91,5.61,1.988,3.348,0.52,27
$GNSS,2024-10-11T18:38:09.800Z,34.7350632,-76.6558193,487.574,-10.64,-12.39,4.90,1.989,3.346,0.51,27
$GNSS,2024-10-11T18:38:10.000Z,34.7350448,-76.6558472,486.667,-9.74,-13.21,4.26,1.990,3.345,0.52,27
$GNSS,2024-10-11T18:38:10.200Z,34.7350280,-76.6558762,485.929,-8.77,-13.38,3.46,1.992,3.346,0.49,27
$GNSS,2024-10-11T18:38:10.400Z,34.7350134,-76.6559055,485.272,-7.48,-13.66,3.05,1.993,3.347,0.52,27
$GNSS,2024-10-11T18:38:10.600Z,34.7350008,-76.6559354,484.742,-6.51,-13.82,2.62,1.995,3.349,0.52,27
$GNSS,2024-10-11T18:38:10.800Z,34.7349899,-76.6559654,484.280,-5.51,-13.75,2.33,1.996,3.351,0.54,27
$GNSS,2024-10-11T18:38:11.000Z,34.7349810,-76.6559943,483.830,-4.35,-13.15,2.03,1.998,3.353,0.53,27
$GNSS,2024-10-11T18:38:11.200Z,34.7349744,-76.6560221,483.444,-2.94,-12.65,1.99,1.999,3.354,0.50,27
$GNSS,2024-10-11T18:38:11.400Z,34.7349699,-76.6560489,483.071,-2.07,-12.15,1.98,1.999,3.355,0.49,27
$GNSS,2024-10-11T18:38:11.600Z,34.7349675,-76.6560745,482.653,-0.67,-11.72,2.32,2.000,3.355,0.47,27
$GNSS,2024-10-11T18:38:11.800Z,34.7349669,-76.6560985,482.098,0.02,-10.74,2.63,2.001,3.355,0.44,27
$GNSS,2024-10-11T18:38:12.000Z,34.7349681,-76.6561206,481.428,1.12,-9.95,3.03,2.001,3.354,0.42,27
$GNSS,2024-10-11T18:38:12.200Z,34.7349711,-76.6561410,480.759,2.09,-9.10,3.51,2.000,3.351,0.40,27
$GNSS,2024-10-11T18:38:12.400Z,34.7349759,-76.6561595,480.018,3.19,-8.07,3.76,1.999,3.347,0.40,27
$GNSS,2024-10-11T18:38:12.600Z,34.7349823,-76.6561761,479.325,3.90,-7.23,3.81,1.998,3.343,0.41,27
$GNSS,2024-10-11T18:38:12.800Z,34.7349900,-76.6561907,478.584,4.51,-6.30,3.78,1.996,3.339,0.43,27
$GNSS,2024-10-11T18:38:13.000Z,34.7349988,-76.6562032,477.799,5.12,-5.33,3.92,1.995,3.335,0.45,27
$GNSS,2024-10-11T18:38:13.200Z,34.7350085,-76.6562139,477.032,5.66,-4.53,4.09,1.994,3.331,0.46,27
$GNSS,2024-10-11T18:38:13.400Z,34.7350192,-76.6562228,476.248,6.13,-3.64,4.28,1.992,3.327,0.47,27
$GNSS,2024-10-11T18:38:13.600Z,34.7350307,-76.6562298,475.343,6.44,-2.91,4.39,1.991,3.322,0.47,27
$GNSS,2024-10-11T18:38:13.800Z,34.7350428,-76.6562352,474.539,6.85,-2.09,4.37,1.989,3.317,0.49,27
$GNSS,2024-10-11T18:38:14.000Z,34.7350550,-76.6562391,473.691,6.61,-1.47,4.23,1.987,3.311,0.50,27
$GNSS,2024-10-11T18:38:14.200Z,34.7350676,-76.6562408,472.726,7.02,-0.38,4.50,1.985,3.309,0.53,27
$GNSS,2024-10-11T18:38:14.400Z,34.7350804,-76.6562419,471.719,7.04,-0.70,4.59,1.985,3.308,0.54,27
$GNSS,2024-10-11T18:38:14.600Z,34.7350933,-76.6562425,470.777,7.22,0.03,4.81,1.985,3.308,0.55,27
$GNSS,2024-10-11T18:38:14.800Z,34.7351066,-76.6562419,469.801,7.35,0.38,4.92,1.987,3.308,0.55,27
$GNSS,2024-10-11T18:38:15.000Z,34.7351198,-76.6562411,468.734,7.23,0.31,5.18,1.987,3.307,0.55,27
$GNSS,2024-10-11T18:38:15.200Z,34.7351331,-76.6562397,467.670,7.43,0.97,5.73,1.987,3.304,0.55,27
$GNSS,2024-10-11T18:38:15.400Z,34.7351468,-76.6562373,466.484,7.62,1.18,6.06,1.986,3.301,0.55,27
$GNSS,2024-10-11T18:38:15.600Z,34.7351606,-76.6562342,465.245,7.54,1.49,6.38,1.984,3.298,0.56,27
$GNSS,2024-10-11T18:38:15.800Z,34.7351745,-76.6562307,463.926,7.78,1.72,6.82,1.983,3.294,0.56,27
$GNSS,2024-10-11T18:38:16.000Z,34.7351889,-76.6562268,462.487,8.01,1.85,7.31,1.981,3.291,0.57,27
$GNSS,2024-10-11T18:38:16.200Z,34.7352037,-76.6562227,460.947,8.15,1.88,7.66,1.980,3.289,0.57,27
$GNSS,2024-10-11T18:38:16.400Z,34.7352190,-76.6562187,459.352,8.49,1.76,7.84,1.978,3.285,0.56,27
$GNSS,2024-10-11T18:38:16.600Z,34.7352345,-76.6562149,457.720,8.55,1.76,8.29,1.976,3.282,0.56,27
$GNSS,2024-10-11T18:38:16.800Z,34.7352504,-76.6562110,456.064,8.93,1.79,8.50,1.974,3.279,0.55,27
$GNSS,2024-10-11T18:38:17.000Z,34.7352667,-76.6562068,454.408,9.11,2.06,8.53,1.972,3.275,0.56,27
$GNSS,2024-10-11T18:38:17.200Z,34.7352835,-76.6562024,452.730,9.34,2.00,8.25,1.970,3.272,0.54,27
$GNSS,2024-10-11T18:38:17.400Z,34.7353008,-76.6561984,451.176,9.66,1.71,7.78,1.968,3.269,0.53,27
$GNSS,2024-10-11T18:38:17.600Z,34.7353185,-76.6561944,449.645,9.88,1.91,7.52,1.967,3.265,0.53,27
$GNSS,2024-10-11T18:38:17.800Z,34.7353367,-76.6561904,448.224,10.12,1.79,6.66,1.966,3.261,0.51,27
$GNSS,2024-10-11T18:38:18.000Z,34.7353550,-76.6561865,447.071,10.15,1.95,5.58,1.966,3.259,0.53,27
$GNSS,2024-10-11T18:38:18.200Z,34.7353734,-76.6561822,446.071,10.23,2.05,4.82,1.967,3.256,0.52,27
$GNSS,2024-10-11T18:38:18.400Z,34.7353919,-76.6561776,445.150,10.14,2.19,4.30,1.969,3.253,0.53,27
$GNSS,2024-10-11T18:38:18.600Z,34.7354101,-76.6561719,444.317,9.94,2.92,4.00,1.971,3.251,0.54,27
$GNSS,2024-10-11T18:38:18.800Z,34.7354277,-76.6561647,443.437,9.40,3.39,3.72,1.974,3.249,0.54,27
$GNSS,2024-10-11T18:38:19.000Z,34.7354441,-76.6561564,442.689,8.79,4.11,3.46,1.977,3.251,0.53,27
$GNSS,2024-10-11T18:38:19.200Z,34.7354592,-76.6561460,441.970,8.03,5.24,3.67,1.980,3.253,0.56,27
$GNSS,2024-10-11T18:38:19.400Z,34.7354730,-76.6561332,441.171,7.32,6.29,3.91,1.984,3.255,0.58,27
$GNSS,2024-10-11T18:38:19.600Z,34.7354852,-76.6561184,440.368,6.32,7.19,4.38,1.988,3.257,0.58,27
$GNSS,2024-10-11T18:38:19.800Z,34.7354953,-76.6561016,439.457,5.07,8.07,4.93,1.991,3.261,0.59,27
$GNSS,2024-10-11T18:38:20.000Z,34.7355032,-76.6560833,438.387,3.85,8.58,5.46,1.992,3.264,0.55,27
$GNSS,2024-10-11T18:38:20.200Z,34.7355087,-76.6560640,437.275,2.45,9.26,6.21,1.993,3.265,0.52,27
$GNSS,2024-10-11T18:38:20.400Z,34.7355115,-76.6560431,435.893,0.81,9.81,7.10,1.993,3.264,0.49,27
$GNSS,2024-10-11T18:38:20.600Z,34.7355116,-76.6560216,434.274,-0.68,9.89,8.15,1.992,3.265,0.49,27
$GNSS,2024-10-11T18:38:20.800Z,34.7355083,-76.6560002,432.526,-2.62,9.87,9.01,1.992,3.264,0.48,28
$GNSS,2024-10-11T18:38:21.000Z,34.7355013,-76.6559794,430.538,-4.81,9.36,10.06,1.992,3.260,0.48,28
$GNSS,2024-10-11T18:38:21.200Z,34.7354909,-76.6559601,428.324,-6.47,8.48,11.03,1.991,3.254,0.48,28
$GNSS,2024-10-11T18:38:21.400Z,34.7354775,-76.6559425,425.877,-8.23,7.74,11.97,1.990,3.247,0.47,28
$GNSS,2024-10-11T18:38:21.600Z,34.7354612,-76.6559274,423.285,-9.73,6.32,12.74,1.989,3.239,0.47,28
$GNSS,2024-10-11T18:38:21.800Z,34.7354419,-76.6559150,420.579,-11.50,5.07,12.94,1.987,3.232,0.47,28
$GNSS,2024-10-11T18:38:22.000Z,34.7354197,-76.6559056,417.827,-13.01,3.56,13.06,1.986,3.225,0.46,28
$GNSS,2024-10-11T18:38:22.200Z,34.7353949,-76.6558999,415.132,-14.41,1.82,12.80,1.985,3.218,0.47,28
$GNSS,2024-10-11T18:38:22.400Z,34.7353678,-76.6558981,412.562,-15.54,0.09,12.32,1.984,3.211,0.47,28
$GNSS,2024-10-11T18:38:22.600Z,34.7353388,-76.6558998,410.122,-16.47,-1.41,11.68,1.982,3.205,0.48,28
$GNSS,2024-10-11T18:38:22.800Z,34.7353086,-76.6559047,407.905,-16.91,-2.79,10.90,1.981,3.199,0.49,28
$GNSS,2024-10-11T18:38:23.000Z,34.7352775,-76.6559122,405.882,-17.50,-3.75,9.83,1.980,3.194,0.50,28
$GNSS,2024-10-11T18:38:23.200Z,34.7352457,-76.6559223,404.058,-17.73,-5.11,8.92,1.980,3.190,0.53,28
$GNSS,2024-10-11T18:38:23.400Z,34.7352135,-76.6559340,402.468,-17.91,-5.17,7.92,1.980,3.187,0.50,28
$GNSS,2024-10-11T18:38:23.600Z,34.7351815,-76.6559464,401.073,-17.48,-5.72,7.01,1.979,3.184,0.51,28
$GNSS,2024-10-11T18:38:23.800Z,34.7351498,-76.6559595,399.813,-17.59,-5.97,5.99,1.979,3.181,0.53,28
$GNSS,2024-10-11T18:38:24.000Z,34.7351178,-76.6559727,398.658,-17.87,-5.80,5.62,1.980,3.179,0.55,28
$GNSS,2024-10-11T18:38:24.200Z,34.7350854,-76.6559858,397.667,-17.99,-5.91,5.03,1.980,3.175,0.55,28
$GNSS,2024-10-11T18:38:24.400Z,34.7350533,-76.6559987,396.794,-17.51,-5.65,4.30,1.982,3.173,0.57,28
$GNSS,2024-10-11T18:38:24.600Z,34.7350217,-76.6560111,396.088,-17.46,-5.45,3.26,1.984,3.170,0.59,28
$GNSS,2024-10-11T18:38:24.800Z,34.7349900,-76.6560224,395.491,-17.61,-4.86,2.69,1.986,3.165,0.57,28
$GNSS,2024-10-11T18:38:25.000Z,34.7349581,-76.6560322,395.027,-17.73,-3.98,2.26,1.988,3.162,0.58,28
$GNSS,2024-10-11T18:38:25.200Z,34.7349264,-76.6560392,394.546,-17.54,-2.39,2.23,1.989,3.158,0.54,28
$GNSS,2024-10-11T18:38:25.400Z,34.7348954,-76.6560431,394.083,-16.99,-1.10,2.41,1.990,3.154,0.55,28
$GNSS,2024-10-11T18:38:25.600Z,34.7348650,-76.6560445,393.596,-16.78,0.10,2.85,1.990,3.150,0.53,28
$GNSS,2024-10-11T18:38:25.800Z,34.7348353,-76.6560427,393.002,-16.17,1.50,3.12,1.991,3.150,0.53,28
$GNSS,2024-10-11T18:38:26.000Z,34.7348069,-76.6560377,392.236,-15.29,2.84,3.79,1.992,3.151,0.50,28
$GNSS,2024-10-11T18:38:26.200Z,34.7347801,-76.6560301,391.386,-14.38,4.18,4.76,1.992,3.151,0.47,28
$GNSS,2024-10-11T18:38:26.400Z,34.7347553,-76.6560192,390.250,-13.03,5.50,5.76,1.992,3.150,0.47,28
$GNSS,2024-10-11T18:38:26.600Z,34.7347331,-76.6560054,388.960,-11.48,6.97,6.86,1.990,3.148,0.47,28
$GNSS,2024-10-11T18:38:26.800Z,34.7347137,-76.6559891,387.451,-10.05,7.81,7.72,1.988,3.147,0.47,28
$GNSS,2024-10-11T18:38:27.000Z,34.7346971,-76.6559707,385.667,-8.42,8.59,8.84,1.987,3.145,0.48,28
$GNSS,2024-10-11T18:38:27.200Z,34.7346839,-76.6559511,383.784,-6.29,9.14,9.68,1.985,3.143,0.50,28
$GNSS,2024-10-11T18:38:27.400Z,34.7346746,-76.6559307,381.717,-4.15,9.37,10.56,1.983,3.141,0.52,28
$GNSS,2024-10-11T18:38:27.600Z,34.7346694,-76.6559098,379.494,-1.82,9.54,11.43,1.980,3.140,0.52,28
$GNSS,2024-10-11T18:38:27.800Z,34.7346679,-76.6558890,377.191,0.13,9.38,12.04,1.976,3.137,0.52,28
$GNSS,2024-10-11T18:38:28.000Z,34.7346702,-76.6558682,374.612,2.27,9.29,12.53,1.971,3.135,0.50,28
$GNSS,2024-10-11T18:38:28.200Z,34.7346758,-76.6558492,371.968,3.85,7.96,13.01,1.967,3.132,0.47,28
$GNSS,2024-10-11T18:38:28.400Z,34.7346844,-76.6558328,369.369,5.64,7.16,13.00,1.964,3.132,0.49,28
$GNSS,2024-10-11T18:38:28.600Z,34.7346964,-76.6558191,366.841,7.50,5.64,13.10,1.963,3.132,0.54,28
$GNSS,2024-10-11T18:38:28.800Z,34.7347115,-76.6558082,364.279,9.18,4.58,13.15,1.964,3.136,0.56,28
$GNSS,2024-10-11T18:38:29.000Z,34.7347292,-76.6557996,361.708,10.28,3.45,12.76,1.966,3.141,0.55,28
$GNSS,2024-10-11T18:38:29.200Z,34.7347491,-76.6557941,359.275,11.73,1.92,12.25,1.968,3.146,0.51,28
$GNSS,2024-10-11T18:38:29.400Z,34.7347707,-76.6557923,357.076,12.28,0.26,11.52,1.969,3.152,0.52,28
$GNSS,2024-10-11T18:38:29.600Z,34.7347939,-76.6557937,355.114,13.30,-1.06,10.42,1.969,3.158,0.55,28
$GNSS,2024-10-11T18:38:29.800Z,34.7348181,-76.6557976,353.386,13.69,-2.12,9.50,1.970,3.164,0.56,28
$GNSS,2024-10-11T18:38:30.000Z,34.7348434,-76.6558044,351.635,14.34,-3.75,8.46,1.970,3.170,0.57,28
$GNSS,2024-10-11T18:38:30.200Z,34.7348690,-76.6558140,350.090,14.17,-4.78,7.44,1.971,3.174,0.55,28
$GNSS,2024-10-11T18:38:30.400Z,34.7348946,-76.6558261,348.739,14.18,-6.01,6.22,1.972,3.179,0.56,28
$GNSS,2024-10-11T18:38:30.600Z,34.7349201,-76.6558402,347.586,14.14,-6.76,5.27,1.973,3.184,0.54,28
$GNSS,2024-10-11T18:38:30.800Z,34.7349455,-76.6558557,346.631,14.14,-7.22,4.49,1.974,3.188,0.52,28
$GNSS,2024-10-11T18:38:31.000Z,34.7349704,-76.6558722,345.812,13.60,-7.80,3.67,1.974,3.190,0.49,28
$GNSS,2024-10-11T18:38:31.200Z,34.7349951,-76.6558898,345.058,13.67,-8.16,3.13,1.974,3.191,0.53,28
$GNSS,2024-10-11T18:38:31.400Z,34.7350195,-76.6559071,344.378,13.34,-7.75,2.79,1.974,3.191,0.54,27
$GNSS,2024-10-11T18:38:31.600Z,34.7350432,-76.6559234,343.918,13.07,-7.18,2.41,1.974,3.192,0.53,28
$GNSS,2024-10-11T18:38:31.800Z,34.7350663,-76.6559382,343.490,12.74,-6.41,2.05,1.975,3.192,0.53,28
$GNSS,2024-10-11T18:38:32.000Z,34.7350890,-76.6559515,343.011,12.31,-5.70,2.06,1.976,3.189,0.47,28
$GNSS,2024-10-11T18:38:32.200Z,34.7351107,-76.6559628,342.607,11.83,-4.67,2.17,1.978,3.186,0.46,28
$GNSS,2024-10-11T18:38:32.400Z,34.7351315,-76.6559716,342.213,11.47,-3.49,2.32,1.978,3.183,0.45,28
$GNSS,2024-10-11T18:38:32.600Z,34.7351518,-76.6559783,341.742,11.11,-2.51,2.72,1.979,3.178,0.44,28
$GNSS,2024-10-11T18:38:32.800Z,34.7351715,-76.6559824,341.069,10.72,-1.34,3.58,1.980,3.175,0.47,28
$GNSS,2024-10-11T18:38:33.000Z,34.7351905,-76.6559842,340.228,10.25,-0.33,4.34,1.982,3.174,0.50,28
$GNSS,2024-10-11T18:38:33.200Z,34.7352084,-76.6559838,339.276,9.75,0.62,5.06,1.985,3.172,0.51,28
$GNSS,2024-10-11T18:38:33.400Z,34.7352257,-76.6559815,338.116,9.25,1.37,6.05,1.987,3.170,0.52,28
$GNSS,2024-10-11T18:38:33.600Z,34.7352422,-76.6559775,336.762,8.88,2.12,6.73,1.989,3.168,0.53,28
$GNSS,2024-10-11T18:38:33.800Z,34.7352581,-76.6559723,335.287,8.67,2.61,7.45,1.991,3.167,0.53,28
$GNSS,2024-10-11T18:38:34.000Z,34.7352734,-76.6559655,333.746,8.37,3.56,8.00,1.993,3.166,0.54,28
$GNSS,2024-10-11T18:38:34.200Z,34.7352883,-76.6559575,332.038,8.17,3.74,8.50,1.995,3.166,0.54,28
$GNSS,2024-10-11T18:38:34.400Z,34.7353029,-76.6559486,330.337,8.11,4.39,8.68,1.996,3.165,0.54,28
$GNSS,2024-10-11T18:38:34.600Z,34.7353173,-76.6559383,328.672,8.15,5.11,8.87,1.998,3.163,0.55,28
$GNSS,2024-10-11T18:38:34.800Z,34.7353317,-76.6559266,326.995,8.05,5.71,8.95,2.000,3.161,0.55,28
$GNSS,2024-10-11T18:38:35.000Z,34.7353460,-76.6559139,325.224,8.08,6.07,9.09,2.001,3.160,0.56,28
$GNSS,2024-10-11T18:38:35.200Z,34.7353604,-76.6559015,323.463,8.03,5.60,8.90,2.003,3.161,0.54,28
$GNSS,2024-10-11T18:38:35.400Z,34.7353750,-76.6558896,321.816,8.29,5.49,8.36,2.005,3.162,0.55,28
$GNSS,2024-10-11T18:38:35.600Z,34.7353901,-76.6558779,320.190,8.49,5.36,8.16,2.006,3.162,0.55,28
$GNSS,2024-10-11T18:38:35.800Z,34.7354055,-76.6558663,318.624,8.64,5.50,8.22,2.006,3.162,0.54,28
$GNSS,2024-10-11T18:38:36.000Z,34.7354209,-76.6558546,317.076,8.62,5.31,7.93,2.005,3.162,0.54,28
$GNSS,2024-10-11T18:38:36.200Z,34.7354368,-76.6558434,315.544,8.98,5.11,7.78,2.005,3.163,0.57,28
$GNSS,2024-10-11T18:38:36.400Z,34.7354530,-76.6558328,314.105,9.16,4.76,7.57,2.004,3.163,0.56,28
$GNSS,2024-10-11T18:38:36.600Z,34.7354699,-76.6558233,312.660,9.54,4.13,7.36,2.003,3.164,0.56,28
$GNSS,2024-10-11T18:38:36.800Z,34.7354871,-76.6558149,311.291,9.71,3.70,7.28,2.003,3.166,0.57,28
$GNSS,2024-10-11T18:38:37.000Z,34.7355048,-76.6558075,309.957,10.01,3.30,7.10,2.002,3.167,0.56,28
$GNSS,2024-10-11T18:38:37.200Z,34.7355227,-76.6558010,308.618,9.95,2.75,6.90,2.001,3.168,0.57,28
$GNSS,2024-10-11T18:38:37.400Z,34.7355408,-76.6557958,307.386,10.27,2.13,6.79,2.000,3.170,0.57,28
$GNSS,2024-10-11T18:38:37.600Z,34.7355593,-76.6557922,306.126,10.40,1.26,6.64,2.000,3.172,0.58,28
$GNSS,2024-10-11T18:38:37.800Z,34.7355781,-76.6557904,304.885,10.52,0.50,6.54,2.000,3.174,0.58,28
$GNSS,2024-10-11T18:38:38.000Z,34.7355972,-76.6557903,303.633,10.74,-0.39,6.48,2.001,3.176,0.61,28
$GNSS,2024-10-11T18:38:38.200Z,34.7356169,-76.6557923,302.281,10.88,-1.44,6.57,2.002,3.178,0.61,28
$GNSS,2024-10-11T18:38:38.400Z,34.7356366,-76.6557966,300.906,10.97,-2.54,6.84,2.004,3.180,0.61,28
$GNSS,2024-10-11T18:38:38.600Z,34.7356561,-76.6558030,299.607,10.81,-3.28,6.83,2.005,3.183,0.59,27
$GNSS,2024-10-11T18:38:38.800Z,34.7356752,-76.6558112,298.351,10.59,-4.14,6.80,2.008,3.186,0.58,27
$GNSS,2024-10-11T18:38:39.000Z,34.7356939,-76.6558218,297.050,10.37,-5.38,6.90,2.011,3.189,0.54,27
$GNSS,2024-10-11T18:38:39.200Z,34.7357123,-76.6558352,295.676,10.05,-6.76,7.00,2.014,3.192,0.50,27
$GNSS,2024-10-11T18:38:39.400Z,34.7357298,-76.6558510,294.228,9.50,-7.61,7.21,2.017,3.192,0.48,27
$GNSS,2024-10-11T18:38:39.600Z,34.7357461,-76.6558690,292.808,8.84,-8.80,7.45,2.018,3.189,0.45,27
$GNSS,2024-10-11T18:38:39.800Z,34.7357612,-76.6558894,291.287,8.03,-9.84,7.69,2.019,3.186,0.44,28
$GNSS,2024-10-11T18:38:40.000Z,34.7357745,-76.6559118,289.670,6.96,-10.79,8.02,2.019,3.183,0.42,28
$GNSS,2024-10-11T18:38:40.200Z,34.7357857,-76.6559370,288.032,5.76,-12.14,8.37,2.020,3.181,0.42,28
$GNSS,2024-10-11T18:38:40.400Z,34.7357949,-76.6559643,286.234,4.53,-12.97,8.96,2.021,3.179,0.44,28
$GNSS,2024-10-11T18:38:40.600Z,34.7358020,-76.6559933,284.293,3.33,-13.75,9.43,2.022,3.177,0.44,28
$GNSS,2024-10-11T18:38:40.800Z,34.7358063,-76.6560243,282.370,1.82,-14.58,9.80,2.023,3.178,0.43,28
$GNSS,2024-10-11T18:38:41.000Z,34.7358084,-76.6560565,280.296,0.64,-15.00,10.41,2.025,3.177,0.41,28
$GNSS,2024-10-11T18:38:41.200Z,34.7358077,-76.6560896,278.125,-1.21,-15.48,10.75,2.028,3.175,0.41,28
$GNSS,2024-10-11T18:38:41.400Z,34.7358038,-76.6561235,275.883,-2.91,-15.65,10.99,2.030,3.173,0.42,28
$GNSS,2024-10-11T18:38:41.600Z,34.7357966,-76.6561577,273.667,-4.79,-15.73,11.08,2.030,3.170,0.44,28
$GNSS,2024-10-11T18:38:41.800Z,34.7357859,-76.6561919,271.462,-6.69,-15.56,11.06,2.030,3.166,0.44,28
$GNSS,2024-10-11T18:38:42.000Z,34.7357722,-76.6562253,269.254,-8.24,-15.10,11.14,2.029,3.163,0.46,28
$GNSS,2024-10-11T18:38:42.200Z,34.7357554,-76.6562578,267.091,-10.10,-14.64,11.01,2.027,3.161,0.46,28
$GNSS,2024-10-11T18:38:42.400Z,34.7357359,-76.6562887,264.875,-11.35,-13.76,11.10,2.026,3.158,0.47,28
$GNSS,2024-10-11T18:38:42.600Z,34.7357141,-76.6563178,262.673,-12.67,-13.01,10.88,2.024,3.156,0.48,28
$GNSS,2024-10-11T18:38:42.800Z,34.7356899,-76.6563451,260.585,-13.88,-11.91,10.73,2.022,3.155,0.48,28
$GNSS,2024-10-11T18:38:43.000Z,34.7356638,-76.6563700,258.555,-14.90,-10.78,10.56,2.020,3.153,0.48,28
$GNSS,2024-10-11T18:38:43.200Z,34.7356358,-76.6563928,256.592,-15.93,-9.84,10.39,2.018,3.153,0.49,28
$GNSS,2024-10-11T18:38:43.400Z,34.7356062,-76.6564129,254.529,-16.71,-8.62,10.36,2.017,3.154,0.50,28
$GNSS,2024-10-11T18:38:43.600Z,34.7355752,-76.6564305,252.578,-17.54,-7.27,10.10,2.016,3.156,0.51,28
$GNSS,2024-10-11T18:38:43.800Z,34.7355427,-76.6564450,250.604,-18.35,-5.98,9.93,2.016,3.158,0.52,28
$GNSS,2024-10-11T18:38:44.000Z,34.7355094,-76.6564570,248.689,-18.54,-4.97,9.75,2.016,3.158,0.51,28
$GNSS,2024-10-11T18:38:44.200Z,34.7354753,-76.6564667,246.791,-19.16,-3.84,9.57,2.015,3.159,0.52,28
$GNSS,2024-10-11T18:38:44.400Z,34.7354406,-76.6564740,244.948,-19.36,-2.82,9.23,2.015,3.159,0.53,28
$GNSS,2024-10-11T18:38:44.600Z,34.7354052,-76.6564794,243.145,-19.73,-2.09,8.96,2.015,3.160,0.53,28
$GNSS,2024-10-11T18:38:44.800Z,34.7353695,-76.6564830,241.416,-19.81,-1.24,8.57,2.016,3.162,0.54,28
$GNSS,2024-10-11T18:38:45.000Z,34.7353334,-76.6564851,239.750,-20.04,-0.67,8.01,2.016,3.163,0.54,28
$GNSS,2024-10-11T18:38:45.200Z,34.7352971,-76.6564860,238.275,-20.20,0.03,7.56,2.016,3.165,0.53,28
$GNSS,2024-10-11T18:38:45.400Z,34.7352608,-76.6564854,236.851,-20.02,0.63,7.04,2.016,3.166,0.53,28
$GNSS,2024-10-11T18:38:45.600Z,34.7352248,-76.6564840,235.552,-19.90,1.00,6.83,2.016,3.165,0.53,28
$GNSS,2024-10-11T18:38:45.800Z,34.7351888,-76.6564818,234.304,-19.91,1.23,6.22,2.016,3.162,0.52,28
$GNSS,2024-10-11T18:38:46.000Z,34.7351532,-76.6564790,233.058,-19.50,1.30,6.04,2.016,3.160,0.54,28
$GNSS,2024-10-11T18:38:46.200Z,34.7351181,-76.6564760,231.848,-19.33,1.43,5.81,2.016,3.158,0.54,28
$GNSS,2024-10-11T18:38:46.400Z,34.7350832,-76.6564731,230.757,-19.34,1.38,5.50,2.016,3.156,0.54,28
$GNSS,2024-10-11T18:38:46.600Z,34.7350484,-76.6564701,229.701,-19.17,1.55,5.34,2.016,3.154,0.54,28
$GNSS,2024-10-11T18:38:46.800Z,34.7350141,-76.6564671,228.751,-18.92,1.53,5.20,2.017,3.153,0.54,28
$GNSS,2024-10-11T18:38:47.000Z,34.7349802,-76.6564643,227.775,-18.74,1.28,5.07,2.018,3.152,0.55,28
$GNSS,2024-10-11T18:38:47.200Z,34.7349466,-76.6564618,226.759,-18.60,1.08,5.16,2.019,3.151,0.54,28
$GNSS,2024-10-11T18:38:47.400Z,34.7349132,-76.6564600,225.807,-18.56,0.78,4.91,2.019,3.150,0.54,28
$GNSS,2024-10-11T18:38:47.600Z,34.7348798,-76.6564586,224.844,-18.32,0.54,4.70,2.020,3.151,0.56,27
$GNSS,2024-10-11T18:38:47.800Z,34.7348470,-76.6564580,223.899,-18.17,0.15,4.78,2.021,3.149,0.54,28
$GNSS,2024-10-11T18:38:48.000Z,34.7348143,-76.6564583,223.042,-18.06,-0.27,4.52,2.022,3.150,0.58,27
$GNSS,2024-10-11T18:38:48.200Z,34.7347816,-76.6564597,222.149,-18.02,-0.95,4.46,2.024,3.152,0.59,27
$GNSS,2024-10-11T18:38:48.400Z,34.7347490,-76.6564627,221.271,-17.98,-1.76,4.40,2.025,3.154,0.57,27
$GNSS,2024-10-11T18:38:48.600Z,34.7347166,-76.6564674,220.433,-17.72,-2.50,4.56,2.026,3.156,0.55,27
$GNSS,2024-10-11T18:38:48.800Z,34.7346850,-76.6564738,219.530,-17.25,-3.21,4.87,2.027,3.159,0.54,27
$GNSS,2024-10-11T18:38:49.000Z,34.7346544,-76.6564824,218.647,-16.74,-4.37,5.13,2.027,3.158,0.53,28
$GNSS,2024-10-11T18:38:49.200Z,34.7346243,-76.6564932,217.619,-16.71,-5.35,5.31,2.028,3.160,0.56,28
$GNSS,2024-10-11T18:38:49.400Z,34.7345944,-76.6565055,216.361,-16.61,-6.34,5.31,2.028,3.159,0.52,28
$GNSS,2024-10-11T18:38:49.600Z,34.7345649,-76.6565198,215.166,-16.43,-6.97,5.80,2.029,3.156,0.52,28
$GNSS,2024-10-11T18:38:49.800Z,34.7345356,-76.6565358,213.960,-16.11,-7.76,6.00,2.030,3.157,0.53,27
$GNSS,2024-10-11T18:38:50.000Z,34.7345074,-76.6565540,212.687,-15.41,-8.90,6.56,2.031,3.158,0.53,27
$GNSS,2024-10-11T18:38:50.200Z,34.7344802,-76.6565744,211.354,-14.91,-9.76,6.91,2.033,3.158,0.54,27
$GNSS,2024-10-11T18:38:50.400Z,34.7344542,-76.6565968,209.970,-14.23,-10.77,6.87,2.034,3.160,0.55,28
$GNSS,2024-10-11T18:38:50.600Z,34.7344287,-76.6566212,208.561,-14.12,-11.59,6.76,2.035,3.162,0.57,27
$GNSS,2024-10-11T18:38:50.800Z,34.7344036,-76.6566470,207.186,-13.88,-11.92,6.92,2.037,3.165,0.60,27
$GNSS,2024-10-11T18:38:51.000Z,34.7343790,-76.6566738,205.705,-13.51,-12.73,6.99,2.040,3.169,0.59,27
$GNSS,2024-10-11T18:38:51.200Z,34.7343550,-76.6567016,204.236,-13.06,-12.88,7.13,2.043,3.176,0.59,26
$GNSS,2024-10-11T18:38:51.400Z,34.7343317,-76.6567298,202.797,-12.77,-13.17,6.86,2.047,3.184,0.61,26
$GNSS,2024-10-11T18:38:51.600Z,34.7343083,-76.6567590,201.520,-13.10,-13.43,6.58,2.052,3.190,0.61,26
$GNSS,2024-10-11T18:38:51.800Z,34.7342843,-76.6567889,200.230,-13.39,-13.89,6.55,2.056,3.197,0.56,26
$GNSS,2024-10-11T18:38:52.000Z,34.7342605,-76.6568193,198.844,-13.29,-14.11,6.48,2.059,3.199,0.55,27
$GNSS,2024-10-11T18:38:52.200Z,34.7342365,-76.6568503,197.580,-13.34,-14.25,6.57,2.061,3.204,0.57,26
$GNSS,2024-10-11T18:38:52.400Z,34.7342122,-76.6568813,196.265,-13.54,-14.14,6.67,2.064,3.209,0.56,26
$GNSS,2024-10-11T18:38:52.600Z,34.7341875,-76.6569118,194.904,-13.78,-13.88,6.87,2.066,3.214,0.56,26
$GNSS,2024-10-11T18:38:52.800Z,34.7341621,-76.6569421,193.611,-14.22,-13.76,6.74,2.069,3.219,0.57,26
$GNSS,2024-10-11T18:38:53.000Z,34.7341359,-76.6569721,192.236,-14.75,-13.80,6.79,2.072,3.224,0.56,26
$GNSS,2024-10-11T18:38:53.200Z,34.7341092,-76.6570022,190.915,-14.84,-13.77,6.56,2.074,3.228,0.56,26
$GNSS,2024-10-11T18:38:53.400Z,34.7340824,-76.6570322,189.654,-14.84,-13.54,6.51,2.076,3.233,0.56,26
$GNSS,2024-10-11T18:38:53.600Z,34.7340555,-76.6570618,188.428,-14.92,-13.26,6.67,2.078,3.237,0.56,26
$GNSS,2024-10-11T18:38:53.800Z,34.7340280,-76.6570906,187.092,-15.48,-13.02,6.81,2.081,3.241,0.58,25
$GNSS,2024-10-11T18:38:54.000Z,34.7339998,-76.6571187,185.724,-15.78,-12.66,7.05,2.083,3.245,0.59,25
$GNSS,2024-10-11T18:38:54.200Z,34.7339713,-76.6571464,184.331,-15.96,-12.47,7.14,2.086,3.244,0.57,26
$GNSS,2024-10-11T18:38:54.400Z,34.7339426,-76.6571737,182.945,-16.07,-12.35,7.12,2.087,3.245,0.57,26
$GNSS,2024-10-11T18:38:54.600Z,34.7339136,-76.6572004,181.499,-16.24,-12.02,7.16,2.089,3.247,0.57,26
$GNSS,2024-10-11T18:38:54.800Z,34.7338843,-76.6572266,180.063,-16.36,-11.79,7.22,2.090,3.247,0.58,26
$GNSS,2024-10-11T18:38:55.000Z,34.7338547,-76.6572521,178.627,-16.59,-11.41,7.41,2.092,3.248,0.58,26
$GNSS,2024-10-11T18:38:55.200Z,34.7338244,-76.6572768,177.117,-17.03,-11.14,7.53,2.094,3.249,0.58,26
$GNSS,2024-10-11T18:38:55.400Z,34.7337935,-76.6573009,175.580,-17.24,-10.81,7.69,2.095,3.250,0.58,26
$GNSS,2024-10-11T18:38:55.600Z,34.7337623,-76.6573243,174.093,-17.46,-10.36,7.72,2.097,3.250,0.58,26
$GNSS,2024-10-11T18:38:55.800Z,34.7337309,-76.6573468,172.580,-17.56,-10.16,7.62,2.097,3.251,0.58,26
$GNSS,2024-10-11T18:38:56.000Z,34.7336993,-76.6573690,171.076,-17.61,-10.07,7.59,2.098,3.251,0.57,26
$GNSS,2024-10-11T18:38:56.200Z,34.7336675,-76.6573912,169.605,-17.81,-10.10,7.47,2.099,3.251,0.57,26
$GNSS,2024-10-11T18:38:56.400Z,34.7336355,-76.6574132,168.152,-17.83,-9.92,7.39,2.099,3.252,0.57,26
$GNSS,2024-10-11T18:38:56.600Z,34.7336033,-76.6574349,166.686,-17.90,-9.90,7.27,2.100,3.252,0.57,26
$GNSS,2024-10-11T18:38:56.800Z,34.7335713,-76.6574562,165.257,-17.83,-9.52,7.30,2.102,3.253,0.59,26
$GNSS,2024-10-11T18:38:57.000Z,34.7335389,-76.6574769,163.793,-18.19,-9.46,7.11,2.104,3.256,0.59,26
$GNSS,2024-10-11T18:38:57.200Z,34.7335059,-76.6574973,162.393,-18.38,-9.18,6.73,2.105,3.258,0.58,26
$GNSS,2024-10-11T18:38:57.400Z,34.7334727,-76.6575169,161.011,-18.51,-8.82,6.52,2.107,3.259,0.59,26
$GNSS,2024-10-11T18:38:57.600Z,34.7334394,-76.6575356,159.640,-18.47,-8.46,6.43,2.109,3.261,0.59,26
$GNSS,2024-10-11T18:38:57.800Z,34.7334061,-76.6575536,158.333,-18.48,-8.07,6.17,2.110,3.263,0.59,26
$GNSS,2024-10-11T18:38:58.000Z,34.7333725,-76.6575707,157.151,-18.83,-7.51,5.82,2.111,3.265,0.59,26
$GNSS,2024-10-11T18:38:58.200Z,34.7333391,-76.6575866,155.984,-18.41,-7.01,5.66,2.112,3.266,0.59,26
$GNSS,2024-10-11T18:38:58.400Z,34.7333056,-76.6576015,154.912,-18.80,-6.37,5.54,2.113,3.268,0.58,26
$GNSS,2024-10-11T18:38:58.600Z,34.7332719,-76.6576146,153.811,-18.74,-5.56,5.46,2.115,3.270,0.58,26
$GNSS,2024-10-11T18:38:58.800Z,34.7332379,-76.6576258,152.787,-18.96,-4.66,5.04,2.116,3.274,0.59,25
$GNSS,2024-10-11T18:38:59.000Z,34.7332041,-76.6576351,151.799,-18.81,-3.88,5.07,2.116,3.276,0.55,26
$GNSS,2024-10-11T18:38:59.200Z,34.7331703,-76.6576429,150.876,-18.90,-3.06,5.21,2.115,3.278,0.54,26
$GNSS,2024-10-11T18:38:59.400Z,34.7331362,-76.6576488,149.932,-19.13,-2.25,5.06,2.113,3.279,0.50,25
$GNSS,2024-10-11T18:38:59.600Z,34.7331023,-76.6576530,149.119,-18.85,-1.33,4.97,2.110,3.279,0.48,25
$GNSS,2024-10-11T18:38:59.800Z,34.7330682,-76.6576553,148.123,-19.07,-0.75,5.16,2.107,3.279,0.50,25
$GNSS,2024-10-11T18:39:00.000Z,34.7330342,-76.6576562,147.172,-18.90,0.03,5.32,2.105,3.279,0.50,25
$GNSS,2024-10-11T18:39:00.200Z,34.7330005,-76.6576552,146.135,-18.71,0.86,5.46,2.102,3.278,0.50,26
$GNSS,2024-10-11T18:39:00.400Z,34.7329673,-76.6576530,145.094,-18.38,1.38,5.60,2.099,3.277,0.50,26
$GNSS,2024-10-11T18:39:00.600Z,34.7329341,-76.6576492,143.978,-18.59,2.05,5.63,2.097,3.276,0.49,26
$GNSS,2024-10-11T18:39:00.800Z,34.7329007,-76.6576441,142.781,-18.56,2.56,5.77,2.094,3.274,0.47,26
$GNSS,2024-10-11T18:39:01.000Z,34.7328676,-76.6576381,141.636,-18.31,2.89,5.70,2.091,3.273,0.47,26
$GNSS,2024-10-11T18:39:01.200Z,34.7328350,-76.6576313,140.533,-18.01,3.39,5.68,2.088,3.271,0.46,26
$GNSS,2024-10-11T18:39:01.400Z,34.7328026,-76.6576234,139.443,-18.01,3.83,5.46,2.086,3.269,0.44,26
$GNSS,2024-10-11T18:39:01.600Z,34.7327705,-76.6576145,138.218,-17.82,4.05,5.67,2.082,3.266,0.43,26
$GNSS,2024-10-11T18:39:01.800Z,34.7327387,-76.6576048,137.012,-17.69,4.63,5.61,2.079,3.263,0.43,26
$GNSS,2024-10-11T18:39:02.000Z,34.7327070,-76.6575941,135.901,-17.52,5.10,5.42,2.076,3.260,0.43,26
$GNSS,2024-10-11T18:39:02.200Z,34.7326756,-76.6575825,134.795,-17.45,5.46,5.51,2.072,3.257,0.43,26
$GNSS,2024-10-11T18:39:02.400Z,34.7326444,-76.6575703,133.754,-17.07,5.88,5.72,2.069,3.254,0.42,26
$GNSS,2024-10-11T18:39:02.600Z,34.7326138,-76.6575569,132.648,-16.77,6.49,5.77,2.067,3.252,0.43,26
$GNSS,2024-10-11T18:39:02.800Z,34.7325835,-76.6575422,131.490,-16.72,6.86,5.74,2.064,3.249,0.43,26
$GNSS,2024-10-11T18:39:03.000Z,34.7325535,-76.6575268,130.474,-16.37,7.42,5.76,2.061,3.247,0.43,26
$GNSS,2024-10-11T18:39:03.200Z,34.7325243,-76.6575103,129.369,-15.94,7.81,5.98,2.059,3.245,0.43,26
$GNSS,2024-10-11T18:39:03.400Z,34.7324957,-76.6574929,128.218,-15.59,8.20,6.06,2.057,3.244,0.43,26
$GNSS,2024-10-11T18:39:03.600Z,34.7324679,-76.6574744,127.067,-15.19,8.74,6.05,2.056,3.243,0.43,26
$GNSS,2024-10-11T18:39:03.800Z,34.7324405,-76.6574548,125.928,-14.88,9.33,6.12,2.055,3.242,0.43,26
$GNSS,2024-10-11T18:39:04.000Z,34.7324139,-76.6574341,124.778,-14.44,9.80,6.20,2.053,3.241,0.42,26
$GNSS,2024-10-11T18:39:04.200Z,34.7323882,-76.6574119,123.653,-13.88,10.58,5.87,2.052,3.237,0.39,26
$GNSS,2024-10-11T18:39:04.400Z,34.7323635,-76.6573883,122.570,-13.23,11.13,5.80,2.050,3.234,0.40,26
$GNSS,2024-10-11T18:39:04.600Z,34.7323400,-76.6573637,121.446,-12.57,11.46,6.05,2.048,3.232,0.40,26
$GNSS,2024-10-11T18:39:04.800Z,34.7323175,-76.6573383,120.302,-12.10,12.00,6.25,2.047,3.228,0.40,26
$GNSS,2024-10-11T18:39:05.000Z,34.7322961,-76.6573118,119.171,-11.39,12.39,5.88,2.045,3.225,0.40,27
$GNSS,2024-10-11T18:39:05.200Z,34.7322761,-76.6572846,118.055,-10.59,12.55,5.75,2.044,3.222,0.42,27
$GNSS,2024-10-11T18:39:05.400Z,34.7322572,-76.6572570,116.992,-10.11,12.87,5.80,2.043,3.218,0.41,28
$GNSS,2024-10-11T18:39:05.600Z,34.7322393,-76.6572288,115.965,-9.36,13.25,5.76,2.042,3.214,0.41,28
$GNSS,2024-10-11T18:39:05.800Z,34.7322231,-76.6571994,114.907,-8.49,13.70,5.59,2.042,3.210,0.41,28
$GNSS,2024-10-11T18:39:06.000Z,34.7322084,-76.6571693,113.814,-7.72,13.86,5.70,2.041,3.206,0.42,28
$GNSS,2024-10-11T18:39:06.200Z,34.7321948,-76.6571390,112.767,-7.05,14.09,5.78,2.041,3.202,0.44,28
$GNSS,2024-10-11T18:39:06.400Z,34.7321830,-76.6571075,111.599,-6.02,14.48,5.86,2.042,3.199,0.45,28
$GNSS,2024-10-11T18:39:06.600Z,34.7321725,-76.6570759,110.465,-5.48,14.49,5.96,2.042,3.196,0.45,28
$GNSS,2024-10-11T18:39:06.800Z,34.7321630,-76.6570443,109.382,-4.84,14.52,5.86,2.043,3.195,0.46,27
$GNSS,2024-10-11T18:39:07.000Z,34.7321546,-76.6570125,108.330,-4.12,14.69,5.83,2.044,3.193,0.46,27
$GNSS,2024-10-11T18:39:07.200Z,34.7321474,-76.6569807,107.270,-3.70,14.56,5.76,2.044,3.189,0.46,28
$GNSS,2024-10-11T18:39:07.400Z,34.7321412,-76.6569491,106.234,-3.04,14.47,5.40,2.044,3.186,0.46,28
$GNSS,2024-10-11T18:39:07.600Z,34.7321362,-76.6569173,105.229,-2.54,14.49,4.98,2.045,3.181,0.45,28
$GNSS,2024-10-11T18:39:07.800Z,34.7321317,-76.6568860,104.378,-2.07,14.34,4.73,2.045,3.180,0.47,27
$GNSS,2024-10-11T18:39:08.000Z,34.7321281,-76.6568548,103.581,-1.57,14.38,4.66,2.047,3.179,0.47,27
$GNSS,2024-10-11T18:39:08.200Z,34.7321253,-76.6568239,102.782,-1.22,14.21,4.39,2.047,3.175,0.47,28
$GNSS,2024-10-11T18:39:08.400Z,34.7321234,-76.6567930,101.992,-0.73,14.25,4.33,2.048,3.172,0.47,28
$GNSS,2024-10-11T18:39:08.600Z,34.7321220,-76.6567624,101.217,-0.53,13.79,4.01,2.048,3.171,0.47,27
$GNSS,2024-10-11T18:39:08.800Z,34.7321213,-76.6567325,100.495,-0.03,13.55,3.77,2.049,3.171,0.47,27
$GNSS,2024-10-11T18:39:09.000Z,34.7321213,-76.6567031,99.829,0.34,13.42,3.68,2.049,3.170,0.47,27
$GNSS,2024-10-11T18:39:09.200Z,34.7321221,-76.6566744,99.167,0.80,13.07,3.76,2.049,3.167,0.47,28
$GNSS,2024-10-11T18:39:09.400Z,34.7321236,-76.6566463,98.460,1.04,12.71,3.88,2.048,3.164,0.47,28
$GNSS,2024-10-11T18:39:09.600Z,34.7321257,-76.6566191,97.735,1.40,12.25,3.95,2.047,3.161,0.48,28
$GNSS,2024-10-11T18:39:09.800Z,34.7321286,-76.6565929,96.964,1.95,11.79,3.95,2.046,3.159,0.49,28
$GNSS,2024-10-11T18:39:10.000Z,34.7321323,-76.6565679,96.228,2.33,11.11,3.80,2.045,3.159,0.49,27
$GNSS,2024-10-11T18:39:10.200Z,34.7321370,-76.6565441,95.524,3.06,10.80,3.87,2.044,3.158,0.50,27
$GNSS,2024-10-11T18:39:10.400Z,34.7321430,-76.6565213,94.777,3.65,10.12,3.98,2.043,3.158,0.50,27
$GNSS,2024-10-11T18:39:10.600Z,34.7321502,-76.6565000,94.003,4.36,9.40,4.10,2.041,3.156,0.50,27
$GNSS,2024-10-11T18:39:10.800Z,34.7321585,-76.6564805,93.187,4.94,8.52,4.34,2.038,3.154,0.51,27
$GNSS,2024-10-11T18:39:11.000Z,34.7321680,-76.6564629,92.273,5.50,7.56,4.74,2.034,3.151,0.53,27
$GNSS,2024-10-11T18:39:11.200Z,34.7321785,-76.6564474,91.291,6.21,6.59,5.14,2.031,3.148,0.54,27
$GNSS,2024-10-11T18:39:11.400Z,34.7321899,-76.6564342,90.277,6.57,5.65,5.63,2.027,3.146,0.55,27
$GNSS,2024-10-11T18:39:11.600Z,34.7322023,-76.6564231,89.093,7.22,4.52,6.03,2.024,3.142,0.55,27
$GNSS,2024-10-11T18:39:11.800Z,34.7322157,-76.6564144,87.840,7.74,3.52,6.50,2.020,3.137,0.55,27
$GNSS,2024-10-11T18:39:12.000Z,34.7322301,-76.6564084,86.470,8.21,2.02,6.93,2.017,3.132,0.55,27
$GNSS,2024-10-11T18:39:12.200Z,34.7322452,-76.6564054,85.025,8.59,0.67,7.37,2.014,3.128,0.53,27
$GNSS,2024-10-11T18:39:12.400Z,34.7322609,-76.6564055,83.497,8.78,-0.75,7.89,2.010,3.123,0.53,27
$GNSS,2024-10-11T18:39:12.600Z,34.7322766,-76.6564084,81.884,8.70,-1.95,8.39,2.008,3.118,0.52,27
$GNSS,2024-10-11T18:39:12.800Z,34.7322921,-76.6564140,80.276,8.64,-3.06,8.44,2.005,3.114,0.51,27
$GNSS,2024-10-11T18:39:13.000Z,34.7323076,-76.6564223,78.655,8.70,-4.40,8.38,2.003,3.111,0.50,27
$GNSS,2024-10-11T18:39:13.200Z,34.7323233,-76.6564335,77.037,8.88,-5.66,8.26,2.002,3.108,0.49,27
$GNSS,2024-10-11T18:39:13.400Z,34.7323392,-76.6564470,75.431,8.89,-6.61,8.22,2.001,3.105,0.49,27
$GNSS,2024-10-11T18:39:13.600Z,34.7323547,-76.6564627,73.829,8.42,-7.63,7.95,2.000,3.102,0.47,27
$GNSS,2024-10-11T18:39:13.800Z,34.7323695,-76.6564797,72.329,8.19,-7.88,7.75,1.999,3.099,0.46,27
$GNSS,2024-10-11T18:39:14.000Z,34.7323841,-76.6564972,70.950,8.28,-8.11,7.03,1.998,3.097,0.46,27
$GNSS,2024-10-11T18:39:14.200Z,34.7323989,-76.6565150,69.652,8.19,-8.08,6.23,1.998,3.095,0.45,27
$GNSS,2024-10-11T18:39:14.400Z,34.7324134,-76.6565329,68.638,8.23,-8.11,5.78,1.997,3.093,0.44,27
$GNSS,2024-10-11T18:39:14.600Z,34.7324280,-76.6565502,67.611,8.17,-7.71,5.32,1.997,3.092,0.45,27
$GNSS,2024-10-11T18:39:14.800Z,34.7324427,-76.6565661,66.666,8.17,-6.84,4.69,1.997,3.088,0.42,27
$GNSS,2024-10-11T18:39:15.000Z,34.7324572,-76.6565802,65.837,8.12,-6.03,4.43,1.997,3.086,0.47,27
$GNSS,2024-10-11T18:39:15.200Z,34.7324720,-76.6565925,65.076,8.51,-5.11,4.64,1.997,3.084,0.48,27
$GNSS,2024-10-11T18:39:15.400Z,34.7324871,-76.6566027,64.301,8.48,-4.14,4.68,1.997,3.082,0.47,27
$GNSS,2024-10-11T18:39:15.600Z,34.7325021,-76.6566109,63.444,8.39,-3.34,4.64,1.997,3.079,0.48,27
$GNSS,2024-10-11T18:39:15.800Z,34.7325168,-76.6566170,62.568,8.18,-2.35,4.73,1.998,3.079,0.54,27
$GNSS,2024-10-11T18:39:16.000Z,34.7325315,-76.6566209,61.613,8.17,-1.28,5.12,2.000,3.080,0.56,27
$GNSS,2024-10-11T18:39:16.200Z,34.7325460,-76.6566223,60.611,8.04,-0.10,5.35,2.002,3.080,0.58,27
$GNSS,2024-10-11T18:39:16.400Z,34.7325604,-76.6566210,59.574,8.07,1.17,5.49,2.004,3.080,0.59,27
$GNSS,2024-10-11T18:39:16.600Z,34.7325745,-76.6566171,58.517,7.66,2.33,5.48,2.005,3.081,0.60,27
$GNSS,2024-10-11T18:39:16.800Z,34.7325880,-76.6566112,57.516,7.48,3.13,5.48,2.007,3.081,0.60,27
$GNSS,2024-10-11T18:39:17.000Z,34.7326012,-76.6566037,56.535,7.43,3.82,5.41,2.008,3.081,0.58,27
$GNSS,2024-10-11T18:39:17.200Z,34.7326142,-76.6565945,55.463,6.98,4.54,5.30,2.009,3.081,0.58,27
$GNSS,2024-10-11T18:39:17.400Z,34.7326268,-76.6565840,54.451,7.05,5.02,5.09,2.011,3.081,0.60,27
$GNSS,2024-10-11T18:39:17.600Z,34.7326394,-76.6565727,53.495,7.05,5.39,4.93,2.012,3.081,0.62,27
$GNSS,2024-10-11T18:39:17.800Z,34.7326520,-76.6565607,52.525,7.02,5.63,5.03,2.014,3.080,0.60,27
$GNSS,2024-10-11T18:39:18.000Z,34.7326648,-76.6565485,51.543,7.09,5.56,4.86,2.014,3.077,0.59,28
$GNSS,2024-10-11T18:39:18.200Z,34.7326771,-76.6565365,50.588,6.72,5.54,4.98,2.014,3.075,0.57,28
$GNSS,2024-10-11T18:39:18.400Z,34.7326892,-76.6565250,49.529,6.59,4.99,5.14,2.013,3.072,0.57,28
$GNSS,2024-10-11T18:39:18.600Z,34.7327015,-76.6565145,48.513,7.11,4.78,5.54,2.013,3.070,0.60,28
$GNSS,2024-10-11T18:39:18.800Z,34.7327144,-76.6565044,47.383,7.16,4.56,6.20,2.013,3.069,0.59,28
$GNSS,2024-10-11T18:39:19.000Z,34.7327274,-76.6564949,46.140,7.33,4.36,6.92,2.012,3.065,0.59,28
$GNSS,2024-10-11T18:39:19.200Z,34.7327408,-76.6564859,44.749,7.59,4.03,7.54,2.012,3.061,0.60,28
$GNSS,2024-10-11T18:39:19.400Z,34.7327544,-76.6564772,43.270,7.71,4.02,8.09,2.011,3.060,0.59,27
$GNSS,2024-10-11T18:39:19.600Z,34.7327683,-76.6564688,41.776,8.03,3.98,8.42,2.010,3.059,0.60,27
$GNSS,2024-10-11T18:39:19.800Z,34.7327829,-76.6564604,40.119,8.16,3.80,8.79,2.009,3.058,0.58,27
$GNSS,2024-10-11T18:39:20.000Z,34.7327980,-76.6564525,38.294,8.43,3.35,9.36,2.008,3.057,0.58,27
$GNSS,2024-10-11T18:39:20.200Z,34.7328136,-76.6564451,36.359,8.76,3.22,9.84,2.005,3.056,0.56,27
$GNSS,2024-10-11T18:39:20.400Z,34.7328297,-76.6564380,34.393,9.11,3.31,10.19,2.003,3.055,0.55,27
$GNSS,2024-10-11T18:39:20.600Z,34.7328464,-76.6564309,32.441,9.54,3.31,10.22,2.001,3.054,0.55,27
$GNSS,2024-10-11T18:39:20.800Z,34.7328639,-76.6564236,30.393,9.83,3.33,10.41,1.998,3.051,0.54,27
$GNSS,2024-10-11T18:39:21.000Z,34.7328821,-76.6564166,28.304,10.21,2.99,10.45,1.997,3.051,0.58,27
$GNSS,2024-10-11T18:39:21.200Z,34.7329010,-76.6564105,26.209,10.71,2.58,10.55,1.997,3.052,0.61,27
$GNSS,2024-10-11T18:39:21.400Z,34.7329208,-76.6564050,24.167,11.32,2.51,10.46,1.998,3.055,0.62,27
$GNSS,2024-10-11T18:39:21.600Z,34.7329416,-76.6563999,22.088,11.59,2.34,10.35,1.998,3.054,0.60,28
$GNSS,2024-10-11T18:39:21.800Z,34.7329631,-76.6563948,19.976,12.08,2.26,10.33,1.998,3.053,0.59,28
$GNSS,2024-10-11T18:39:22.000Z,34.7329854,-76.6563896,17.779,12.28,2.13,10.24,1.998,3.051,0.57,28
$GNSS,2024-10-11T18:39:22.200Z,34.7330080,-76.6563851,15.807,12.72,2.13,10.01,1.997,3.048,0.57,28
$GNSS,2024-10-11T18:39:22.400Z,34.7330314,-76.6563805,13.839,13.07,2.16,9.60,1.996,3.044,0.54,28
$GNSS,2024-10-11T18:39:22.600Z,34.7330550,-76.6563762,12.036,13.17,1.88,8.96,1.995,3.042,0.54,27
$GNSS,2024-10-11T18:39:22.800Z,34.7330785,-76.6563724,10.386,13.14,1.76,8.52,1.994,3.040,0.55,27
$GNSS,2024-10-11T18:39:23.000Z,34.7331024,-76.6563686,8.750,13.24,1.69,7.82,1.993,3.036,0.54,28
$GNSS,2024-10-11T18:39:23.200Z,34.7331262,-76.6563649,7.432,13.44,1.95,6.94,1.992,3.034,0.54,27
$GNSS,2024-10-11T18:39:23.400Z,34.7331499,-76.6563603,6.249,13.09,2.37,6.13,1.992,3.033,0.56,27
$GNSS,2024-10-11T18:39:23.600Z,34.7331730,-76.6563550,5.166,12.74,2.66,5.55,1.992,3.032,0.55,27
$GNSS,2024-10-11T18:39:23.800Z,34.7331952,-76.6563487,4.095,12.00,2.93,4.87,1.992,3.032,0.55,27
$GNSS,2024-10-11T18:39:24.000Z,34.7332168,-76.6563422,3.279,12.04,3.12,3.96,1.992,3.032,0.56,27
$GNSS,2024-10-11T18:39:24.200Z,34.7332377,-76.6563352,2.729,11.54,3.50,3.15,1.992,3.032,0.56,27
$GNSS,2024-10-11T18:39:24.400Z,34.7332581,-76.6563279,2.247,11.19,3.40,2.53,1.991,3.031,0.55,28
$GNSS,2024-10-11T18:39:24.600Z,34.7332777,-76.6563205,1.807,10.49,3.55,2.22,1.990,3.028,0.53,28
$GNSS,2024-10-11T18:39:24.800Z,34.7332958,-76.6563134,1.510,9.81,3.26,1.77,1.990,3.028,0.53,28
$GNSS,2024-10-11T18:39:25.000Z,34.7333129,-76.6563066,1.247,9.17,3.12,1.25,1.989,3.025,0.52,28
$GNSS,2024-10-11T18:39:25.200Z,34.7333291,-76.6563001,1.078,8.78,3.05,1.01,1.988,3.023,0.52,28
$GNSS,2024-10-11T18:39:25.400Z,34.7333439,-76.6562938,0.915,7.67,2.88,0.92,1.987,3.022,0.52,28
$GNSS,2024-10-11T18:39:25.600Z,34.7333568,-76.6562880,0.815,6.73,2.59,0.72,1.987,3.021,0.54,28
$GNSS,2024-10-11T18:39:25.800Z,34.7333683,-76.6562828,0.777,6.28,2.33,0.69,1.987,3.022,0.55,27
$GNSS,2024-10-11T18:39:26.000Z,34.7333785,-76.6562781,0.712,5.36,2.25,1.06,1.987,3.024,0.58,27
$GNSS,2024-10-11T18:39:26.200Z,34.7333875,-76.6562734,0.588,4.88,2.17,1.17,1.987,3.025,0.57,27
$GNSS,2024-10-11T18:39:26.400Z,34.7333959,-76.6562685,0.458,4.35,2.21,0.00,1.987,3.024,0.54,27
$GNSS,2024-10-11T18:39:26.600Z,34.7334039,-76.6562648,0.531,4.51,1.16,-0.32,1.987,3.023,0.57,27
$GNSS,2024-10-11T18:39:26.800Z,34.7334115,-76.6562625,0.567,3.98,1.19,0.58,1.988,3.024,0.59,27
$GNSS,2024-10-11T18:39:27.000Z,34.7334170,-76.6562598,0.602,2.39,1.37,-0.43,1.989,3.025,0.57,27
$GNSS,2024-10-11T18:39:27.200Z,34.7334211,-76.6562569,0.727,2.43,1.51,0.48,1.990,3.026,0.56,27
$GNSS,2024-10-11T18:39:27.400Z,34.7334251,-76.6562542,0.729,2.12,0.99,0.17,1.990,3.030,0.60,27
$GNSS,2024-10-11T18:39:27.600Z,34.7334289,-76.6562544,0.953,2.41,-0.68,-0.26,1.992,3.037,0.61,27
$GNSS,2024-10-11T18:39:27.800Z,34.7334335,-76.6562561,1.328,3.08,-0.51,-0.33,1.994,3.043,0.57,27
$GNSS,2024-10-11T18:39:28.000Z,34.7334374,-76.6562565,1.397,1.52,-0.03,-0.71,1.996,3.050,0.63,27
$GNSS,2024-10-11T18:39:28.200Z,34.7334396,-76.6562560,1.431,0.98,0.40,-0.24,1.999,3.058,0.54,27
$GNSS,2024-10-11T18:39:28.400Z,34.7334405,-76.6562549,1.399,0.08,0.46,-0.17,2.001,3.066,0.44,27
$GNSS,2024-10-11T18:39:28.600Z,34.7334406,-76.6562539,1.422,-0.03,0.40,-0.22,2.003,3.074,0.44,27
$GNSS,2024-10-11T18:39:28.800Z,34.7334398,-76.6562532,1.495,-0.46,0.32,-0.17,2.006,3.082,0.55,27
$GNSS,2024-10-11T18:39:29.000Z,34.7334387,-76.6562528,1.443,-0.65,0.08,0.17,2.007,3.084,0.53,28
$GNSS,2024-10-11T18:39:29.200Z,34.7334374,-76.6562530,1.377,-0.80,-0.09,0.15,2.007,3.085,0.52,28
$GNSS,2024-10-11T18:39:29.400Z,34.7334360,-76.6562530,1.418,-0.76,0.31,-0.32,2.007,3.087,0.57,28
$GNSS,2024-10-11T18:39:29.600Z,34.7334343,-76.6562528,1.484,-0.93,0.12,0.10,2.007,3.090,0.58,27
$GNSS,2024-10-11T18:39:29.800Z,34.7334325,-76.6562526,1.449,-1.00,0.24,0.45,2.007,3.093,0.55,27
$GNSS,2024-10-11T18:39:30.000Z,34.7334305,-76.6562526,1.536,-0.95,0.03,-0.26,2.007,3.096,0.61,27
$GNSS,2024-10-11T18:39:30.200Z,34.7334286,-76.6562528,1.559,-1.06,-0.09,0.31,2.006,3.098,0.55,27
$GNSS,2024-10-11T18:39:30.400Z,34.7334265,-76.6562535,1.553,-1.09,-0.38,0.35,2.006,3.100,0.53,27
$GNSS,2024-10-11T18:39:30.600Z,34.7334246,-76.6562545,1.658,-0.76,-0.28,-0.21,2.006,3.102,0.60,27
$GNSS,2024-10-11T18:39:30.800Z,34.7334231,-76.6562552,1.733,-0.82,-0.22,-0.14,2.007,3.105,0.61,27
$GNSS,2024-10-11T18:39:31.000Z,34.7334214,-76.6562554,1.732,-0.85,0.11,0.10,2.007,3.108,0.60,27
$GNSS,2024-10-11T18:39:31.200Z,34.7334197,-76.6562551,1.731,-0.79,0.12,-0.10,2.007,3.111,0.60,27
$GNSS,2024-10-11T18:39:31.400Z,34.7334184,-76.6562553,1.772,-0.45,-0.15,-0.06,2.007,3.113,0.60,27
$GNSS,2024-10-11T18:39:31.600Z,34.7334179,-76.6562560,1.803,-0.01,-0.32,-0.05,2.008,3.114,0.37,27
$GNSS,2024-10-11T18:39:31.800Z,34.7334179,-76.6562571,1.825,0.15,-0.66,-0.05,2.008,3.115,0.33,27
$GNSS,2024-10-11T18:39:32.000Z,34.7334175,-76.6562584,1.856,-0.27,-0.46,-0.23,2.008,3.118,0.51,27
$GNSS,2024-10-11T18:39:32.200Z,34.7334167,-76.6562592,1.873,-0.41,-0.25,-0.09,2.009,3.121,0.56,27
$GNSS,2024-10-11T18:39:32.400Z,34.7334160,-76.6562595,1.821,-0.15,-0.14,-0.05,2.009,3.123,0.53,27
$GNSS,2024-10-11T18:39:32.600Z,34.7334159,-76.6562603,1.893,0.07,-0.29,-0.01,2.009,3.125,0.40,27
$GNSS,2024-10-11T18:39:32.800Z,34.7334156,-76.6562608,1.900,-0.04,-0.10,0.04,2.009,3.126,0.39,27
$GNSS,2024-10-11T18:39:33.000Z,34.7334155,-76.6562612,1.921,0.02,-0.07,0.10,2.008,3.127,0.49,27
$GNSS,2024-10-11T18:39:33.200Z,34.7334151,-76.6562613,1.868,-0.09,-0.03,0.16,2.007,3.127,0.49,27
$GNSS,2024-10-11T18:39:33.400Z,34.7334149,-76.6562615,1.868,0.03,0.03,0.24,2.006,3.127,0.54,27
$GNSS,2024-10-11T18:39:33.600Z,34.7334148,-76.6562615,1.831,-0.01,-0.01,0.23,2.004,3.128,0.53,27
$GNSS,2024-10-11T18:39:33.800Z,34.7334147,-76.6562616,1.815,0.05,0.01,0.24,2.003,3.128,0.54,27
$GNSS,2024-10-11T18:39:34.000Z,34.7334147,-76.6562617,1.848,0.07,0.07,0.13,2.001,3.128,0.53,27
$GNSS,2024-10-11T18:39:34.200Z,34.7334147,-76.6562615,1.811,0.07,0.18,0.29,1.999,3.128,0.52,27
$GNSS,2024-10-11T18:39:34.400Z,34.7334147,-76.6562615,1.864,0.17,0.09,0.24,1.997,3.128,0.52,27
$GNSS,2024-10-11T18:39:34.600Z,34.7334149,-76.6562613,1.845,0.17,0.13,0.23,1.995,3.128,0.51,26
$GNSS,2024-10-11T18:39:34.800Z,34.7334150,-76.6562612,1.869,0.11,0.15,0.32,1.993,3.127,0.52,26
$GNSS,2024-10-11T18:39:35.000Z,34.7334150,-76.6562610,1.879,0.02,0.21,0.36,1.990,3.126,0.53,26
$GNSS,2024-10-11T18:39:35.200Z,34.7334149,-76.6562607,1.910,0.01,0.25,0.45,1.989,3.126,0.53,26
$GNSS,2024-10-11T18:39:35.400Z,34.7334149,-76.6562605,1.892,0.05,0.08,0.48,1.989,3.125,0.56,26
$GNSS,2024-10-11T18:39:35.600Z,34.7334150,-76.6562606,1.916,0.04,0.13,0.42,1.989,3.125,0.56,26
$GNSS,2024-10-11T18:39:35.800Z,34.7334152,-76.6562606,1.942,0.16,0.07,0.28,1.990,3.126,0.61,26
$GNSS,2024-10-11T18:39:36.000Z,34.7334152,-76.6562605,1.951,-0.09,0.18,0.21,1.992,3.128,0.52,26
$GNSS,2024-10-11T18:39:36.200Z,34.7334151,-76.6562603,1.940,-0.15,0.08,0.36,1.993,3.128,0.55,26
$GNSS,2024-10-11T18:39:36.400Z,34.7334149,-76.6562603,1.902,-0.14,0.03,0.34,1.993,3.128,0.55,26
$GNSS,2024-10-11T18:39:36.600Z,34.7334150,-76.6562603,1.889,0.04,0.11,0.34,1.993,3.127,0.57,27
$GNSS,2024-10-11T18:39:36.800Z,34.7334151,-76.6562602,1.857,-0.04,0.05,0.33,1.992,3.125,0.56,27
$GNSS,2024-10-11T18:39:37.000Z,34.7334152,-76.6562602,1.864,0.06,0.12,0.30,1.991,3.123,0.57,27
$GNSS,2024-10-11T18:39:37.200Z,34.7334153,-76.6562600,1.796,-0.11,0.04,0.30,1.991,3.121,0.53,27
$GNSS,2024-10-11T18:39:37.400Z,34.7334151,-76.6562599,1.736,-0.18,0.08,0.31,1.989,3.119,0.53,27
$GNSS,2024-10-11T18:39:37.600Z,34.7334151,-76.6562599,1.719,0.00,0.04,0.35,1.989,3.117,0.55,27
$GNSS,2024-10-11T18:39:37.800Z,34.7334151,-76.6562600,1.708,-0.05,0.04,0.33,1.988,3.115,0.54,27
$GNSS,2024-10-11T18:39:38.000Z,34.7334150,-76.6562602,1.719,-0.15,0.02,0.12,1.987,3.113,0.52,27
$GNSS,2024-10-11T18:39:38.200Z,34.7334148,-76.6562602,1.722,-0.11,0.04,0.09,1.986,3.111,0.50,27
$GNSS,2024-10-11T18:39:38.400Z,34.7334148,-76.6562602,1.706,-0.11,0.04,0.22,1.985,3.109,0.52,27
$GNSS,2024-10-11T18:39:38.600Z,34.7334148,-76.6562602,1.691,-0.04,0.05,0.22,1.984,3.107,0.53,26
$GNSS,2024-10-11T18:39:38.800Z,34.7334147,-76.6562601,1.670,-0.16,0.10,0.41,1.983,3.104,0.51,27
$GNSS,2024-10-11T18:39:39.000Z,34.7334145,-76.6562601,1.662,-0.19,0.09,0.40,1.981,3.101,0.51,27
$GNSS,2024-10-11T18:39:39.200Z,34.7334143,-76.6562601,1.630,-0.18,0.11,0.49,1.980,3.099,0.51,27
$GNSS,2024-10-11T18:39:39.400Z,34.7334143,-76.6562601,1.594,0.06,0.03,0.53,1.979,3.096,0.53,27
$GNSS,2024-10-11T18:39:39.600Z,34.7334146,-76.6562602,1.576,0.13,0.03,0.42,1.977,3.094,0.54,27
$GNSS,2024-10-11T18:39:39.800Z,34.7334147,-76.6562602,1.545,-0.12,0.08,0.29,1.976,3.091,0.52,27
$GNSS,2024-10-11T18:39:40.000Z,34.7334146,-76.6562602,1.556,-0.09,0.03,0.27,1.975,3.089,0.53,27
$GNSS,2024-10-11T18:39:40.200Z,34.7334146,-76.6562603,1.604,-0.06,0.10,0.21,1.974,3.088,0.52,27
$GNSS,2024-10-11T18:39:40.400Z,34.7334146,-76.6562601,1.564,-0.02,0.05,0.29,1.973,3.087,0.55,27
$GNSS,2024-10-11T18:39:40.600Z,34.7334145,-76.6562600,1.538,-0.04,0.08,0.15,1.973,3.086,0.53,27
$GNSS,2024-10-11T18:39:40.800Z,34.7334145,-76.6562598,1.510,-0.02,0.01,0.05,1.972,3.085,0.54,27
$GNSS,2024-10-11T18:39:41.000Z,34.7334145,-76.6562596,1.450,0.04,0.02,0.14,1.971,3.084,0.56,27
$GNSS,2024-10-11T18:39:41.200Z,34.7334146,-76.6562596,1.460,0.06,0.02,0.12,1.970,3.084,0.57,27
$GNSS,2024-10-11T18:39:41.400Z,34.7334146,-76.6562594,1.402,-0.03,0.06,0.07,1.970,3.083,0.48,27
$GNSS,2024-10-11T18:39:41.600Z,34.7334146,-76.6562593,1.406,-0.02,-0.03,-0.06,1.970,3.083,0.55,27
$GNSS,2024-10-11T18:39:41.800Z,34.7334145,-76.6562593,1.397,0.00,0.00,-0.11,1.970,3.083,0.55,27
$GNSS,2024-10-11T18:39:42.000Z,34.7334145,-76.6562592,1.389,0.00,0.00,-0.06,1.970,3.082,0.56,27
$GNSS,2024-10-11T18:39:42.200Z,34.7334147,-76.6562592,1.417,0.16,0.02,0.01,1.970,3.082,0.57,27
$GNSS,2024-10-11T18:39:42.400Z,34.7334150,-76.6562591,1.389,0.16,0.02,-0.03,1.970,3.082,0.55,27
$GNSS,2024-10-11T18:39:42.600Z,34.7334152,-76.6562590,1.420,0.08,0.04,-0.02,1.970,3.081,0.53,27
$GNSS,2024-10-11T18:39:42.800Z,34.7334153,-76.6562589,1.443,-0.01,0.07,-0.02,1.969,3.081,0.32,27
$GNSS,2024-10-11T18:39:43.000Z,34.7334152,-76.6562588,1.419,-0.02,0.00,-0.05,1.969,3.080,0.54,26
$GNSS,2024-10-11T18:39:43.200Z,34.7334153,-76.6562588,1.441,0.06,-0.01,0.01,1.968,3.078,0.53,26
$GNSS,2024-10-11T18:39:43.400Z,34.7334152,-76.6562587,1.424,-0.15,0.00,0.01,1.967,3.077,0.53,26
$GNSS,2024-10-11T18:39:43.600Z,34.7334150,-76.6562586,1.414,-0.03,0.05,0.11,1.966,3.076,0.50,26
$GNSS,2024-10-11T18:39:43.800Z,34.7334149,-76.6562585,1.394,-0.13,0.05,0.18,1.965,3.074,0.51,26
$GNSS,2024-10-11T18:39:44.000Z,34.7334148,-76.6562584,1.362,-0.03,0.08,0.27,1.965,3.073,0.52,26
$GNSS,2024-10-11T18:39:44.200Z,34.7334148,-76.6562583,1.362,0.03,0.06,0.23,1.963,3.072,0.52,26
$GNSS,2024-10-11T18:39:44.400Z,34.7334147,-76.6562583,1.323,-0.14,0.01,0.29,1.962,3.070,0.51,26
$GNSS,2024-10-11T18:39:44.600Z,34.7334147,-76.6562582,1.322,0.04,0.08,0.18,1.961,3.068,0.51,26
$GNSS,2024-10-11T18:39:44.800Z,34.7334148,-76.6562582,1.332,0.03,0.08,0.21,1.960,3.066,0.51,26
$GNSS,2024-10-11T18:39:45.000Z,34.7334147,-76.6562581,1.296,-0.09,0.04,0.34,1.959,3.065,0.51,26
$GNSS,2024-10-11T18:39:45.200Z,34.7334147,-76.6562581,1.295,-0.07,0.07,0.33,1.957,3.063,0.51,26
$GNSS,2024-10-11T18:39:45.400Z,34.7334146,-76.6562581,1.279,-0.06,0.11,0.38,1.956,3.061,0.51,26
$GNSS,2024-10-11T18:39:45.600Z,34.7334146,-76.6562580,1.281,0.01,0.14,0.35,1.955,3.059,0.51,26
$GNSS,2024-10-11T18:39:45.800Z,34.7334146,-76.6562578,1.282,-0.10,0.10,0.31,1.954,3.058,0.51,26
$GNSS,2024-10-11T18:39:46.000Z,34.7334144,-76.6562578,1.276,-0.21,0.06,0.32,1.953,3.056,0.51,26
$GNSS,2024-10-11T18:39:46.200Z,34.7334140,-76.6562578,1.261,-0.24,0.09,0.26,1.952,3.055,0.51,26
$GNSS,2024-10-11T18:39:46.400Z,34.7334137,-76.6562578,1.276,-0.16,0.05,0.35,1.951,3.053,0.51,26
$GNSS,2024-10-11T18:39:46.600Z,34.7334135,-76.6562578,1.278,-0.10,0.04,0.24,1.950,3.051,0.52,26
$GNSS,2024-10-11T18:39:46.800Z,34.7334136,-76.6562578,1.261,0.16,0.03,0.25,1.949,3.049,0.55,26
$GNSS,2024-10-11T18:39:47.000Z,34.7334138,-76.6562578,1.250,0.05,0.04,0.22,1.948,3.047,0.54,26
$GNSS,2024-10-11T18:39:47.200Z,34.7334139,-76.6562577,1.204,0.00,0.00,0.13,1.947,3.045,0.52,26
$GNSS,2024-10-11T18:39:47.400Z,34.7334139,-76.6562577,1.197,0.03,0.03,0.14,1.946,3.043,0.53,26
$GNSS,2024-10-11T18:39:47.600Z,34.7334138,-76.6562577,1.198,-0.12,0.00,0.09,1.945,3.040,0.51,26
$GNSS,2024-10-11T18:39:47.800Z,34.7334137,-76.6562578,1.197,-0.02,-0.02,0.07,1.944,3.038,0.49,26
$GNSS,2024-10-11T18:39:48.000Z,34.7334138,-76.6562578,1.189,0.04,0.02,0.09,1.943,3.035,0.54,26
$GNSS,2024-10-11T18:39:48.200Z,34.7334139,-76.6562578,1.211,0.08,0.03,0.08,1.942,3.033,0.54,26
$GNSS,2024-10-11T18:39:48.400Z,34.7334141,-76.6562577,1.193,0.07,0.01,0.04,1.941,3.032,0.55,27
$GNSS,2024-10-11T18:39:48.600Z,34.7334141,-76.6562577,1.206,-0.05,0.03,0.10,1.940,3.030,0.50,27
$GNSS,2024-10-11T18:39:48.800Z,34.7334140,-76.6562574,1.224,-0.19,0.29,0.06,1.939,3.028,0.35,27
$GNSS,2024-10-11T18:39:49.000Z,34.7334139,-76.6562569,1.241,0.04,0.31,0.13,1.938,3.027,0.41,26
$GNSS,2024-10-11T18:39:49.200Z,34.7334140,-76.6562562,1.236,0.07,0.29,0.08,1.939,3.025,0.44,27
$GNSS,2024-10-11T18:39:49.400Z,34.7334140,-76.6562558,1.245,-0.06,0.22,0.20,1.939,3.024,0.45,27
$GNSS,2024-10-11T18:39:49.600Z,34.7334138,-76.6562555,1.191,-0.11,0.04,0.19,1.940,3.022,0.47,27
$GNSS,2024-10-11T18:39:49.800Z,34.7334135,-76.6562556,1.213,-0.17,-0.06,0.11,1.941,3.020,0.49,27
$GNSS,2024-10-11T18:39:50.000Z,34.7334134,-76.6562558,1.194,0.07,-0.03,0.22,1.942,3.019,0.58,27
$GNSS,2024-10-11T18:39:50.200Z,34.7334134,-76.6562560,1.209,0.07,-0.06,0.20,1.944,3.018,0.55,27
$GNSS,2024-10-11T18:39:50.400Z,34.7334135,-76.6562562,1.201,0.08,-0.12,0.16,1.945,3.017,0.48,27
$GNSS,2024-10-11T18:39:50.600Z,34.7334133,-76.6562566,1.220,-0.09,-0.09,0.15,1.947,3.016,0.46,27
$GNSS,2024-10-11T18:39:50.800Z,34.7334133,-76.6562567,1.191,0.13,0.06,0.34,1.949,3.015,0.62,27
$GNSS,2024-10-11T18:39:51.000Z,34.7334136,-76.6562566,1.175,0.17,0.08,0.24,1.950,3.014,0.65,27
$GNSS,2024-10-11T18:39:51.200Z,34.7334138,-76.6562565,1.151,0.12,-0.01,0.17,1.952,3.013,0.60,27
$GNSS,2024-10-11T18:39:51.400Z,34.7334140,-76.6562565,1.136,0.03,0.04,0.08,1.953,3.013,0.62,27
$GNSS,2024-10-11T18:39:51.600Z,34.7334139,-76.6562566,1.142,-0.05,-0.05,0.03,1.955,3.012,0.50,27
$GNSS,2024-10-11T18:39:51.800Z,34.7334139,-76.6562567,1.151,-0.06,0.00,0.01,1.956,3.011,0.49,27
$GNSS,2024-10-11T18:39:52.000Z,34.7334138,-76.6562568,1.182,-0.09,-0.04,-0.02,1.957,3.010,0.59,27
$GNSS,2024-10-11T18:39:52.200Z,34.7334136,-76.6562569,1.182,-0.13,-0.05,0.09,1.958,3.009,0.47,27
$GNSS,2024-10-11T18:39:52.400Z,34.7334135,-76.6562570,1.188,0.02,-0.02,0.09,1.959,3.008,0.53,27
$GNSS,2024-10-11T18:39:52.600Z,34.7334136,-76.6562570,1.204,0.05,0.10,0.18,1.960,3.006,0.57,27
$GNSS,2024-10-11T18:39:52.800Z,34.7334136,-76.6562571,1.229,-0.03,-0.04,0.11,1.960,3.005,0.48,27
$GNSS,2024-10-11T18:39:53.000Z,34.7334136,-76.6562572,1.253,0.04,0.00,0.08,1.960,3.004,0.56,27
$GNSS,2024-10-11T18:39:53.200Z,34.7334137,-76.6562572,1.258,0.10,0.06,0.17,1.960,3.003,0.59,27
$GNSS,2024-10-11T18:39:53.400Z,34.7334138,-76.6562571,1.254,0.03,0.10,0.26,1.960,3.002,0.55,27
$GNSS,2024-10-11T18:39:53.600Z,34.7334139,-76.6562570,1.231,0.06,0.07,0.24,1.960,3.001,0.57,27
$GNSS,2024-10-11T18:39:53.800Z,34.7334138,-76.6562570,1.221,-0.07,0.03,0.22,1.960,3.000,0.49,27
$GNSS,2024-10-11T18:39:54.000Z,34.7334136,-76.6562571,1.235,-0.15,-0.03,0.18,1.960,2.998,0.45,27
$GNSS,2024-10-11T18:39:54.200Z,34.7334134,-76.6562572,1.248,0.01,-0.01,0.25,1.960,2.997,0.53,27
$GNSS,2024-10-11T18:39:54.400Z,34.7334133,-76.6562574,1.261,-0.02,0.00,0.22,1.960,2.996,0.51,27
$GNSS,2024-10-11T18:39:54.600Z,34.7334132,-76.6562576,1.306,0.02,0.02,0.23,1.960,2.995,0.54,27
$GNSS,2024-10-11T18:39:54.800Z,34.7334133,-76.6562577,1.306,0.07,0.06,0.29,1.960,2.994,0.56,27
$GNSS,2024-10-11T18:39:55.000Z,34.7334133,-76.6562578,1.337,0.11,0.08,0.32,1.960,2.992,0.57,27
$GNSS,2024-10-11T18:39:55.200Z,34.7334134,-76.6562579,1.351,0.13,0.02,0.30,1.960,2.990,0.56,27
$GNSS,2024-10-11T18:39:55.400Z,34.7334135,-76.6562581,1.410,0.10,0.08,0.15,1.960,2.989,0.58,27
$GNSS,2024-10-11T18:39:55.600Z,34.7334135,-76.6562582,1.450,0.11,0.06,0.20,1.959,2.987,0.58,27
$GNSS,2024-10-11T18:39:55.800Z,34.7334137,-76.6562583,1.444,0.13,0.00,0.22,1.959,2.986,0.57,27
$GNSS,2024-10-11T18:39:56.000Z,34.7334138,-76.6562584,1.457,0.07,0.04,0.17,1.959,2.985,0.58,27
$GNSS,2024-10-11T18:39:56.200Z,34.7334139,-76.6562584,1.448,0.13,0.03,0.20,1.959,2.984,0.59,27
$GNSS,2024-10-11T18:39:56.400Z,34.7334141,-76.6562586,1.471,0.12,0.02,0.16,1.959,2.983,0.58,27
$GNSS,2024-10-11T18:39:56.600Z,34.7334141,-76.6562587,1.492,0.03,0.00,0.05,1.959,2.983,0.58,27
$GNSS,2024-10-11T18:39:56.800Z,34.7334143,-76.6562587,1.516,0.08,0.00,0.00,1.959,2.982,0.49,27
$GNSS,2024-10-11T18:39:57.000Z,34.7334143,-76.6562589,1.559,0.02,-0.07,-0.02,1.959,2.981,0.35,27
$GNSS,2024-10-11T18:39:57.200Z,34.7334144,-76.6562590,1.605,0.06,0.08,-0.03,1.959,2.980,0.46,27
$GNSS,2024-10-11T18:39:57.400Z,34.7334144,-76.6562590,1.603,-0.06,0.00,-0.02,1.959,2.980,0.51,27
$GNSS,2024-10-11T18:39:57.600Z,34.7334144,-76.6562592,1.627,-0.03,-0.11,-0.03,1.958,2.979,0.47,27
$GNSS,2024-10-11T18:39:57.800Z,34.7334144,-76.6562594,1.666,0.04,-0.02,-0.08,1.958,2.979,0.48,27
$GNSS,2024-10-11T18:39:58.000Z,34.7334145,-76.6562594,1.649,-0.04,-0.03,0.03,1.959,2.979,0.48,27
$GNSS,2024-10-11T18:39:58.200Z,34.7334144,-76.6562595,1.658,-0.02,0.02,0.02,1.959,2.980,0.41,27
$GNSS,2024-10-11T18:39:58.400Z,34.7334143,-76.6562596,1.684,-0.15,-0.03,-0.06,1.960,2.980,0.57,27
$GNSS,2024-10-11T18:39:58.600Z,34.7334144,-76.6562596,1.672,0.11,0.10,0.09,1.960,2.981,0.59,27
$GNSS,2024-10-11T18:39:58.800Z,34.7334146,-76.6562596,1.638,0.07,-0.05,0.17,1.961,2.981,0.54,27
$GNSS,2024-10-11T18:39:59.000Z,34.7334148,-76.6562597,1.616,0.07,0.01,0.30,1.962,2.982,0.57,27
$GNSS,2024-10-11T18:39:59.200Z,34.7334148,-76.6562598,1.586,0.02,0.02,0.27,1.962,2.983,0.55,27
$GNSS,2024-10-11T18:39:59.400Z,34.7334148,-76.6562599,1.591,-0.04,0.07,0.21,1.963,2.983,0.51,27
$GNSS,2024-10-11T18:39:59.600Z,34.7334150,-76.6562599,1.591,0.26,0.05,0.14,1.963,2.983,0.57,27
$GNSS,2024-10-11T18:39:59.800Z,34.7334155,-76.6562601,1.566,0.29,-0.10,0.20,1.964,2.985,0.53,27
$GNSS,2024-10-11T18:40:00.000Z,34.7334161,-76.6562605,1.525,0.28,-0.21,0.25,1.964,2.986,0.49,27
$GNSS,2024-10-11T18:40:00.200Z,34.7334163,-76.6562608,1.481,0.01,-0.02,0.23,1.964,2.987,0.53,27
$GNSS,2024-10-11T18:40:00.400Z,34.7334164,-76.6562607,1.436,0.00,0.16,0.12,1.963,2.987,0.48,27
$GNSS,2024-10-11T18:40:00.600Z,34.7334165,-76.6562600,1.407,0.00,0.41,0.02,1.963,2.988,0.37,27
$GNSS,2024-10-11T18:40:00.800Z,34.7334166,-76.6562589,1.420,0.05,0.66,-0.03,1.963,2.988,0.37,27
$GNSS,2024-10-11T18:40:01.000Z,34.7334167,-76.6562576,1.398,-0.10,0.59,0.03,1.963,2.989,0.38,27
$GNSS,2024-10-11T18:40:01.200Z,34.7334165,-76.6562565,1.372,-0.15,0.42,0.11,1.963,2.989,0.42,27
$GNSS,2024-10-11T18:40:01.400Z,34.7334164,-76.6562557,1.358,-0.10,0.29,0.12,1.963,2.990,0.43,27
$GNSS,2024-10-11T18:40:01.600Z,34.7334164,-76.6562554,1.262,-0.04,-0.09,0.07,1.963,2.991,0.38,27
$GNSS,2024-10-11T18:40:01.800Z,34.7334164,-76.6562556,1.261,-0.01,-0.09,-0.17,1.963,2.991,0.52,27
$GNSS,2024-10-11T18:40:02.000Z,34.7334164,-76.6562557,1.270,-0.06,0.03,-0.13,1.963,2.992,0.55,27
$GNSS,2024-10-11T18:40:02.200Z,34.7334164,-76.6562556,1.239,-0.06,0.00,0.11,1.963,2.992,0.48,27
$GNSS,2024-10-11T18:40:02.400Z,34.7334163,-76.6562558,1.133,-0.13,-0.30,0.13,1.963,2.993,0.36,27
$GNSS,2024-10-11T18:40:02.600Z,34.7334161,-76.6562565,1.065,-0.10,-0.37,0.11,1.963,2.993,0.35,27
$GNSS,2024-10-11T18:40:02.800Z,34.7334158,-76.6562571,1.022,-0.25,-0.16,0.19,1.963,2.993,0.43,27
$GNSS,2024-10-11T18:40:03.000Z,34.7334154,-76.6562575,1.027,-0.16,-0.01,0.15,1.964,2.994,0.49,27
$GNSS,2024-10-11T18:40:03.200Z,34.7334153,-76.6562573,0.977,-0.07,0.18,0.13,1.965,2.995,0.49,27
$GNSS,2024-10-11T18:40:03.400Z,34.7334153,-76.6562570,0.941,-0.01,0.06,0.20,1.967,2.996,0.52,27
$GNSS,2024-10-11T18:40:03.600Z,34.7334152,-76.6562571,0.901,-0.06,-0.03,0.19,1.968,2.997,0.46,27
$GNSS,2024-10-11T18:40:03.800Z,34.7334152,-76.6562571,0.929,0.07,0.09,0.16,1.967,2.996,0.52,27
$GNSS,2024-10-11T18:40:04.000Z,34.7334154,-76.6562571,0.931,0.09,0.09,0.27,1.967,2.996,0.52,27
$GNSS,2024-10-11T18:40:04.200Z,34.7334157,-76.6562570,0.920,0.11,0.08,0.28,1.965,2.994,0.52,27
$GNSS,2024-10-11T18:40:04.400Z,34.7334158,-76.6562571,0.916,-0.02,-0.05,0.26,1.963,2.993,0.48,27
$GNSS,2024-10-11T18:40:04.600Z,34.7334158,-76.6562572,0.895,-0.01,0.07,0.28,1.960,2.991,0.50,27
$GNSS,2024-10-11T18:40:04.800Z,34.7334161,-76.6562571,0.917,0.19,0.08,0.20,1.958,2.990,0.50,27
$GNSS,2024-10-11T18:40:05.000Z,34.7334166,-76.6562572,0.965,0.31,-0.03,0.26,1.955,2.988,0.50,27
$GNSS,2024-10-11T18:40:05.200Z,34.7334170,-76.6562571,0.986,0.13,0.17,0.32,1.952,2.987,0.51,27
$GNSS,2024-10-11T18:40:05.400Z,34.7334174,-76.6562570,0.987,0.19,0.03,0.24,1.950,2.986,0.52,27
$GNSS,2024-10-11T18:40:05.600Z,34.7334177,-76.6562571,1.001,0.15,0.00,0.31,1.949,2.985,0.55,27
$GNSS,2024-10-11T18:40:05.800Z,34.7334178,-76.6562570,0.961,0.05,0.05,0.34,1.948,2.984,0.54,27
$GNSS,2024-10-11T18:40:06.000Z,34.7334174,-76.6562570,0.981,-0.23,0.12,0.39,1.949,2.985,0.50,27
$GNSS,2024-10-11T18:40:06.200Z,34.7334170,-76.6562569,0.958,-0.13,0.05,0.45,1.951,2.988,0.53,27
$GNSS,2024-10-11T18:40:06.400Z,34.7334168,-76.6562569,0.936,0.04,-0.06,0.20,1.955,2.990,0.56,27
$GNSS,2024-10-11T18:40:06.600Z,34.7334168,-76.6562570,0.941,0.14,0.02,0.14,1.957,2.991,0.64,27
$GNSS,2024-10-11T18:40:06.800Z,34.7334170,-76.6562570,0.920,0.16,0.01,0.22,1.957,2.990,0.60,27
$GNSS,2024-10-11T18:40:07.000Z,34.7334172,-76.6562567,0.926,0.21,0.25,0.17,1.957,2.988,0.52,27
$GNSS,2024-10-11T18:40:07.200Z,34.7334173,-76.6562560,0.904,-0.06,0.46,0.17,1.957,2.986,0.38,27
$GNSS,2024-10-11T18:40:07.400Z,34.7334172,-76.6562550,0.923,0.03,0.44,0.17,1.956,2.985,0.42,27
$GNSS,2024-10-11T18:40:07.600Z,34.7334172,-76.6562544,0.912,-0.03,0.24,0.16,1.957,2.984,0.43,27
$GNSS,2024-10-11T18:40:07.800Z,34.7334171,-76.6562542,0.949,0.02,0.01,0.13,1.957,2.983,0.56,27
$GNSS,2024-10-11T18:40:08.000Z,34.7334172,-76.6562545,0.968,0.16,-0.17,0.15,1.959,2.983,0.47,27
$GNSS,2024-10-11T18:40:08.200Z,34.7334177,-76.6562552,0.969,0.46,-0.35,0.09,1.960,2.982,0.43,27
$GNSS,2024-10-11T18:40:08.400Z,34.7334181,-76.6562557,0.954,0.11,-0.17,0.08,1.960,2.979,0.38,27
$GNSS,2024-10-11T18:40:08.600Z,34.7334180,-76.6562559,0.969,-0.11,0.06,0.21,1.959,2.976,0.48,27
$GNSS,2024-10-11T18:40:08.800Z,34.7334179,-76.6562559,0.947,0.08,-0.04,0.18,1.957,2.971,0.55,27
$GNSS,2024-10-11T18:40:09.000Z,34.7334178,-76.6562561,1.011,-0.03,0.14,0.24,1.955,2.965,0.46,27
$GNSS,2024-10-11T18:40:09.200Z,34.7334176,-76.6562559,1.041,-0.03,0.11,0.10,1.953,2.959,0.38,27
$GNSS,2024-10-11T18:40:09.400Z,34.7334176,-76.6562557,1.036,0.04,0.18,0.15,1.950,2.952,0.43,28
$GNSS,2024-10-11T18:40:09.600Z,34.7334177,-76.6562555,0.962,-0.08,0.06,0.23,1.948,2.947,0.47,28
$GNSS,2024-10-11T18:40:09.800Z,34.7334179,-76.6562556,0.903,0.13,0.02,0.20,1.946,2.943,0.54,28
$GNSS,2024-10-11T18:40:10.000Z,34.7334182,-76.6562559,0.910,0.24,-0.11,0.03,1.945,2.938,0.44,28
$GNSS,2024-10-11T18:40:10.200Z,34.7334186,-76.6562563,0.943,0.14,-0.04,0.01,1.942,2.931,0.45,28
$GNSS,2024-10-11T18:40:10.400Z,34.7334188,-76.6562565,0.923,0.09,-0.01,0.14,1.939,2.925,0.50,28
$GNSS,2024-10-11T18:40:10.600Z,34.7334191,-76.6562567,0.890,0.14,-0.01,0.11,1.936,2.920,0.50,28
$GNSS,2024-10-11T18:40:10.800Z,34.7334194,-76.6562567,0.868,0.03,0.05,-0.04,1.933,2.915,0.43,28
$GNSS,2024-10-11T18:40:11.000Z,34.7334195,-76.6562568,0.852,-0.03,0.02,0.05,1.931,2.911,0.46,28
$GNSS,2024-10-11T18:40:11.200Z,34.7334196,-76.6562568,0.797,0.03,0.06,0.07,1.929,2.907,0.49,28
$GNSS,2024-10-11T18:40:11.400Z,34.7334197,-76.6562567,0.773,-0.05,0.04,0.00,1.926,2.903,0.37,28
$GNSS,2024-10-11T18:40:11.600Z,34.7334199,-76.6562567,0.737,0.03,0.00,0.02,1.924,2.899,0.52,28
$GNSS,2024-10-11T18:40:11.800Z,34.7334199,-76.6562568,0.681,-0.08,-0.10,0.04,1.922,2.895,0.43,28
$GNSS,2024-10-11T18:40:12.000Z,34.7334200,-76.6562570,0.661,0.02,-0.05,-0.07,1.920,2.891,0.45,28
$GNSS,2024-10-11T18:40:12.200Z,34.7334200,-76.6562571,0.618,-0.10,-0.04,-0.06,1.918,2.888,0.52,28
$GNSS,2024-10-11T18:40:12.400Z,34.7334199,-76.6562571,0.584,-0.07,-0.02,-0.10,1.916,2.885,0.52,28
$GNSS,2024-10-11T18:40:12.600Z,34.7334198,-76.6562572,0.539,-0.17,-0.07,-0.10,1.914,2.881,0.53,28
$GNSS,2024-10-11T18:40:12.800Z,34.7334196,-76.6562573,0.494,-0.12,-0.09,-0.10,1.912,2.878,0.52,28
$GNSS,2024-10-11T18:40:13.000Z,34.7334197,-76.6562574,0.482,0.03,-0.01,-0.16,1.910,2.875,0.49,28
$GNSS,2024-10-11T18:40:13.200Z,34.7334198,-76.6562575,0.450,-0.06,-0.04,-0.14,1.909,2.872,0.52,28
$GNSS,2024-10-11T18:40:13.400Z,34.7334199,-76.6562577,0.443,0.08,-0.06,-0.09,1.907,2.869,0.43,28
$GNSS,2024-10-11T18:40:13.600Z,34.7334201,-76.6562577,0.437,-0.08,0.08,-0.02,1.906,2.867,0.37,28
$GNSS,2024-10-11T18:40:13.800Z,34.7334201,-76.6562577,0.415,-0.02,0.04,0.08,1.904,2.864,0.47,28
$GNSS,2024-10-11T18:40:14.000Z,34.7334202,-76.6562577,0.390,-0.02,-0.02,0.04,1.902,2.861,0.47,28
$GNSS,2024-10-11T18:40:14.200Z,34.7334202,-76.6562578,0.379,-0.04,0.08,0.15,1.901,2.857,0.46,28
$GNSS,2024-10-11T18:40:14.400Z,34.7334204,-76.6562577,0.347,0.05,0.09,0.10,1.899,2.854,0.47,28
$GNSS,2024-10-11T18:40:14.600Z,34.7334205,-76.6562577,0.319,0.04,0.00,0.10,1.897,2.850,0.50,28
$GNSS,2024-10-11T18:40:14.800Z,34.7334207,-76.6562579,0.332,0.00,0.00,0.16,1.895,2.847,0.48,28
$GNSS,2024-10-11T18:40:15.000Z,34.7334207,-76.6562581,0.320,-0.03,-0.02,0.09,1.894,2.844,0.47,28
$GNSS,2024-10-11T18:40:15.200Z,34.7334209,-76.6562583,0.321,0.15,0.03,0.21,1.892,2.840,0.51,28
$GNSS,2024-10-11T18:40:15.400Z,34.7334211,-76.6562584,0.316,-0.04,0.04,0.15,1.890,2.837,0.46,28
$GNSS,2024-10-11T18:40:15.600Z,34.7334213,-76.6562584,0.322,0.10,0.15,0.20,1.889,2.834,0.49,28
$GNSS,2024-10-11T18:40:15.800Z,34.7334215,-76.6562585,0.319,0.04,-0.02,0.23,1.887,2.831,0.49,28
$GNSS,2024-10-11T18:40:16.000Z,34.7334218,-76.6562586,0.294,0.20,0.09,0.29,1.886,2.828,0.51,28
$GNSS,2024-10-11T18:40:16.200Z,34.7334220,-76.6562587,0.273,0.04,-0.03,0.25,1.885,2.825,0.49,28
$GNSS,2024-10-11T18:40:16.400Z,34.7334222,-76.6562589,0.247,0.04,0.01,0.46,1.884,2.823,0.51,28
$GNSS,2024-10-11T18:40:16.600Z,34.7334225,-76.6562592,0.210,0.11,-0.07,0.40,1.884,2.822,0.52,28
$GNSS,2024-10-11T18:40:16.800Z,34.7334224,-76.6562594,0.132,-0.21,-0.01,0.34,1.884,2.822,0.47,28
$GNSS,2024-10-11T18:40:17.000Z,34.7334220,-76.6562593,0.063,-0.27,0.08,0.33,1.885,2.823,0.47,28
$GNSS,2024-10-11T18:40:17.200Z,34.7334217,-76.6562590,-0.001,-0.21,0.24,0.30,1.886,2.824,0.45,28
$GNSS,2024-10-11T18:40:17.400Z,34.7334214,-76.6562585,-0.012,-0.21,0.32,0.33,1.887,2.825,0.45,28
$GNSS,2024-10-11T18:40:17.600Z,34.7334212,-76.6562580,-0.015,-0.08,0.23,0.17,1.887,2.825,0.43,28
$GNSS,2024-10-11T18:40:17.800Z,34.7334213,-76.6562577,-0.025,0.04,0.14,0.38,1.887,2.824,0.54,28
$GNSS,2024-10-11T18:40:18.000Z,34.7334214,-76.6562576,-0.057,-0.02,0.00,0.19,1.886,2.823,0.51,28
$GNSS,2024-10-11T18:40:18.200Z,34.7334216,-76.6562576,-0.079,0.11,0.01,0.12,1.885,2.822,0.55,28
$GNSS,2024-10-11T18:40:18.400Z,34.7334217,-76.6562575,-0.079,-0.10,0.10,0.01,1.884,2.819,0.35,28
$GNSS,2024-10-11T18:40:18.600Z,34.7334219,-76.6562575,-0.044,0.21,0.00,0.05,1.882,2.816,0.48,28
$GNSS,2024-10-11T18:40:18.800Z,34.7334223,-76.6562574,-0.066,0.08,0.02,0.01,1.880,2.813,0.49,28
$GNSS,2024-10-11T18:40:19.000Z,34.7334223,-76.6562574,-0.075,-0.06,-0.01,0.00,1.878,2.810,0.48,28
$GNSS,2024-10-11T18:40:19.200Z,34.7334225,-76.6562575,-0.075,0.17,-0.08,-0.04,1.877,2.807,0.37,28
$GNSS,2024-10-11T18:40:19.400Z,34.7334224,-76.6562576,-0.098,-0.29,-0.04,0.00,1.875,2.804,0.48,28
$GNSS,2024-10-11T18:40:19.600Z,34.7334220,-76.6562576,-0.112,-0.18,0.05,0.08,1.874,2.801,0.40,28
$GNSS,2024-10-11T18:40:19.800Z,34.7334218,-76.6562576,-0.124,-0.07,-0.03,0.07,1.873,2.798,0.44,28
$GNSS,2024-10-11T18:40:20.000Z,34.7334217,-76.6562578,-0.138,-0.02,-0.10,0.08,1.871,2.796,0.41,28
$GNSS,2024-10-11T18:40:20.200Z,34.7334217,-76.6562579,-0.146,0.03,0.06,0.17,1.871,2.793,0.51,28
$GNSS,2024-10-11T18:40:20.400Z,34.7334219,-76.6562579,-0.175,0.13,-0.03,0.08,1.870,2.791,0.47,28
$GNSS,2024-10-11T18:40:20.600Z,34.7334222,-76.6562579,-0.195,0.14,0.08,0.11,1.869,2.789,0.54,28
$GNSS,2024-10-11T18:40:20.800Z,34.7334222,-76.6562579,-0.216,-0.15,0.00,0.20,1.869,2.787,0.44,28
$GNSS,2024-10-11T18:40:21.000Z,34.7334220,-76.6562582,-0.228,0.00,-0.10,0.28,1.869,2.786,0.48,28
$GNSS,2024-10-11T18:40:21.200Z,34.7334221,-76.6562585,-0.267,0.02,-0.08,0.23,1.869,2.785,0.48,28
$GNSS,2024-10-11T18:40:21.400Z,34.7334221,-76.6562590,-0.280,0.02,-0.24,0.17,1.869,2.783,0.39,28
$GNSS,2024-10-11T18:40:21.600Z,34.7334219,-76.6562598,-0.335,-0.30,-0.41,0.44,1.869,2.781,0.45,28
$GNSS,2024-10-11T18:40:21.800Z,34.7334214,-76.6562606,-0.364,-0.12,-0.24,0.35,1.869,2.781,0.46,27
$GNSS,2024-10-11T18:40:22.000Z,34.7334213,-76.6562610,-0.365,0.08,-0.04,0.30,1.869,2.783,0.53,27
$GNSS,2024-10-11T18:40:22.200Z,34.7334212,-76.6562612,-0.339,0.09,0.06,0.15,1.869,2.784,0.55,27
$GNSS,2024-10-11T18:40:22.400Z,34.7334213,-76.6562611,-0.315,0.14,0.09,0.12,1.868,2.785,0.51,27
$GNSS,2024-10-11T18:40:22.600Z,34.7334214,-76.6562609,-0.289,0.06,0.23,0.14,1.868,2.787,0.47,27
$GNSS,2024-10-11T18:40:22.800Z,34.7334212,-76.6562607,-0.202,-0.15,0.13,-0.06,1.869,2.790,0.43,27
$GNSS,2024-10-11T18:40:23.000Z,34.7334205,-76.6562607,-0.169,-0.55,-0.05,0.10,1.871,2.793,0.51,27
$GNSS,2024-10-11T18:40:23.200Z,34.7334192,-76.6562608,-0.162,-0.85,-0.10,0.04,1.874,2.796,0.54,27
$GNSS,2024-10-11T18:40:23.400Z,34.7334181,-76.6562612,-0.159,-0.36,-0.28,-0.29,1.876,2.799,0.62,27
$GNSS,2024-10-11T18:40:23.600Z,34.7334178,-76.6562618,-0.061,-0.02,-0.27,-0.45,1.879,2.803,0.55,27
$GNSS,2024-10-11T18:40:23.800Z,34.7334173,-76.6562624,-0.007,-0.41,-0.34,-0.37,1.883,2.808,0.66,27
$GNSS,2024-10-11T18:40:24.000Z,34.7334169,-76.6562631,0.024,-0.11,-0.47,-0.29,1.888,2.813,0.53,27
$GNSS,2024-10-11T18:40:24.200Z,34.7334166,-76.6562642,0.050,-0.20,-0.60,-0.20,1.892,2.817,0.51,27
$GNSS,2024-10-11T18:40:24.400Z,34.7334164,-76.6562651,0.006,-0.22,-0.36,-0.20,1.895,2.820,0.57,28
$GNSS,2024-10-11T18:40:24.600Z,34.7334163,-76.6562655,-0.053,-0.09,-0.16,-0.04,1.897,2.822,0.54,28
$GNSS,2024-10-11T18:40:24.800Z,34.7334161,-76.6562655,-0.100,-0.32,-0.01,-0.05,1.899,2.823,0.57,28
$GNSS,2024-10-11T18:40:25.000Z,34.7334158,-76.6562654,-0.114,-0.16,0.13,0.02,1.901,2.825,0.41,28
$GNSS,2024-10-11T18:40:25.200Z,34.7334158,-76.6562651,-0.188,0.00,-0.04,0.21,1.902,2.826,0.51,28
$GNSS,2024-10-11T18:40:25.400Z,34.7334157,-76.6562652,-0.194,-0.09,-0.03,0.07,1.904,2.830,0.49,27
$GNSS,2024-10-11T18:40:25.600Z,34.7334155,-76.6562651,-0.193,-0.12,0.08,0.05,1.906,2.835,0.52,27
$GNSS,2024-10-11T18:40:25.800Z,34.7334153,-76.6562651,-0.173,-0.17,-0.08,0.21,1.909,2.840,0.48,27
$GNSS,2024-10-11T18:40:26.000Z,34.7334150,-76.6562655,-0.241,-0.27,-0.44,0.27,1.912,2.844,0.39,27
$GNSS,2024-10-11T18:40:26.200Z,34.7334145,-76.6562664,-0.224,-0.26,-0.34,0.19,1.913,2.848,0.40,27
$GNSS,2024-10-11T18:40:26.400Z,34.7334140,-76.6562671,-0.217,-0.24,-0.27,0.19,1.914,2.852,0.40,27
$GNSS,2024-10-11T18:40:26.600Z,34.7334134,-76.6562678,-0.275,-0.47,-0.45,0.22,1.915,2.856,0.41,27
$GNSS,2024-10-11T18:40:26.800Z,34.7334130,-76.6562684,-0.255,-0.04,0.03,0.46,1.917,2.861,0.53,27
$GNSS,2024-10-11T18:40:27.000Z,34.7334130,-76.6562685,-0.258,0.07,0.06,0.38,1.919,2.867,0.57,27
$GNSS,2024-10-11T18:40:27.200Z,34.7334134,-76.6562682,-0.219,0.36,0.46,0.42,1.921,2.871,0.51,27
$GNSS,2024-10-11T18:40:27.400Z,34.7334137,-76.6562674,-0.143,0.15,0.53,0.31,1.920,2.872,0.45,27
$GNSS,2024-10-11T18:40:27.600Z,34.7334136,-76.6562668,-0.115,-0.21,0.22,0.45,1.919,2.873,0.50,27
$GNSS,2024-10-11T18:40:27.800Z,34.7334131,-76.6562667,-0.078,-0.19,0.06,0.61,1.919,2.875,0.52,27
$GNSS,2024-10-11T18:40:28.000Z,34.7334128,-76.6562668,-0.094,-0.15,-0.04,0.48,1.919,2.878,0.52,27
$GNSS,2024-10-11T18:40:28.200Z,34.7334126,-76.6562671,-0.092,-0.04,-0.13,0.29,1.920,2.880,0.50,27
$GNSS,2024-10-11T18:40:28.400Z,34.7334126,-76.6562673,-0.107,-0.08,0.03,0.19,1.920,2.881,0.51,28
$GNSS,2024-10-11T18:40:28.600Z,34.7334126,-76.6562674,-0.134,-0.02,-0.08,0.25,1.920,2.882,0.51,28
$GNSS,2024-10-11T18:40:28.800Z,34.7334129,-76.6562675,-0.141,0.16,-0.01,0.04,1.918,2.881,0.48,28
$GNSS,2024-10-11T18:40:29.000Z,34.7334131,-76.6562674,-0.150,0.00,0.10,0.03,1.916,2.881,0.39,28
$GNSS,2024-10-11T18:40:29.200Z,34.7334135,-76.6562673,-0.130,0.27,0.01,-0.02,1.915,2.882,0.50,28
$GNSS,2024-10-11T18:40:29.400Z,34.7334143,-76.6562673,-0.092,0.38,-0.06,-0.23,1.915,2.884,0.49,28
$GNSS,2024-10-11T18:40:29.600Z,34.7334149,-76.6562673,-0.065,0.08,0.03,-0.03,1.915,2.885,0.50,28
$GNSS,2024-10-11T18:40:29.800Z,34.7334150,-76.6562672,-0.061,-0.08,0.12,0.04,1.916,2.887,0.40,28
$GNSS,2024-10-11T18:40:30.000Z,34.7334148,-76.6562666,-0.047,-0.33,0.37,-0.02,1.917,2.889,0.41,28
$GNSS,2024-10-11T18:40:30.200Z,34.7334141,-76.6562655,-0.018,-0.60,0.56,0.10,1.919,2.890,0.40,28
$GNSS,2024-10-11T18:40:30.400Z,34.7334133,-76.6562645,-0.062,-0.39,0.30,0.22,1.920,2.891,0.43,28
$GNSS,2024-10-11T18:40:30.600Z,34.7334130,-76.6562639,-0.105,-0.16,0.17,0.13,1.922,2.890,0.40,28
$GNSS,2024-10-11T18:40:30.800Z,34.7334129,-76.6562635,-0.131,-0.22,0.22,0.17,1.925,2.889,0.40,28
$GNSS,2024-10-11T18:40:31.000Z,34.7334124,-76.6562630,-0.116,-0.31,0.18,0.18,1.929,2.888,0.42,27
$GNSS,2024-10-11T18:40:31.200Z,34.7334123,-76.6562627,-0.101,0.12,0.06,0.07,1.931,2.887,0.60,27
$GNSS,2024-10-11T18:40:31.400Z,34.7334126,-76.6562627,-0.102,0.16,-0.11,0.07,1.933,2.885,0.50,27
$GNSS,2024-10-11T18:40:31.600Z,34.7334128,-76.6562627,-0.089,0.09,0.15,0.17,1.935,2.883,0.55,27
$GNSS,2024-10-11T18:40:31.800Z,34.7334130,-76.6562629,-0.064,0.16,-0.18,0.08,1.936,2.881,0.45,27
$GNSS,2024-10-11T18:40:32.000Z,34.7334132,-76.6562633,-0.077,0.17,-0.13,0.08,1.938,2.880,0.49,26
$GNSS,2024-10-11T18:40:32.200Z,34.7334136,-76.6562638,-0.017,0.24,-0.20,-0.03,1.940,2.880,0.43,27
$GNSS,2024-10-11T18:40:32.400Z,34.7334143,-76.6562639,-0.044,0.37,0.09,0.22,1.946,2.884,0.72,27
$GNSS,2024-10-11T18:40:32.600Z,34.7334149,-76.6562638,-0.057,0.30,0.06,0.24,1.952,2.890,0.71,27
$GNSS,2024-10-11T18:40:32.800Z,34.7334152,-76.6562640,-0.065,0.08,-0.07,0.22,1.958,2.896,0.59,27
$GNSS,2024-10-11T18:40:33.000Z,34.7334154,-76.6562642,-0.087,0.06,-0.12,0.12,1.964,2.902,0.50,27
$GNSS,2024-10-11T18:40:33.200Z,34.7334155,-76.6562644,-0.094,0.00,0.01,0.14,1.968,2.908,0.56,27
$GNSS,2024-10-11T18:40:33.400Z,34.7334154,-76.6562646,-0.038,-0.06,-0.04,0.13,1.970,2.913,0.46,27
$GNSS,2024-10-11T18:40:33.600Z,34.7334154,-76.6562646,-0.033,0.01,0.10,0.18,1.972,2.918,0.58,27
$GNSS,2024-10-11T18:40:33.800Z,34.7334155,-76.6562645,-0.022,0.01,0.14,0.12,1.974,2.924,0.57,27
$GNSS,2024-10-11T18:40:34.000Z,34.7334154,-76.6562645,0.028,-0.08,0.01,-0.06,1.975,2.929,0.54,27
$GNSS,2024-10-11T18:40:34.200Z,34.7334154,-76.6562645,0.035,-0.09,-0.13,-0.16,1.977,2.934,0.60,27
$GNSS,2024-10-11T18:40:34.400Z,34.7334153,-76.6562646,0.057,-0.13,-0.05,-0.16,1.978,2.940,0.59,27
$GNSS,2024-10-11T18:40:34.600Z,34.7334153,-76.6562645,0.056,-0.10,0.01,-0.22,1.979,2.944,0.57,27
$GNSS,2024-10-11T18:40:34.800Z,34.7334154,-76.6562643,0.059,-0.07,-0.03,-0.18,1.981,2.948,0.58,27
$GNSS,2024-10-11T18:40:35.000Z,34.7334155,-76.6562645,0.111,0.12,-0.11,-0.23,1.982,2.951,0.46,27
$GNSS,2024-10-11T18:40:35.200Z,34.7334160,-76.6562651,0.168,0.41,-0.57,-0.26,1.984,2.958,0.45,27
$GNSS,2024-10-11T18:40:35.400Z,34.7334170,-76.6562660,0.137,0.32,-0.39,-0.10,1.986,2.962,0.44,28
$GNSS,2024-10-11T18:40:35.600Z,34.7334174,-76.6562666,0.122,-0.01,-0.19,-0.05,1.987,2.965,0.53,28
$GNSS,2024-10-11T18:40:35.800Z,34.7334177,-76.6562667,0.076,0.02,-0.08,-0.18,1.988,2.966,0.56,28
$GNSS,2024-10-11T18:40:36.000Z,34.7334177,-76.6562666,0.110,-0.04,-0.01,-0.11,1.988,2.970,0.60,27
$GNSS,2024-10-11T18:40:36.200Z,34.7334178,-76.6562666,0.095,-0.02,-0.07,-0.17,1.988,2.973,0.55,27
$GNSS,2024-10-11T18:40:36.400Z,34.7334177,-76.6562665,0.124,-0.01,0.05,0.02,1.986,2.975,0.47,27
$GNSS,2024-10-11T18:40:36.600Z,34.7334180,-76.6562664,0.132,0.25,0.06,0.06,1.985,2.977,0.48,27
$GNSS,2024-10-11T18:40:36.800Z,34.7334182,-76.6562666,0.098,0.07,-0.24,0.11,1.984,2.979,0.48,27
$GNSS,2024-10-11T18:40:37.000Z,34.7334179,-76.6562664,0.075,-0.29,0.27,0.11,1.982,2.981,0.51,27
$GNSS,2024-10-11T18:40:37.200Z,34.7334171,-76.6562657,0.095,-0.32,0.51,0.19,1.981,2.984,0.49,27
$GNSS,2024-10-11T18:40:37.400Z,34.7334164,-76.6562643,0.135,-0.24,0.80,0.18,1.980,2.986,0.46,27
$GNSS,2024-10-11T18:40:37.600Z,34.7334158,-76.6562630,0.199,-0.21,0.63,0.39,1.978,2.988,0.48,27
$GNSS,2024-10-11T18:40:37.800Z,34.7334155,-76.6562620,0.204,-0.02,0.35,0.44,1.977,2.990,0.50,27
$GNSS,2024-10-11T18:40:38.000Z,34.7334151,-76.6562612,0.222,-0.18,0.49,0.21,1.975,2.992,0.47,27
$GNSS,2024-10-11T18:40:38.200Z,34.7334147,-76.6562606,0.247,-0.13,0.15,0.26,1.973,2.993,0.50,27
$GNSS,2024-10-11T18:40:38.400Z,34.7334144,-76.6562608,0.300,0.06,-0.11,0.21,1.972,2.995,0.57,27
$GNSS,2024-10-11T18:40:38.600Z,34.7334146,-76.6562614,0.315,0.22,-0.27,0.17,1.971,2.997,0.53,27
$GNSS,2024-10-11T18:40:38.800Z,34.7334149,-76.6562617,0.340,0.19,-0.04,0.02,1.970,2.999,0.46,27
$GNSS,2024-10-11T18:40:39.000Z,34.7334154,-76.6562623,0.296,0.24,-0.42,0.34,1.970,3.002,0.55,27
$GNSS,2024-10-11T18:40:39.200Z,34.7334159,-76.6562634,0.244,0.19,-0.58,0.29,1.969,3.004,0.55,27
$GNSS,2024-10-11T18:40:39.400Z,34.7334159,-76.6562644,0.270,-0.09,-0.30,0.20,1.968,3.006,0.50,27
$GNSS,2024-10-11T18:40:39.600Z,34.7334156,-76.6562648,0.240,-0.19,-0.06,0.13,1.968,3.009,0.53,27
$GNSS,2024-10-11T18:40:39.800Z,34.7334151,-76.6562646,0.213,-0.28,0.27,0.17,1.969,3.013,0.53,27
$GNSS,2024-10-11T18:40:40.000Z,34.7334144,-76.6562639,0.208,-0.41,0.49,0.16,1.970,3.015,0.49,27
$GNSS,2024-10-11T18:40:40.200Z,34.7334136,-76.6562629,0.177,-0.44,0.55,0.31,1.971,3.016,0.44,27
$GNSS,2024-10-11T18:40:40.400Z,34.7334129,-76.6562620,0.104,-0.50,0.34,0.38,1.971,3.013,0.44,28
$GNSS,2024-10-11T18:40:40.600Z,34.7334119,-76.6562620,0.173,-0.43,-0.11,0.36,1.971,3.012,0.47,27
$GNSS,2024-10-11T18:40:40.800Z,34.7334114,-76.6562621,0.157,-0.09,0.03,0.30,1.972,3.005,0.45,27
$GNSS,2024-10-11T18:40:41.000Z,34.7334115,-76.6562625,0.172,0.22,-0.30,0.15,1.972,2.997,0.45,27
$GNSS,2024-10-11T18:40:41.200Z,34.7334119,-76.6562634,0.236,0.26,-0.34,0.16,1.973,2.991,0.46,27
$GNSS,2024-10-11T18:40:41.400Z,34.7334123,-76.6562644,0.214,0.15,-0.50,0.25,1.974,2.986,0.43,27
$GNSS,2024-10-11T18:40:41.600Z,34.7334126,-76.6562654,0.233,0.17,-0.35,0.23,1.975,2.982,0.50,27
$GNSS,2024-10-11T18:40:41.800Z,34.7334131,-76.6562658,0.335,0.34,0.05,0.03,1.975,2.980,0.52,27
$GNSS,2024-10-11T18:40:42.000Z,34.7334141,-76.6562652,0.338,0.64,0.40,-0.02,1.975,2.977,0.47,27
$GNSS,2024-10-11T18:40:42.200Z,34.7334150,-76.6562646,0.377,0.29,0.18,-0.05,1.975,2.978,0.46,27
$GNSS,2024-10-11T18:40:42.400Z,34.7334162,-76.6562644,0.347,0.83,-0.07,0.32,1.977,2.981,0.52,27
$GNSS,2024-10-11T18:40:42.600Z,34.7334173,-76.6562649,0.367,0.51,-0.33,0.22,1.979,2.985,0.50,27
$GNSS,2024-10-11T18:40:42.800Z,34.7334179,-76.6562655,0.317,0.09,-0.27,0.14,1.982,2.990,0.46,28
$GNSS,2024-10-11T18:40:43.000Z,34.7334181,-76.6562660,0.320,0.02,-0.16,0.12,1.986,2.995,0.44,28
$GNSS,2024-10-11T18:40:43.200Z,34.7334181,-76.6562663,0.310,-0.11,-0.09,-0.03,1.990,2.999,0.63,28
$GNSS,2024-10-11T18:40:43.400Z,34.7334179,-76.6562668,0.391,-0.17,-0.08,-0.10,1.992,3.001,0.65,28
$GNSS,2024-10-11T18:40:43.600Z,34.7334177,-76.6562671,0.419,-0.20,-0.07,-0.07,1.992,3.003,0.60,28
$GNSS,2024-10-11T18:40:43.800Z,34.7334176,-76.6562671,0.442,-0.12,0.21,-0.15,1.992,3.004,0.48,28
$GNSS,2024-10-11T18:40:44.000Z,34.7334171,-76.6562665,0.393,-0.49,0.24,-0.31,1.992,3.005,0.59,28
$GNSS,2024-10-11T18:40:44.200Z,34.7334166,-76.6562659,0.334,-0.33,0.18,-0.15,1.991,3.006,0.57,28
$GNSS,2024-10-11T18:40:44.400Z,34.7334163,-76.6562656,0.301,-0.17,0.05,-0.14,1.991,3.007,0.59,28
$GNSS,2024-10-11T18:40:44.600Z,34.7334158,-76.6562654,0.168,-0.55,-0.10,-0.08,1.990,3.006,0.54,28
$GNSS,2024-10-11T18:40:44.800Z,34.7334150,-76.6562656,0.075,-0.48,-0.23,-0.04,1.990,3.006,0.49,28
$GNSS,2024-10-11T18:40:45.000Z,34.7334146,-76.6562656,0.018,-0.10,0.05,-0.14,1.989,3.006,0.57,28
$GNSS,2024-10-11T18:40:45.200Z,34.7334146,-76.6562651,0.005,0.13,0.36,0.03,1.989,3.007,0.38,27
$GNSS,2024-10-11T18:40:45.400Z,34.7334150,-76.6562641,-0.013,0.21,0.63,0.35,1.988,3.009,0.45,27
$GNSS,2024-10-11T18:40:45.600Z,34.7334148,-76.6562634,0.014,-0.39,0.15,-0.03,1.987,3.010,0.58,27
$GNSS,2024-10-11T18:40:45.800Z,34.7334136,-76.6562637,0.130,-0.89,-0.33,-0.39,1.986,3.009,0.45,27
$GNSS,2024-10-11T18:40:46.000Z,34.7334123,-76.6562641,0.184,-0.70,-0.13,-0.35,1.985,3.011,0.50,27
$GNSS,2024-10-11T18:40:46.200Z,34.7334114,-76.6562636,0.126,-0.50,0.45,0.21,1.985,3.014,0.46,27
$GNSS,2024-10-11T18:40:46.400Z,34.7334102,-76.6562623,0.057,-0.92,0.64,0.36,1.985,3.016,0.41,27
$GNSS,2024-10-11T18:40:46.600Z,34.7334091,-76.6562604,0.052,-0.44,1.11,0.19,1.984,3.016,0.43,27
$GNSS,2024-10-11T18:40:46.800Z,34.7334083,-76.6562590,0.102,-0.47,0.43,0.02,1.982,3.015,0.40,27
$GNSS,2024-10-11T18:40:47.000Z,34.7334071,-76.6562579,0.100,-0.88,0.62,0.38,1.980,3.016,0.42,27
$GNSS,2024-10-11T18:40:47.200Z,34.7334054,-76.6562566,0.106,-1.06,0.64,0.35,1.978,3.016,0.42,27
$GNSS,2024-10-11T18:40:47.400Z,34.7334040,-76.6562552,0.221,-0.57,0.60,-0.40,1.976,3.014,0.47,27
$GNSS,2024-10-11T18:40:47.600Z,34.7334027,-76.6562535,0.191,-0.86,0.91,0.64,1.974,3.013,0.46,27
$GNSS,2024-10-11T18:40:47.800Z,34.7334015,-76.6562514,0.168,-0.54,1.09,0.33,1.973,3.011,0.44,27
$GNSS,2024-10-11T18:40:48.000Z,34.7334000,-76.6562494,0.303,-0.84,1.00,-0.11,1.972,3.010,0.48,27
$GNSS,2024-10-11T18:40:48.200Z,34.7333987,-76.6562471,0.246,-0.63,1.13,0.84,1.970,3.010,0.45,27
$GNSS,2024-10-11T18:40:48.400Z,34.7333973,-76.6562450,0.231,-0.83,0.90,0.18,1.969,3.009,0.47,27
$GNSS,2024-10-11T18:40:48.600Z,34.7333958,-76.6562429,0.286,-0.78,1.00,-0.07,1.969,3.009,0.48,27
$GNSS,2024-10-11T18:40:48.800Z,34.7333944,-76.6562405,0.218,-0.76,1.11,0.57,1.967,3.009,0.46,27
$GNSS,2024-10-11T18:40:49.000Z,34.7333928,-76.6562380,0.208,-0.95,1.08,0.01,1.966,3.008,0.47,27
$GNSS,2024-10-11T18:40:49.200Z,34.7333909,-76.6562357,0.289,-1.03,1.02,-0.23,1.964,3.007,0.47,27
$GNSS,2024-10-11T18:40:49.400Z,34.7333893,-76.6562336,0.260,-0.86,0.87,0.52,1.963,3.008,0.48,27
$GNSS,2024-10-11T18:40:49.600Z,34.7333874,-76.6562315,0.268,-1.06,1.02,0.03,1.963,3.009,0.48,27
$GNSS,2024-10-11T18:40:49.800Z,34.7333856,-76.6562292,0.364,-0.87,1.07,-0.43,1.963,3.009,0.49,27
$GNSS,2024-10-11T18:40:50.000Z,34.7333842,-76.6562270,0.354,-0.88,0.90,0.45,1.962,3.010,0.47,27
$GNSS,2024-10-11T18:40:50.200Z,34.7333825,-76.6562248,0.319,-0.93,1.01,0.18,1.962,3.010,0.48,27
$GNSS,2024-10-11T18:40:50.400Z,34.7333805,-76.6562230,0.425,-1.10,0.64,-0.39,1.961,3.009,0.51,27
$GNSS,2024-10-11T18:40:50.600Z,34.7333788,-76.6562211,0.402,-0.94,0.99,0.28,1.959,3.007,0.47,27
$GNSS,2024-10-11T18:40:50.800Z,34.7333769,-76.6562191,0.379,-1.04,0.88,0.19,1.958,3.006,0.46,27
$GNSS,2024-10-11T18:40:51.000Z,34.7333751,-76.6562169,0.361,-0.93,1.01,-0.11,1.957,3.005,0.46,27
$GNSS,2024-10-11T18:40:51.200Z,34.7333735,-76.6562146,0.309,-0.83,1.07,0.54,1.955,3.004,0.44,27
$GNSS,2024-10-11T18:40:51.400Z,34.7333720,-76.6562121,0.272,-0.81,1.18,0.26,1.954,3.004,0.46,27
$GNSS,2024-10-11T18:40:51.600Z,34.7333703,-76.6562098,0.297,-0.90,0.88,-0.05,1.953,3.003,0.47,27
$GNSS,2024-10-11T18:40:51.800Z,34.7333689,-76.6562080,0.243,-0.78,0.67,0.35,1.953,3.003,0.46,27
$GNSS,2024-10-11T18:40:52.000Z,34.7333672,-76.6562061,0.165,-1.02,1.00,0.37,1.952,3.002,0.47,27
$GNSS,2024-10-11T18:40:52.200Z,34.7333657,-76.6562038,0.137,-0.66,1.06,0.17,1.951,3.002,0.46,27
$GNSS,2024-10-11T18:40:52.400Z,34.7333640,-76.6562015,0.103,-1.08,0.98,0.31,1.950,3.002,0.52,27
$GNSS,2024-10-11T18:40:52.600Z,34.7333622,-76.6561993,0.029,-0.86,1.09,0.62,1.950,3.002,0.48,27
$GNSS,2024-10-11T18:40:52.800Z,34.7333605,-76.6561967,0.058,-0.90,1.22,-0.23,1.949,3.002,0.49,27
$GNSS,2024-10-11T18:40:53.000Z,34.7333592,-76.6561943,0.079,-0.67,0.95,0.07,1.948,3.001,0.48,27
$GNSS,2024-10-11T18:40:53.200Z,34.7333578,-76.6561919,0.082,-0.80,1.35,0.39,1.947,3.001,0.44,27
$GNSS,2024-10-11T18:40:53.400Z,34.7333562,-76.6561891,0.132,-0.88,1.23,-0.24,1.947,3.002,0.48,27
$GNSS,2024-10-11T18:40:53.600Z,34.7333547,-76.6561873,0.264,-0.74,0.60,-0.25,1.946,3.003,0.52,27
$GNSS,2024-10-11T18:40:53.800Z,34.7333538,-76.6561848,0.213,-0.37,1.47,0.03,1.946,3.004,0.42,27
$GNSS,2024-10-11T18:40:54.000Z,34.7333528,-76.6561820,0.220,-0.73,1.08,-0.19,1.946,3.004,0.48,27
$GNSS,2024-10-11T18:40:54.200Z,34.7333516,-76.6561801,0.273,-0.63,0.78,0.02,1.946,3.005,0.48,27
$GNSS,2024-10-11T18:40:54.400Z,34.7333508,-76.6561785,0.265,-0.34,0.78,0.29,1.946,3.006,0.45,27
$GNSS,2024-10-11T18:40:54.600Z,34.7333500,-76.6561768,0.250,-0.60,0.83,-0.08,1.946,3.006,0.47,27
$GNSS,2024-10-11T18:40:54.800Z,34.7333488,-76.6561751,0.303,-0.70,0.76,-0.21,1.945,3.007,0.48,27
$GNSS,2024-10-11T18:40:55.000Z,34.7333477,-76.6561735,0.243,-0.65,0.67,0.04,1.944,3.008,0.49,27
$GNSS,2024-10-11T18:40:55.200Z,34.7333470,-76.6561713,0.215,-0.23,1.26,-0.09,1.943,3.009,0.39,27
$GNSS,2024-10-11T18:40:55.400Z,34.7333462,-76.6561683,0.236,-0.65,1.40,-0.42,1.945,3.013,0.46,27
$GNSS,2024-10-11T18:40:55.600Z,34.7333451,-76.6561665,0.206,-0.86,0.32,-0.38,1.949,3.015,0.60,28
$GNSS,2024-10-11T18:40:55.800Z,34.7333442,-76.6561652,-0.010,-0.69,0.53,0.20,1.953,3.015,0.42,28
$GNSS,2024-10-11T18:40:56.000Z,34.7333434,-76.6561645,-0.070,-0.44,0.12,-0.08,1.956,3.014,0.53,28
$GNSS,2024-10-11T18:40:56.200Z,34.7333424,-76.6561645,-0.016,-0.72,0.04,0.00,1.960,3.017,0.56,27
$GNSS,2024-10-11T18:40:56.400Z,34.7333415,-76.6561638,-0.114,-0.58,0.42,0.10,1.964,3.015,0.37,28
$GNSS,2024-10-11T18:40:56.600Z,34.7333408,-76.6561637,-0.146,-0.43,-0.12,-0.08,1.969,3.016,0.70,28
$GNSS,2024-10-11T18:40:56.800Z,34.7333394,-76.6561628,-0.023,-1.00,1.09,-0.25,1.976,3.021,0.47,27
$GNSS,2024-10-11T18:40:57.000Z,34.7333378,-76.6561611,-0.009,-0.82,0.48,-0.03,1.982,3.026,0.49,27
$GNSS,2024-10-11T18:40:57.200Z,34.7333368,-76.6561605,-0.073,-0.57,0.16,0.14,1.986,3.025,0.47,28
$GNSS,2024-10-11T18:40:57.400Z,34.7333362,-76.6561605,-0.071,-0.26,0.13,0.08,1.988,3.023,0.40,28
$GNSS,2024-10-11T18:40:57.600Z,34.7333358,-76.6561605,-0.126,-0.33,-0.04,0.09,1.987,3.018,0.41,28
$GNSS,2024-10-11T18:40:57.800Z,34.7333353,-76.6561610,-0.108,-0.32,-0.04,0.07,1.986,3.014,0.41,28
$GNSS,2024-10-11T18:40:58.000Z,34.7333349,-76.6561612,-0.174,-0.35,-0.05,0.18,1.985,3.010,0.40,28
$GNSS,2024-10-11T18:40:58.200Z,34.7333344,-76.6561610,-0.188,-0.13,0.25,0.22,1.985,3.010,0.45,27
$GNSS,2024-10-11T18:40:58.400Z,34.7333343,-76.6561609,-0.254,-0.24,0.04,0.16,1.984,3.006,0.38,28
$GNSS,2024-10-11T18:40:58.600Z,34.7333341,-76.6561611,-0.269,-0.09,0.00,0.26,1.983,3.002,0.46,28
$GNSS,2024-10-11T18:40:58.800Z,34.7333341,-76.6561616,-0.332,0.04,-0.25,0.29,1.982,2.998,0.43,28
$GNSS,2024-10-11T18:40:59.000Z,34.7333340,-76.6561625,-0.393,-0.23,-0.40,0.20,1.982,2.994,0.46,28
$GNSS,2024-10-11T18:40:59.200Z,34.7333337,-76.6561628,-0.424,-0.17,0.21,0.18,1.982,2.992,0.41,28
$GNSS,2024-10-11T18:40:59.400Z,34.7333334,-76.6561628,-0.518,-0.39,-0.15,0.27,1.982,2.990,0.47,28
$GNSS,2024-10-11T18:40:59.600Z,34.7333332,-76.6561634,-0.492,0.21,-0.28,-0.17,1.983,2.988,0.37,28
$GNSS,2024-10-11T18:40:59.800Z,34.7333331,-76.6561639,-0.521,-0.30,-0.08,0.00,1.984,2.987,0.58,28
$GNSS,2024-10-11T18:41:00.000Z,34.7333329,-76.6561637,-0.571,0.04,0.13,0.14,1.986,2.988,0.57,27
$GNSS,2024-10-11T18:41:00.200Z,34.7333329,-76.6561635,-0.561,0.18,0.19,0.09,1.987,2.990,0.56,27
$GNSS,2024-10-11T18:41:00.400Z,34.7333334,-76.6561627,-0.611,0.39,0.49,0.20,1.989,2.993,0.51,27
$GNSS,2024-10-11T18:41:00.600Z,34.7333336,-76.6561617,-0.637,0.00,0.55,0.25,1.989,2.993,0.45,27
$GNSS,2024-10-11T18:41:00.800Z,34.7333333,-76.6561607,-0.663,-0.17,0.40,0.25,1.989,2.994,0.44,27
$GNSS,2024-10-11T18:41:01.000Z,34.7333332,-76.6561603,-0.736,-0.08,0.04,0.16,1.988,2.993,0.49,28
$GNSS,2024-10-11T18:41:01.200Z,34.7333331,-76.6561602,-0.785,-0.15,0.19,0.28,1.987,2.992,0.47,28
$GNSS,2024-10-11T18:41:01.400Z,34.7333327,-76.6561604,-0.856,-0.38,-0.25,0.31,1.985,2.990,0.45,28
$GNSS,2024-10-11T18:41:01.600Z,34.7333320,-76.6561613,-0.862,-0.47,-0.31,0.18,1.985,2.989,0.49,28
$GNSS,2024-10-11T18:41:01.800Z,34.7333314,-76.6561619,-0.911,-0.48,-0.19,0.38,1.985,2.987,0.48,28
$GNSS,2024-10-11T18:41:02.000Z,34.7333307,-76.6561623,-1.008,-0.51,-0.19,0.28,1.985,2.986,0.50,28
$GNSS,2024-10-11T18:41:02.200Z,34.7333304,-76.6561626,-1.059,-0.05,-0.08,0.19,1.986,2.985,0.46,28
$GNSS,2024-10-11T18:41:02.400Z,34.7333307,-76.6561630,-1.138,0.13,-0.39,0.06,1.986,2.983,0.33,28
$GNSS,2024-10-11T18:41:02.600Z,34.7333312,-76.6561634,-1.159,0.21,0.09,-0.01,1.987,2.983,0.55,28
$GNSS,2024-10-11T18:41:02.800Z,34.7333320,-76.6561634,-1.152,0.43,0.17,0.26,1.986,2.980,0.60,28
$GNSS,2024-10-11T18:41:03.000Z,34.7333327,-76.6561636,-1.281,0.18,-0.36,0.38,1.987,2.980,0.46,28
$GNSS,2024-10-11T18:41:03.200Z,34.7333333,-76.6561640,-1.294,0.35,0.11,-0.17,1.989,2.978,0.47,28
$GNSS,2024-10-11T18:41:03.400Z,34.7333344,-76.6561637,-1.285,0.60,0.24,0.03,1.990,2.977,0.52,28
$GNSS,2024-10-11T18:41:03.600Z,34.7333355,-76.6561633,-1.301,0.44,0.21,0.25,1.988,2.974,0.53,28
$GNSS,2024-10-11T18:41:03.800Z,34.7333362,-76.6561629,-1.311,0.19,0.37,0.22,1.987,2.972,0.49,28
$GNSS,2024-10-11T18:41:04.000Z,34.7333367,-76.6561619,-1.292,0.25,0.74,0.06,1.985,2.970,0.42,28
$GNSS,2024-10-11T18:41:04.200Z,34.7333372,-76.6561610,-1.342,0.19,0.17,0.31,1.983,2.970,0.52,28
$GNSS,2024-10-11T18:41:04.400Z,34.7333376,-76.6561608,-1.399,0.08,0.10,0.24,1.982,2.968,0.52,28
$GNSS,2024-10-11T18:41:04.600Z,34.7333377,-76.6561605,-1.466,-0.07,0.31,0.31,1.981,2.968,0.46,28
$GNSS,2024-10-11T18:41:04.800Z,34.7333378,-76.6561602,-1.529,0.01,0.14,0.23,1.979,2.967,0.49,28
$GNSS,2024-10-11T18:41:05.000Z,34.7333378,-76.6561600,-1.599,-0.19,0.15,0.23,1.978,2.965,0.48,28
$GNSS,2024-10-11T18:41:05.200Z,34.7333378,-76.6561598,-1.673,-0.05,0.19,0.21,1.978,2.965,0.48,28
$GNSS,2024-10-11T18:41:05.400Z,34.7333378,-76.6561598,-1.710,-0.23,-0.06,0.04,1.978,2.963,0.53,28
$GNSS,2024-10-11T18:41:05.600Z,34.7333375,-76.6561603,-1.744,-0.30,-0.23,-0.07,1.979,2.962,0.58,28
$GNSS,2024-10-11T18:41:05.800Z,34.7333373,-76.6561608,-1.764,-0.18,-0.16,-0.08,1.979,2.960,0.57,28
$GNSS,2024-10-11T18:41:06.000Z,34.7333370,-76.6561610,-1.784,-0.24,-0.08,-0.13,1.978,2.956,0.58,28
$GNSS,2024-10-11T18:41:06.200Z,34.7333369,-76.6561613,-1.809,-0.03,-0.19,-0.09,1.977,2.953,0.43,28
$GNSS,2024-10-11T18:41:06.400Z,34.7333369,-76.6561617,-1.848,-0.06,-0.24,-0.15,1.976,2.949,0.45,28
$GNSS,2024-10-11T18:41:06.600Z,34.7333367,-76.6561621,-1.879,-0.25,-0.19,-0.15,1.975,2.946,0.54,28
$GNSS,2024-10-11T18:41:06.800Z,34.7333363,-76.6561622,-1.926,-0.21,-0.13,-0.11,1.974,2.942,0.56,28
$GNSS,2024-10-11T18:41:07.000Z,34.7333362,-76.6561621,-1.951,-0.04,0.13,-0.19,1.973,2.939,0.42,28
$GNSS,2024-10-11T18:41:07.200Z,34.7333364,-76.6561618,-1.951,0.18,0.18,-0.12,1.972,2.935,0.46,28
$GNSS,2024-10-11T18:41:07.400Z,34.7333369,-76.6561614,-1.963,0.26,0.24,-0.03,1.971,2.933,0.51,28
$GNSS,2024-10-11T18:41:07.600Z,34.7333375,-76.6561611,-1.938,0.25,0.27,-0.02,1.972,2.931,0.55,28
$GNSS,2024-10-11T18:41:07.800Z,34.7333381,-76.6561610,-1.958,0.21,-0.05,0.09,1.973,2.931,0.59,28
$GNSS,2024-10-11T18:41:08.000Z,34.7333388,-76.6561612,-2.106,0.39,-0.29,0.42,1.975,2.930,0.52,28
$GNSS,2024-10-11T18:41:08.200Z,34.7333394,-76.6561618,-2.072,0.36,-0.10,0.18,1.977,2.930,0.59,28
$GNSS,2024-10-11T18:41:08.400Z,34.7333393,-76.6561621,-2.117,-0.27,-0.20,0.23,1.977,2.930,0.46,28
$GNSS,2024-10-11T18:41:08.600Z,34.7333387,-76.6561625,-2.075,-0.10,-0.02,0.15,1.978,2.931,0.48,28
$GNSS,2024-10-11T18:41:08.800Z,34.7333385,-76.6561624,-2.101,0.01,0.18,0.48,1.979,2.932,0.53,28
$GNSS,2024-10-11T18:41:09.000Z,34.7333381,-76.6561624,-2.130,-0.18,-0.07,0.67,1.980,2.933,0.47,28
$GNSS,2024-10-11T18:41:09.200Z,34.7333374,-76.6561622,-2.197,-0.26,0.12,-0.23,1.980,2.937,0.57,28
$GNSS,2024-10-11T18:41:09.400Z,34.7333369,-76.6561615,-2.143,-0.14,0.58,0.06,1.980,2.940,0.40,28
$GNSS,2024-10-11T18:41:09.600Z,34.7333367,-76.6561611,-2.123,0.07,-0.11,0.48,1.978,2.942,0.54,28
$GNSS,2024-10-11T18:41:09.800Z,34.7333365,-76.6561614,-2.190,-0.04,-0.14,0.50,1.977,2.948,0.56,28
$GNSS,2024-10-11T18:41:10.000Z,34.7333361,-76.6561613,-2.306,-0.20,0.14,0.69,1.978,2.955,0.60,28
$GNSS,2024-10-11T18:41:10.200Z,34.7333356,-76.6561609,-2.368,-0.25,0.23,0.50,1.980,2.963,0.62,28
$GNSS,2024-10-11T18:41:10.400Z,34.7333353,-76.6561608,-2.290,0.05,0.00,0.34,1.984,2.975,0.68,28
$GNSS,2024-10-11T18:41:10.600Z,34.7333355,-76.6561615,-2.247,0.37,-0.42,0.42,1.990,2.989,0.61,28
$GNSS,2024-10-11T18:41:10.800Z,34.7333356,-76.6561618,-2.225,0.06,0.06,0.22,1.995,2.998,0.69,28
$GNSS,2024-10-11T18:41:11.000Z,34.7333355,-76.6561618,-2.205,0.02,-0.05,0.21,1.999,3.004,0.62,28
$GNSS,2024-10-11T18:41:11.200Z,34.7333352,-76.6561617,-2.212,-0.04,0.07,0.27,2.001,3.008,0.63,28
$GNSS,2024-10-11T18:41:11.400Z,34.7333348,-76.6561614,-2.234,-0.20,0.10,0.21,2.002,3.012,0.54,28
$GNSS,2024-10-11T18:41:11.600Z,34.7333344,-76.6561611,-2.176,-0.01,0.14,0.10,2.005,3.014,0.52,28
$GNSS,2024-10-11T18:41:11.800Z,34.7333341,-76.6561609,-2.149,-0.13,0.04,0.04,2.006,3.014,0.49,28
$GNSS,2024-10-11T18:41:12.000Z,34.7333337,-76.6561607,-2.094,-0.08,0.20,0.26,2.007,3.012,0.51,28
$GNSS,2024-10-11T18:41:12.200Z,34.7333334,-76.6561600,-2.140,-0.16,0.35,0.21,2.008,3.008,0.39,28
$GNSS,2024-10-11T18:41:12.400Z,34.7333331,-76.6561590,-2.227,-0.13,0.42,0.55,2.010,3.011,0.54,28
$GNSS,2024-10-11T18:41:12.600Z,34.7333328,-76.6561586,-2.172,-0.01,-0.06,0.05,2.013,3.016,0.45,28
$GNSS,2024-10-11T18:41:12.800Z,34.7333329,-76.6561588,-2.216,0.00,-0.29,0.18,2.016,3.021,0.47,28
$GNSS,2024-10-11T18:41:13.000Z,34.7333329,-76.6561593,-2.192,0.04,-0.19,0.02,2.018,3.023,0.41,28
$GNSS,2024-10-11T18:41:13.200Z,34.7333329,-76.6561595,-2.175,0.07,-0.08,0.11,2.018,3.024,0.53,28
$GNSS,2024-10-11T18:41:13.400Z,34.7333329,-76.6561594,-2.142,0.07,0.23,0.10,2.019,3.023,0.52,28
$GNSS,2024-10-11T18:41:13.600Z,34.7333327,-76.6561591,-2.103,-0.11,0.11,0.03,2.018,3.021,0.39,28
$GNSS,2024-10-11T18:41:13.800Z,34.7333324,-76.6561590,-2.049,-0.08,0.14,0.19,2.016,3.018,0.50,28
$GNSS,2024-10-11T18:41:14.000Z,34.7333321,-76.6561587,-2.019,-0.02,0.08,0.16,2.013,3.017,0.54,28
$GNSS,2024-10-11T18:41:14.200Z,34.7333319,-76.6561587,-2.000,-0.17,-0.06,0.11,2.011,3.015,0.47,28
$GNSS,2024-10-11T18:41:14.400Z,34.7333317,-76.6561588,-1.983,-0.03,-0.09,0.15,2.009,3.015,0.48,28
$GNSS,2024-10-11T18:41:14.600Z,34.7333316,-76.6561590,-1.987,0.04,-0.06,0.14,2.006,3.012,0.52,28
$GNSS,2024-10-11T18:41:14.800Z,34.7333314,-76.6561591,-2.006,-0.10,-0.01,0.12,2.004,3.009,0.49,28
$GNSS,2024-10-11T18:41:15.000Z,34.7333312,-76.6561592,-1.974,0.00,-0.02,-0.04,2.002,3.008,0.56,27
$GNSS,2024-10-11T18:41:15.200Z,34.7333312,-76.6561592,-1.977,0.19,0.01,-0.11,2.000,3.003,0.46,28
$GNSS,2024-10-11T18:41:15.400Z,34.7333318,-76.6561591,-1.997,0.41,-0.11,-0.15,1.999,3.003,0.50,28
$GNSS,2024-10-11T18:41:15.600Z,34.7333321,-76.6561593,-2.044,0.02,-0.23,-0.01,2.000,3.004,0.39,28
$GNSS,2024-10-11T18:41:15.800Z,34.7333323,-76.6561603,-2.010,0.15,-0.68,-0.18,2.002,3.005,0.40,28
$GNSS,2024-10-11T18:41:16.000Z,34.7333327,-76.6561617,-1.998,0.20,-0.64,-0.08,2.004,3.005,0.38,27
$GNSS,2024-10-11T18:41:16.200Z,34.7333330,-76.6561622,-2.027,0.02,-0.06,-0.04,2.007,3.007,0.48,27
$GNSS,2024-10-11T18:41:16.400Z,34.7333329,-76.6561625,-2.028,-0.04,-0.28,0.00,2.008,3.005,0.40,28
$GNSS,2024-10-11T18:41:16.600Z,34.7333330,-76.6561630,-2.031,0.08,-0.27,-0.03,2.009,3.002,0.38,28
$GNSS,2024-10-11T18:41:16.800Z,34.7333335,-76.6561635,-2.043,0.37,-0.26,0.04,2.008,2.998,0.42,28
$GNSS,2024-10-11T18:41:17.000Z,34.7333338,-76.6561636,-2.051,0.00,0.09,0.04,2.008,2.998,0.42,28
$GNSS,2024-10-11T18:41:17.200Z,34.7333340,-76.6561629,-2.024,0.06,0.46,-0.13,2.008,2.995,0.41,27
$GNSS,2024-10-11T18:41:17.400Z,34.7333344,-76.6561620,-2.006,0.21,0.41,-0.08,2.009,2.997,0.54,27
$GNSS,2024-10-11T18:41:17.600Z,34.7333349,-76.6561619,-1.898,0.15,0.05,-0.02,2.010,2.998,0.60,27
$GNSS,2024-10-11T18:41:17.800Z,34.7333350,-76.6561620,-1.830,0.09,-0.03,-0.08,2.010,2.998,0.55,28
$GNSS,2024-10-11T18:41:18.000Z,34.7333351,-76.6561621,-1.745,0.19,0.18,-0.16,2.010,3.000,0.60,28
$GNSS,2024-10-11T18:41:18.200Z,34.7333351,-76.6561620,-1.706,-0.05,0.16,0.23,2.011,3.002,0.49,28
$GNSS,2024-10-11T18:41:18.400Z,34.7333351,-76.6561619,-1.703,0.09,0.03,0.13,2.011,3.001,0.55,28
$GNSS,2024-10-11T18:41:18.600Z,34.7333349,-76.6561621,-1.646,0.00,-0.04,0.08,2.009,3.000,0.50,28
$GNSS,2024-10-11T18:41:18.800Z,34.7333349,-76.6561623,-1.629,0.17,0.03,-0.04,2.007,2.999,0.49,28
$GNSS,2024-10-11T18:41:19.000Z,34.7333347,-76.6561625,-1.604,-0.02,-0.13,-0.16,2.003,2.998,0.48,28
$GNSS,2024-10-11T18:41:19.200Z,34.7333346,-76.6561626,-1.522,0.19,0.24,0.29,1.999,2.993,0.43,28
$GNSS,2024-10-11T18:41:19.400Z,34.7333346,-76.6561626,-1.462,0.05,0.00,0.11,1.994,2.988,0.45,28
$GNSS,2024-10-11T18:41:19.600Z,34.7333344,-76.6561628,-1.395,-0.04,-0.01,-0.05,1.990,2.982,0.46,28
$GNSS,2024-10-11T18:41:19.800Z,34.7333342,-76.6561630,-1.319,0.06,0.07,0.20,1.985,2.979,0.48,28
$GNSS,2024-10-11T18:41:20.000Z,34.7333339,-76.6561631,-1.292,-0.16,-0.16,-0.21,1.982,2.981,0.51,28
$GNSS,2024-10-11T18:41:20.200Z,34.7333335,-76.6561627,-1.400,-0.36,0.21,0.26,1.982,2.986,0.50,28
$GNSS,2024-10-11T18:41:20.400Z,34.7333327,-76.6561621,-1.508,-0.57,0.08,-0.18,1.984,2.993,0.58,28
$GNSS,2024-10-11T18:41:20.600Z,34.7333318,-76.6561616,-1.529,-0.21,0.42,0.36,1.985,2.997,0.48,28
$GNSS,2024-10-11T18:41:20.800Z,34.7333315,-76.6561614,-1.522,0.17,0.18,0.50,1.985,3.001,0.53,28
$GNSS,2024-10-11T18:41:21.000Z,34.7333313,-76.6561611,-1.505,-0.03,0.32,0.35,1.986,3.004,0.51,28
$GNSS,2024-10-11T18:41:21.200Z,34.7333312,-76.6561609,-1.521,-0.02,-0.25,-0.33,1.988,3.007,0.53,28
$GNSS,2024-10-11T18:41:21.400Z,34.7333310,-76.6561613,-1.454,0.01,0.10,0.14,1.991,3.011,0.59,28
$GNSS,2024-10-11T18:41:21.600Z,34.7333307,-76.6561613,-1.332,-0.13,0.13,-0.33,1.997,3.022,0.66,28
$GNSS,2024-10-11T18:41:21.800Z,34.7333307,-76.6561613,-1.166,0.27,0.09,-0.50,2.003,3.031,0.64,28
$GNSS,2024-10-11T18:41:22.000Z,34.7333307,-76.6561610,-1.194,-0.20,0.09,0.03,2.008,3.040,0.70,28
$GNSS,2024-10-11T18:41:22.200Z,34.7333306,-76.6561608,-1.241,0.10,0.07,0.01,2.016,3.054,0.68,28
$GNSS,2024-10-11T18:41:22.400Z,34.7333306,-76.6561605,-1.205,0.13,0.40,0.39,2.026,3.068,0.69,28
$GNSS,2024-10-11T18:41:22.600Z,34.7333303,-76.6561600,-1.277,-0.20,0.04,0.17,2.037,3.083,0.73,28
$GNSS,2024-10-11T18:41:22.800Z,34.7333300,-76.6561604,-1.265,-0.15,-0.22,0.04,2.049,3.099,0.62,27
$GNSS,2024-10-11T18:41:23.000Z,34.7333301,-76.6561599,-1.169,0.22,0.63,-0.49,2.062,3.116,0.58,27
$GNSS,2024-10-11T18:41:23.200Z,34.7333304,-76.6561588,-0.927,0.28,0.70,-0.67,2.075,3.134,0.62,27
$GNSS,2024-10-11T18:41:23.400Z,34.7333308,-76.6561583,-0.804,0.23,0.20,0.04,2.089,3.152,0.70,27
$GNSS,2024-10-11T18:41:23.600Z,34.7333305,-76.6561583,-0.894,-0.25,0.07,1.27,2.104,3.171,0.74,27
$GNSS,2024-10-11T18:41:23.800Z,34.7333297,-76.6561589,-0.973,-0.38,-0.17,1.12,2.119,3.188,0.74,28
$GNSS,2024-10-11T18:41:24.000Z,34.7333292,-76.6561593,-1.098,-0.26,-0.08,0.76,2.134,3.206,0.74,28
$GNSS,2024-10-11T18:41:24.200Z,34.7333293,-76.6561593,-1.260,0.18,0.05,0.74,2.148,3.226,0.82,28
$GNSS,2024-10-11T18:41:24.400Z,34.7333291,-76.6561594,-1.294,-0.09,0.08,0.57,2.165,3.254,0.83,28
$GNSS,2024-10-11T18:41:24.600Z,34.7333294,-76.6561593,-1.440,0.22,0.01,0.55,2.185,3.285,0.87,28
$GNSS,2024-10-11T18:41:24.800Z,34.7333294,-76.6561590,-1.456,-0.03,0.24,0.24,2.205,3.317,0.81,28
$GNSS,2024-10-11T18:41:25.000Z,34.7333291,-76.6561581,-1.435,-0.17,0.48,-0.08,2.227,3.353,0.81,28
$GNSS,2024-10-11T18:41:25.200Z,34.7333285,-76.6561573,-1.352,-0.25,0.47,0.08,2.248,3.388,0.83,28
$GNSS,2024-10-11T18:41:25.400Z,34.7333282,-76.6561569,-1.359,0.06,0.18,0.42,2.269,3.420,0.84,28
$GNSS,2024-10-11T18:41:25.600Z,34.7333282,-76.6561566,-1.460,0.03,0.14,0.68,2.287,3.451,0.86,28
$GNSS,2024-10-11T18:41:25.800Z,34.7333286,-76.6561561,-1.638,0.30,0.22,0.71,2.303,3.476,0.85,28
$GNSS,2024-10-11T18:41:26.000Z,34.7333289,-76.6561556,-1.864,0.14,0.22,0.89,2.317,3.503,0.88,28
$GNSS,2024-10-11T18:41:26.200Z,34.7333287,-76.6561554,-1.831,-0.06,0.21,0.36,2.330,3.529,0.85,28
$GNSS,2024-10-11T18:41:26.400Z,34.7333283,-76.6561548,-1.815,-0.16,0.43,0.41,2.343,3.554,0.82,28
$GNSS,2024-10-11T18:41:26.600Z,34.7333284,-76.6561545,-1.721,0.37,0.11,0.15,2.356,3.579,0.85,28
$GNSS,2024-10-11T18:41:26.800Z,34.7333294,-76.6561556,-1.614,0.94,-0.71,0.16,2.370,3.604,0.77,28
$GNSS,2024-10-11T18:41:27.000Z,34.7333307,-76.6561573,-1.480,0.82,-0.56,-0.04,2.384,3.630,0.83,28
$GNSS,2024-10-11T18:41:27.200Z,34.7333311,-76.6561591,-1.344,0.32,-0.64,0.28,2.399,3.654,0.71,28
$GNSS,2024-10-11T18:41:27.400Z,34.7333312,-76.6561604,-1.304,0.07,-0.40,0.12,2.415,3.679,0.71,28
$GNSS,2024-10-11T18:41:27.600Z,34.7333308,-76.6561609,-1.395,-0.33,-0.17,0.28,2.432,3.700,0.89,28
$GNSS,2024-10-11T18:41:27.800Z,34.7333299,-76.6561608,-1.319,-0.37,0.31,-0.01,2.449,3.720,0.80,28
$GNSS,2024-10-11T18:41:28.000Z,34.7333285,-76.6561602,-1.371,-0.94,0.12,-0.12,2.465,3.739,0.90,28
$GNSS,2024-10-11T18:41:28.200Z,34.7333268,-76.6561590,-1.624,-1.10,0.39,0.16,2.482,3.760,0.89,28
$GNSS,2024-10-11T18:41:28.400Z,34.7333250,-76.6561580,-1.753,-0.94,0.40,0.34,2.500,3.786,0.89,28
$GNSS,2024-10-11T18:41:28.600Z,34.7333239,-76.6561567,-1.947,-0.52,0.38,0.31,2.519,3.813,0.86,28
$GNSS,2024-10-11T18:41:28.800Z,34.7333233,-76.6561560,-1.947,-0.14,0.34,0.27,2.537,3.843,0.86,28
$GNSS,2024-10-11T18:41:29.000Z,34.7333236,-76.6561547,-2.058,0.34,0.59,0.36,2.556,3.872,0.96,28
$GNSS,2024-10-11T18:41:29.200Z,34.7333244,-76.6561543,-2.217,0.57,-0.15,0.68,2.574,3.904,0.98,28
$GNSS,2024-10-11T18:41:29.400Z,34.7333251,-76.6561550,-2.330,0.44,-0.26,0.91,2.593,3.936,0.96,28
$GNSS,2024-10-11T18:41:29.600Z,34.7333251,-76.6561548,-2.634,-0.20,-0.08,0.72,2.611,3.963,0.92,28
$GNSS,2024-10-11T18:41:29.800Z,34.7333252,-76.6561551,-2.458,0.36,0.12,-0.01,2.627,3.985,0.98,28
$GNSS,2024-10-11T18:41:30.000Z,34.7333251,-76.6561555,-2.287,0.03,-0.03,-0.07,2.642,4.010,0.90,28
$GNSS,2024-10-11T18:41:30.200Z,34.7333251,-76.6561555,-2.251,0.13,0.07,0.05,2.657,4.033,0.97,28
$GNSS,2024-10-11T18:41:30.400Z,34.7333255,-76.6561552,-2.351,0.25,0.12,0.36,2.671,4.056,1.01,28
$GNSS,2024-10-11T18:41:30.600Z,34.7333258,-76.6561551,-2.427,0.25,0.09,0.54,2.686,4.080,1.01,28
$GNSS,2024-10-11T18:41:30.800Z,34.7333262,-76.6561551,-2.403,0.35,0.02,0.29,2.699,4.104,1.01,28
$GNSS,2024-10-11T18:41:31.000Z,34.7333264,-76.6561550,-2.397,0.21,0.05,0.25,2.713,4.126,1.01,28
$GNSS,2024-10-11T18:41:31.200Z,34.7333261,-76.6561553,-2.454,-0.25,-0.25,0.31,2.727,4.146,0.81,28
$GNSS,2024-10-11T18:41:31.400Z,34.7333262,-76.6561560,-2.471,0.26,-0.35,0.28,2.741,4.169,0.84,28
$GNSS,2024-10-11T18:41:31.600Z,34.7333258,-76.6561560,-2.535,-0.39,0.14,0.20,2.756,4.198,0.94,28
$GNSS,2024-10-11T18:41:31.800Z,34.7333250,-76.6561549,-2.502,-0.35,0.76,0.12,2.772,4.225,0.91,28
$GNSS,2024-10-11T18:41:32.000Z,34.7333240,-76.6561547,-2.375,-0.44,0.03,0.21,2.789,4.250,0.98,28
$GNSS,2024-10-11T18:41:32.200Z,34.7333230,-76.6561547,-2.336,-0.48,0.07,0.22,2.805,4.275,0.94,28
$GNSS,2024-10-11T18:41:32.400Z,34.7333226,-76.6561541,-2.496,-0.20,0.15,0.30,2.821,4.300,0.92,28
$GNSS,2024-10-11T18:41:32.600Z,34.7333224,-76.6561532,-2.567,-0.07,0.46,0.25,2.836,4.322,0.91,28
$GNSS,2024-10-11T18:41:32.800Z,34.7333226,-76.6561524,-2.502,0.30,0.35,-0.01,2.851,4.345,0.97,28
$GNSS,2024-10-11T18:41:33.000Z,34.7333228,-76.6561509,-2.762,-0.06,0.56,0.73,2.864,4.370,0.96,27
$GNSS,2024-10-11T18:41:33.200Z,34.7333223,-76.6561500,-2.754,-0.24,0.61,0.80,2.876,4.389,0.94,27
$GNSS,2024-10-11T18:41:33.400Z,34.7333222,-76.6561490,-2.820,0.08,0.44,0.66,2.884,4.404,0.97,26
$GNSS,2024-10-11T18:41:33.600Z,34.7333229,-76.6561479,-2.924,0.49,0.42,0.26,2.891,4.418,0.96,26
$GNSS,2024-10-11T18:41:33.800Z,34.7333233,-76.6561473,-3.065,0.19,0.01,0.51,2.899,4.437,0.91,26
$GNSS,2024-10-11T18:41:34.000Z,34.7333236,-76.6561468,-3.185,0.42,0.37,1.22,2.906,4.454,0.95,26
$GNSS,2024-10-11T18:41:34.200Z,34.7333238,-76.6561460,-3.122,0.37,0.70,1.01,2.914,4.471,0.97,27
$GNSS,2024-10-11T18:41:34.400Z,34.7333238,-76.6561448,-3.127,0.15,0.68,0.81,2.922,4.489,0.95,27
$GNSS,2024-10-11T18:41:34.600Z,34.7333236,-76.6561435,-3.367,-0.19,0.45,0.86,2.933,4.508,0.93,27
$GNSS,2024-10-11T18:41:34.800Z,34.7333229,-76.6561428,-3.312,-0.19,0.38,0.49,2.945,4.527,0.96,27
$GNSS,2024-10-11T18:41:35.000Z,34.7333227,-76.6561431,-3.221,0.16,-0.17,0.44,2.958,4.545,0.91,27
$GNSS,2024-10-11T18:41:35.200Z,34.7333230,-76.6561436,-3.371,0.22,-0.29,0.54,2.969,4.559,0.88,27
$GNSS,2024-10-11T18:41:35.400Z,34.7333237,-76.6561439,-3.527,0.48,-0.23,0.62,2.979,4.571,0.93,27
$GNSS,2024-10-11T18:41:35.600Z,34.7333243,-76.6561442,-3.564,0.42,0.00,0.44,2.986,4.578,0.97,27
$GNSS,2024-10-11T18:41:35.800Z,34.7333241,-76.6561445,-3.353,0.12,0.04,0.13,2.990,4.581,1.00,27
$GNSS,2024-10-11T18:41:36.000Z,34.7333240,-76.6561439,-3.291,0.05,0.51,0.11,2.993,4.585,0.84,27
$GNSS,2024-10-11T18:41:36.200Z,34.7333240,-76.6561437,-3.237,0.27,-0.15,-0.10,2.996,4.585,0.77,27
$GNSS,2024-10-11T18:41:36.400Z,34.7333238,-76.6561441,-3.210,-0.08,-0.11,0.14,2.992,4.573,0.81,27
$GNSS,2024-10-11T18:41:36.600Z,34.7333236,-76.6561444,-3.309,-0.05,-0.09,0.25,2.986,4.550,0.78,27
$GNSS,2024-10-11T18:41:36.800Z,34.7333232,-76.6561450,-3.268,-0.07,-0.15,0.14,2.977,4.526,0.67,27
$GNSS,2024-10-11T18:41:37.000Z,34.7333228,-76.6561453,-3.377,-0.22,-0.05,0.32,2.966,4.497,0.69,27
$GNSS,2024-10-11T18:41:37.200Z,34.7333222,-76.6561460,-3.188,0.05,0.06,0.15,2.954,4.468,0.66,28
$GNSS,2024-10-11T18:41:37.400Z,34.7333222,-76.6561463,-3.127,0.13,0.06,0.22,2.943,4.439,0.66,28
$GNSS,2024-10-11T18:41:37.600Z,34.7333220,-76.6561463,-3.156,-0.11,0.12,0.25,2.932,4.417,0.60,28
$GNSS,2024-10-11T18:41:37.800Z,34.7333217,-76.6561466,-3.058,-0.05,0.13,0.18,2.921,4.397,0.58,28
$GNSS,2024-10-11T18:41:38.000Z,34.7333214,-76.6561464,-3.109,-0.15,0.06,0.17,2.910,4.378,0.64,28
$GNSS,2024-10-11T18:41:38.200Z,34.7333211,-76.6561468,-3.028,-0.05,0.06,0.30,2.899,4.362,0.68,28
$GNSS,2024-10-11T18:41:38.400Z,34.7333210,-76.6561469,-2.986,-0.02,0.04,0.12,2.886,4.345,0.64,28
$GNSS,2024-10-11T18:41:38.600Z,34.7333210,-76.6561470,-2.998,-0.01,0.00,0.25,2.873,4.327,0.65,28
$GNSS,2024-10-11T18:41:38.800Z,34.7333209,-76.6561471,-2.998,-0.14,0.10,0.25,2.859,4.309,0.59,28
$GNSS,2024-10-11T18:41:39.000Z,34.7333209,-76.6561471,-2.962,-0.05,0.20,0.05,2.845,4.290,0.43,28
$GNSS,2024-10-11T18:41:39.200Z,34.7333211,-76.6561468,-2.974,0.15,0.15,-0.02,2.828,4.263,0.51,28
$GNSS,2024-10-11T18:41:39.400Z,34.7333213,-76.6561467,-3.007,-0.01,-0.02,0.09,2.813,4.242,0.62,28
$GNSS,2024-10-11T18:41:39.600Z,34.7333212,-76.6561469,-2.979,0.01,0.20,0.23,2.799,4.221,0.51,28
$GNSS,2024-10-11T18:41:39.800Z,34.7333211,-76.6561475,-2.864,-0.06,0.03,0.14,2.784,4.200,0.60,28
$GNSS,2024-10-11T18:41:40.000Z,34.7333210,-76.6561483,-2.779,-0.06,-0.05,0.18,2.769,4.178,0.59,28
$GNSS,2024-10-11T18:41:40.200Z,34.7333208,-76.6561487,-2.724,-0.05,0.06,0.05,2.755,4.158,0.44,28
$GNSS,2024-10-11T18:41:40.400Z,34.7333207,-76.6561489,-2.695,0.03,-0.02,0.01,2.740,4.136,0.36,28
$GNSS,2024-10-11T18:41:40.600Z,34.7333207,-76.6561493,-2.631,-0.04,0.02,0.10,2.727,4.117,0.53,28
$GNSS,2024-10-11T18:41:40.800Z,34.7333207,-76.6561495,-2.605,0.11,0.07,0.14,2.714,4.097,0.48,28
$GNSS,2024-10-11T18:41:41.000Z,34.7333206,-76.6561501,-2.487,0.00,0.16,0.24,2.701,4.079,0.49,28
$GNSS,2024-10-11T18:41:41.200Z,34.7333203,-76.6561505,-2.401,0.09,0.13,0.26,2.689,4.060,0.50,28
$GNSS,2024-10-11T18:41:41.400Z,34.7333203,-76.6561510,-2.344,0.18,0.03,0.18,2.679,4.044,0.47,28
$GNSS,2024-10-11T18:41:41.600Z,34.7333201,-76.6561516,-2.282,-0.06,0.11,0.29,2.669,4.028,0.54,28
$GNSS,2024-10-11T18:41:41.800Z,34.7333199,-76.6561520,-2.265,-0.07,0.02,0.27,2.660,4.013,0.60,28
$GNSS,2024-10-11T18:41:42.000Z,34.7333195,-76.6561528,-2.215,-0.05,0.04,0.37,2.652,3.998,0.58,28
$GNSS,2024-10-11T18:41:42.200Z,34.7333192,-76.6561537,-2.151,0.00,0.07,0.36,2.643,3.982,0.57,28
$GNSS,2024-10-11T18:41:42.400Z,34.7333190,-76.6561542,-2.126,-0.02,0.20,0.34,2.636,3.967,0.51,28
$GNSS,2024-10-11T18:41:42.600Z,34.7333188,-76.6561543,-2.108,0.02,0.12,0.19,2.628,3.952,0.51,28
$GNSS,2024-10-11T18:41:42.800Z,34.7333185,-76.6561547,-2.089,-0.06,0.14,0.38,2.620,3.936,0.54,27
$GNSS,2024-10-11T18:41:43.000Z,34.7333182,-76.6561554,-2.054,-0.01,0.08,0.40,2.612,3.921,0.56,27
$GNSS,2024-10-11T18:41:43.200Z,34.7333181,-76.6561560,-1.985,0.10,0.17,0.24,2.604,3.906,0.49,27
$GNSS,2024-10-11T18:41:43.400Z,34.7333181,-76.6561562,-1.948,0.08,0.18,0.17,2.597,3.891,0.47,27
$GNSS,2024-10-11T18:41:43.600Z,34.7333181,-76.6561560,-1.941,0.09,0.32,0.19,2.590,3.877,0.46,27
$GNSS,2024-10-11T18:41:43.800Z,34.7333180,-76.6561563,-1.887,0.06,0.16,0.30,2.583,3.863,0.52,27
$GNSS,2024-10-11T18:41:44.000Z,34.7333178,-76.6561570,-1.808,0.02,0.11,0.22,2.577,3.850,0.53,27
$GNSS,2024-10-11T18:41:44.200Z,34.7333178,-76.6561571,-1.769,0.14,0.21,0.12,2.571,3.838,0.47,27
$GNSS,2024-10-11T18:41:44.400Z,34.7333179,-76.6561570,-1.754,0.11,0.24,0.13,2.565,3.826,0.47,27
$GNSS,2024-10-11T18:41:44.600Z,34.7333180,-76.6561568,-1.722,0.10,0.36,0.16,2.559,3.813,0.46,28
$GNSS,2024-10-11T18:41:44.800Z,34.7333180,-76.6561569,-1.648,0.07,0.19,0.07,2.553,3.801,0.46,28
$GNSS,2024-10-11T18:41:45.000Z,34.7333179,-76.6561571,-1.626,0.03,0.09,0.22,2.547,3.788,0.54,28
$GNSS,2024-10-11T18:41:45.200Z,34.7333179,-76.6561575,-1.625,0.05,-0.03,0.22,2.540,3.777,0.59,28
$GNSS,2024-10-11T18:41:45.400Z,34.7333179,-76.6561578,-1.615,0.07,0.01,0.08,2.534,3.765,0.48,27
$GNSS,2024-10-11T18:41:45.600Z,34.7333177,-76.6561583,-1.577,-0.03,-0.03,0.09,2.528,3.753,0.64,27
$GNSS,2024-10-11T18:41:45.800Z,34.7333176,-76.6561586,-1.559,-0.02,0.04,0.14,2.521,3.740,0.55,28
$GNSS,2024-10-11T18:41:46.000Z,34.7333176,-76.6561585,-1.566,0.09,0.11,0.03,2.516,3.728,0.47,25
$GNSS,2024-10-11T18:41:46.200Z,34.7333176,-76.6561588,-1.530,0.03,0.05,0.14,2.511,3.716,0.52,25
$GNSS,2024-10-11T18:41:46.400Z,34.7333175,-76.6561594,-1.496,-0.02,-0.03,0.22,2.505,3.704,0.62,25
$GNSS,2024-10-11T18:41:46.600Z,34.7333174,-76.6561601,-1.429,0.02,0.05,0.16,2.501,3.694,0.54,25
$GNSS,2024-10-11T18:41:46.800Z,34.7333173,-76.6561600,-1.427,-0.09,0.07,0.02,2.498,3.687,0.39,25
$GNSS,2024-10-11T18:41:47.000Z,34.7333172,-76.6561599,-1.407,0.01,0.07,-0.03,2.496,3.682,0.63,25
$GNSS,2024-10-11T18:41:47.200Z,34.7333171,-76.6561604,-1.389,-0.09,-0.02,0.23,2.494,3.677,0.70,25
$GNSS,2024-10-11T18:41:47.400Z,34.7333171,-76.6561606,-1.343,0.14,0.11,0.01,2.493,3.673,0.51,25
$GNSS,2024-10-11T18:41:47.600Z,34.7333173,-76.6561606,-1.289,0.11,0.08,-0.09,2.491,3.669,0.65,25
$GNSS,2024-10-11T18:41:47.800Z,34.7333174,-76.6561610,-1.221,0.03,-0.06,-0.03,2.488,3.663,0.43,25
$GNSS,2024-10-11T18:41:48.000Z,34.7333175,-76.6561613,-1.184,0.09,0.05,0.07,2.484,3.657,0.47,25
$GNSS,2024-10-11T18:41:48.200Z,34.7333176,-76.6561613,-1.135,0.06,0.16,-0.05,2.481,3.651,0.56,25
$GNSS,2024-10-11T18:41:48.400Z,34.7333176,-76.6561615,-1.089,0.02,0.17,0.16,2.477,3.645,0.49,25
$GNSS,2024-10-11T18:41:48.600Z,34.7333176,-76.6561616,-1.062,0.06,0.06,0.18,2.474,3.639,0.57,25
$GNSS,2024-10-11T18:41:48.800Z,34.7333177,-76.6561621,-0.998,0.10,-0.04,0.05,2.471,3.633,0.44,25
$GNSS,2024-10-11T18:41:49.000Z,34.7333177,-76.6561626,-0.948,0.06,-0.02,0.08,2.468,3.627,0.53,24
$GNSS,2024-10-11T18:41:49.200Z,34.7333177,-76.6561628,-0.949,-0.07,-0.01,0.10,2.466,3.621,0.62,24
$GNSS,2024-10-11T18:41:49.400Z,34.7333176,-76.6561629,-0.936,0.06,-0.01,0.02,2.464,3.615,0.42,25
$GNSS,2024-10-11T18:41:49.600Z,34.7333177,-76.6561626,-0.951,0.01,0.06,-0.03,2.462,3.608,0.57,25
$GNSS,2024-10-11T18:41:49.800Z,34.7333177,-76.6561624,-0.933,-0.06,0.13,-0.05,2.459,3.602,0.48,25
$GNSS,2024-10-11T18:41:50.000Z,34.7333176,-76.6561623,-0.874,0.03,0.15,-0.10,2.459,3.595,0.64,25
$GNSS,2024-10-11T18:41:50.200Z,34.7333177,-76.6561626,-0.802,0.10,0.00,-0.08,2.459,3.589,0.59,25
$GNSS,2024-10-11T18:41:50.400Z,34.7333176,-76.6561631,-0.756,0.03,-0.03,0.08,2.459,3.583,0.61,25
$GNSS,2024-10-11T18:41:50.600Z,34.7333176,-76.6561633,-0.764,0.00,-0.04,0.07,2.460,3.577,0.65,25
$GNSS,2024-10-11T18:41:50.800Z,34.7333177,-76.6561633,-0.749,0.06,0.19,0.04,2.460,3.571,0.48,25
$GNSS,2024-10-11T18:41:51.000Z,34.7333177,-76.6561634,-0.708,0.07,0.10,0.07,2.460,3.564,0.47,25
$GNSS,2024-10-11T18:41:51.200Z,34.7333178,-76.6561633,-0.762,0.02,0.04,0.23,2.459,3.557,0.58,25
$GNSS,2024-10-11T18:41:51.400Z,34.7333178,-76.6561634,-0.760,0.12,0.09,0.14,2.458,3.549,0.48,25
$GNSS,2024-10-11T18:41:51.600Z,34.7333179,-76.6561635,-0.735,0.03,0.13,0.04,2.455,3.540,0.45,25
$GNSS,2024-10-11T18:41:51.800Z,34.7333179,-76.6561633,-0.742,-0.02,0.17,0.10,2.453,3.533,0.43,25
$GNSS,2024-10-11T18:41:52.000Z,34.7333177,-76.6561630,-0.734,-0.03,0.27,0.09,2.450,3.525,0.39,25
$GNSS,2024-10-11T18:41:52.200Z,34.7333175,-76.6561634,-0.672,-0.07,0.23,0.23,2.448,3.519,0.47,25
$GNSS,2024-10-11T18:41:52.400Z,34.7333172,-76.6561638,-0.614,0.01,0.19,0.24,2.445,3.513,0.49,25
$GNSS,2024-10-11T18:41:52.600Z,34.7333170,-76.6561643,-0.584,-0.09,0.07,0.31,2.441,3.506,0.57,25
$GNSS,2024-10-11T18:41:52.800Z,34.7333168,-76.6561651,-0.484,0.02,0.09,0.13,2.438,3.501,0.53,25
$GNSS,2024-10-11T18:41:53.000Z,34.7333166,-76.6561659,-0.441,-0.09,-0.19,0.20,2.435,3.494,0.64,25
$GNSS,2024-10-11T18:41:53.200Z,34.7333166,-76.6561666,-0.390,0.04,-0.11,0.04,2.431,3.489,0.48,25
$GNSS,2024-10-11T18:41:53.400Z,34.7333166,-76.6561672,-0.313,0.07,0.28,0.22,2.426,3.484,0.44,25
$GNSS,2024-10-11T18:41:53.600Z,34.7333167,-76.6561670,-0.297,0.04,0.15,0.18,2.421,3.479,0.48,25
$GNSS,2024-10-11T18:41:53.800Z,34.7333168,-76.6561670,-0.263,0.12,0.17,0.18,2.416,3.471,0.41,25
$GNSS,2024-10-11T18:41:54.000Z,34.7333170,-76.6561667,-0.288,0.10,0.26,0.28,2.410,3.464,0.42,25
$GNSS,2024-10-11T18:41:54.200Z,34.7333169,-76.6561662,-0.291,0.07,0.31,0.17,2.404,3.456,0.39,25
$GNSS,2024-10-11T18:41:54.400Z,34.7333168,-76.6561663,-0.269,0.06,0.03,0.25,2.399,3.450,0.54,25
$GNSS,2024-10-11T18:41:54.600Z,34.7333167,-76.6561665,-0.243,0.01,0.02,0.15,2.393,3.443,0.56,25
$GNSS,2024-10-11T18:41:54.800Z,34.7333165,-76.6561666,-0.221,-0.06,0.07,0.04,2.388,3.437,0.38,25
$GNSS,2024-10-11T18:41:55.000Z,34.7333163,-76.6561663,-0.213,-0.01,0.10,-0.08,2.382,3.431,0.53,25
$GNSS,2024-10-11T18:41:55.200Z,34.7333162,-76.6561662,-0.181,-0.04,-0.09,-0.18,2.377,3.424,0.49,25
$GNSS,2024-10-11T18:41:55.400Z,34.7333160,-76.6561664,-0.144,-0.01,0.06,-0.03,2.371,3.417,0.49,25
$GNSS,2024-10-11T18:41:55.600Z,34.7333160,-76.6561664,-0.104,0.03,0.03,-0.04,2.366,3.411,0.60,25
$GNSS,2024-10-11T18:41:55.799Z,34.7333158,-76.6561665,-0.047,-0.06,-0.09,-0.15,2.362,3.404,0.46,25
$GNSS,2024-10-11T18:41:56.000Z,34.7333156,-76.6561667,-0.037,-0.09,-0.11,0.06,2.357,3.398,0.55,25
$GNSS,2024-10-11T18:41:56.200Z,34.7333152,-76.6561671,-0.012,-0.14,-0.08,0.05,2.352,3.391,0.51,25
$GNSS,2024-10-11T18:41:56.400Z,34.7333150,-76.6561672,-0.003,-0.10,-0.15,-0.04,2.348,3.384,0.42,25
$GNSS,2024-10-11T18:41:56.600Z,34.7333149,-76.6561673,0.023,-0.01,-0.07,-0.08,2.343,3.377,0.43,27
$GNSS,2024-10-11T18:41:56.800Z,34.7333147,-76.6561674,0.033,-0.05,0.03,0.06,2.339,3.371,0.50,26
$GNSS,2024-10-11T18:41:57.000Z,34.7333146,-76.6561673,0.052,-0.03,0.02,0.04,2.335,3.365,0.52,27
$GNSS,2024-10-11T18:41:57.200Z,34.7333145,-76.6561672,0.067,0.01,0.15,0.12,2.330,3.360,0.41,27
$GNSS,2024-10-11T18:41:57.400Z,34.7333144,-76.6561669,0.089,0.07,0.18,0.08,2.326,3.355,0.39,27
$GNSS,2024-10-11T18:41:57.600Z,34.7333145,-76.6561665,0.125,0.15,0.32,0.13,2.322,3.349,0.41,27
$GNSS,2024-10-11T18:41:57.800Z,34.7333145,-76.6561662,0.177,0.16,0.36,0.12,2.320,3.344,0.42,26
$GNSS,2024-10-11T18:41:58.000Z,34.7333145,-76.6561658,0.179,0.08,0.29,0.30,2.317,3.340,0.45,26
$GNSS,2024-10-11T18:41:58.200Z,34.7333145,-76.6561654,0.165,0.08,0.32,0.30,2.315,3.336,0.44,26
$GNSS,2024-10-11T18:41:58.400Z,34.7333145,-76.6561652,0.208,0.14,0.35,0.34,2.313,3.333,0.45,26
$GNSS,2024-10-11T18:41:58.600Z,34.7333143,-76.6561652,0.192,-0.01,0.21,0.57,2.311,3.329,0.56,26
$GNSS,2024-10-11T18:41:58.800Z,34.7333141,-76.6561652,0.172,0.00,0.14,0.64,2.308,3.326,0.58,27
$GNSS,2024-10-11T18:41:59.000Z,34.7333140,-76.6561654,0.161,0.04,0.13,0.58,2.306,3.323,0.59,27
$GNSS,2024-10-11T18:41:59.200Z,34.7333139,-76.6561650,0.121,0.03,0.29,0.46,2.304,3.321,0.53,27
$GNSS,2024-10-11T18:41:59.400Z,34.7333139,-76.6561648,0.141,0.07,0.24,0.30,2.302,3.319,0.51,27
$GNSS,2024-10-11T18:41:59.600Z,34.7333137,-76.6561647,0.144,-0.01,0.11,0.34,2.300,3.317,0.60,27
$GNSS,2024-10-11T18:41:59.800Z,34.7333136,-76.6561647,0.132,-0.04,0.10,0.35,2.298,3.315,0.61,27
$GNSS,2024-10-11T18:42:00.000Z,34.7333135,-76.6561648,0.130,0.05,0.02,0.24,2.296,3.311,0.59,27
$GNSS,2024-10-11T18:42:00.200Z,34.7333133,-76.6561651,0.164,-0.03,0.04,0.20,2.293,3.307,0.60,27
$GNSS,2024-10-11T18:42:00.400Z,34.7333131,-76.6561653,0.184,-0.06,-0.07,0.17,2.290,3.303,0.66,27
$GNSS,2024-10-11T18:42:00.600Z,34.7333130,-76.6561653,0.192,0.00,0.01,-0.01,2.288,3.300,0.38,27
$GNSS,2024-10-11T18:42:00.800Z,34.7333130,-76.6561652,0.186,0.04,0.10,0.06,2.286,3.297,0.45,27
$GNSS,2024-10-11T18:42:01.000Z,34.7333130,-76.6561649,0.185,0.06,0.13,-0.02,2.284,3.295,0.53,26
$GNSS,2024-10-11T18:42:01.200Z,34.7333129,-76.6561648,0.209,-0.03,0.12,0.05,2.282,3.294,0.42,26
$GNSS,2024-10-11T18:42:01.400Z,34.7333128,-76.6561645,0.194,0.01,0.09,-0.02,2.281,3.294,0.49,26
$GNSS,2024-10-11T18:42:01.600Z,34.7333128,-76.6561644,0.176,0.01,0.00,0.13,2.279,3.294,0.65,26
$GNSS,2024-10-11T18:42:01.800Z,34.7333129,-76.6561643,0.174,0.09,0.06,-0.04,2.278,3.295,0.55,26
$GNSS,2024-10-11T18:42:02.000Z,34.7333128,-76.6561642,0.172,-0.04,0.07,0.13,2.276,3.295,0.56,27
$GNSS,2024-10-11T18:42:02.200Z,34.7333128,-76.6561640,0.167,0.05,0.12,0.10,2.273,3.295,0.48,26
$GNSS,2024-10-11T18:42:02.400Z,34.7333128,-76.6561640,0.167,0.03,0.08,0.23,2.271,3.295,0.60,27
$GNSS,2024-10-11T18:42:02.600Z,34.7333126,-76.6561643,0.246,0.03,0.09,0.07,2.268,3.295,0.46,27
$GNSS,2024-10-11T18:42:02.800Z,34.7333126,-76.6561642,0.270,0.05,0.10,0.07,2.265,3.295,0.45,27
$GNSS,2024-10-11T18:42:03.000Z,34.7333127,-76.6561642,0.306,0.08,0.17,0.05,2.263,3.295,0.44,26
$GNSS,2024-10-11T18:42:03.200Z,34.7333126,-76.6561642,0.317,0.01,0.14,0.24,2.260,3.295,0.55,26
$GNSS,2024-10-11T18:42:03.400Z,34.7333126,-76.6561640,0.317,0.11,0.25,0.21,2.258,3.295,0.47,27
$GNSS,2024-10-11T18:42:03.600Z,34.7333127,-76.6561637,0.302,0.13,0.31,0.31,2.256,3.295,0.49,26
$GNSS,2024-10-11T18:42:03.800Z,34.7333127,-76.6561638,0.341,0.09,0.28,0.40,2.253,3.295,0.53,26
$GNSS,2024-10-11T18:42:04.000Z,34.7333127,-76.6561637,0.340,0.11,0.23,0.36,2.251,3.295,0.53,26
$GNSS,2024-10-11T18:42:04.200Z,34.7333128,-76.6561634,0.343,0.15,0.24,0.17,2.249,3.294,0.46,26
$GNSS,2024-10-11T18:42:04.400Z,34.7333129,-76.6561634,0.316,0.14,0.07,0.31,2.248,3.294,0.55,25
$GNSS,2024-10-11T18:42:04.600Z,34.7333130,-76.6561635,0.336,0.08,0.17,0.09,2.246,3.294,0.45,24
$GNSS,2024-10-11T18:42:04.800Z,34.7333131,-76.6561634,0.345,0.09,0.11,0.05,2.244,3.293,0.44,24
$GNSS,2024-10-11T18:42:05.000Z,34.7333132,-76.6561634,0.373,0.14,0.13,0.09,2.242,3.292,0.44,25
$GNSS,2024-10-11T18:42:05.200Z,34.7333133,-76.6561635,0.382,0.10,0.07,0.04,2.240,3.291,0.43,25
$GNSS,2024-10-11T18:42:05.400Z,34.7333133,-76.6561635,0.374,0.02,0.09,0.16,2.237,3.290,0.54,25
$GNSS,2024-10-11T18:42:05.600Z,34.7333132,-76.6561636,0.366,0.02,0.06,0.12,2.235,3.288,0.55,25
$GNSS,2024-10-11T18:42:05.800Z,34.7333131,-76.6561640,0.437,0.00,0.00,-0.03,2.233,3.287,0.57,25
$GNSS,2024-10-11T18:42:06.000Z,34.7333129,-76.6561644,0.462,-0.04,-0.10,0.00,2.231,3.286,0.45,25
$GNSS,2024-10-11T18:42:06.200Z,34.7333130,-76.6561642,0.450,0.08,0.13,-0.20,2.229,3.285,0.63,25
$GNSS,2024-10-11T18:42:06.400Z,34.7333131,-76.6561640,0.446,0.07,0.08,-0.06,2.228,3.283,0.58,25
$GNSS,2024-10-11T18:42:06.600Z,34.7333130,-76.6561642,0.478,-0.01,-0.01,-0.04,2.226,3.282,0.54,25
$GNSS,2024-10-11T18:42:06.800Z,34.7333129,-76.6561646,0.494,0.00,-0.09,0.10,2.224,3.280,0.56,25
$GNSS,2024-10-11T18:42:07.000Z,34.7333127,-76.6561650,0.518,-0.02,0.10,0.08,2.223,3.279,0.45,25
$GNSS,2024-10-11T18:42:07.200Z,34.7333126,-76.6561653,0.542,-0.03,0.01,0.11,2.221,3.278,0.60,25
$GNSS,2024-10-11T18:42:07.400Z,34.7333126,-76.6561653,0.524,0.12,0.15,0.16,2.219,3.276,0.48,25
$GNSS,2024-10-11T18:42:07.600Z,34.7333126,-76.6561652,0.523,0.08,0.24,0.23,2.218,3.276,0.48,24
$GNSS,2024-10-11T18:42:07.800Z,34.7333126,-76.6561651,0.498,0.01,0.09,0.22,2.216,3.275,0.56,24
$GNSS,2024-10-11T18:42:08.000Z,34.7333125,-76.6561651,0.496,0.02,0.13,0.10,2.214,3.274,0.46,25
$GNSS,2024-10-11T18:42:08.200Z,34.7333125,-76.6561650,0.501,0.09,0.16,0.13,2.211,3.272,0.46,25
$GNSS,2024-10-11T18:42:08.400Z,34.7333127,-76.6561650,0.521,0.09,-0.07,-0.11,2.210,3.271,0.49,25
$GNSS,2024-10-11T18:42:08.600Z,34.7333128,-76.6561652,0.529,0.07,-0.20,-0.21,2.207,3.266,0.46,26
$GNSS,2024-10-11T18:42:08.800Z,34.7333127,-76.6561663,0.659,0.03,-0.20,-0.14,2.204,3.259,0.41,26
$GNSS,2024-10-11T18:42:09.000Z,34.7333128,-76.6561670,0.709,0.18,-0.29,-0.15,2.200,3.251,0.36,26
$GNSS,2024-10-11T18:42:09.200Z,34.7333129,-76.6561678,0.805,0.19,-0.06,-0.11,2.195,3.242,0.39,26
$GNSS,2024-10-11T18:42:09.400Z,34.7333132,-76.6561686,0.900,0.36,-0.14,-0.07,2.190,3.232,0.32,26
$GNSS,2024-10-11T18:42:09.600Z,34.7333138,-76.6561687,0.922,0.34,0.18,0.17,2.187,3.225,0.45,26
$GNSS,2024-10-11T18:42:09.800Z,34.7333142,-76.6561684,0.924,0.41,0.27,0.01,2.184,3.219,0.43,26
$GNSS,2024-10-11T18:42:10.000Z,34.7333144,-76.6561680,0.939,-0.01,0.25,-0.04,2.182,3.214,0.40,26
$GNSS,2024-10-11T18:42:10.200Z,34.7333142,-76.6561675,0.924,-0.05,0.18,-0.08,2.178,3.208,0.39,26
$GNSS,2024-10-11T18:42:10.400Z,34.7333137,-76.6561678,0.936,-0.21,-0.23,-0.16,2.172,3.198,0.45,26
$GNSS,2024-10-11T18:42:10.600Z,34.7333131,-76.6561684,0.949,-0.38,-0.29,0.06,2.167,3.190,0.44,26
$GNSS,2024-10-11T18:42:10.800Z,34.7333123,-76.6561693,0.912,-0.24,-0.47,0.01,2.161,3.180,0.45,26
$GNSS,2024-10-11T18:42:11.000Z,34.7333116,-76.6561700,0.933,-0.23,0.06,0.29,2.155,3.168,0.37,26
$GNSS,2024-10-11T18:42:11.200Z,34.7333112,-76.6561700,0.960,-0.12,-0.08,-0.02,2.149,3.156,0.44,26
$GNSS,2024-10-11T18:42:11.400Z,34.7333110,-76.6561698,1.016,-0.16,0.44,0.48,2.139,3.136,0.38,26
$GNSS,2024-10-11T18:42:11.600Z,34.7333106,-76.6561693,0.984,-0.16,0.11,0.33,2.125,3.114,0.35,26
$GNSS,2024-10-11T18:42:11.800Z,34.7333102,-76.6561694,0.987,-0.21,0.04,0.36,2.111,3.093,0.37,26
$GNSS,2024-10-11T18:42:12.000Z,34.7333096,-76.6561695,0.932,-0.22,-0.01,0.51,2.099,3.077,0.39,26
$GNSS,2024-10-11T18:42:12.200Z,34.7333091,-76.6561692,0.922,-0.33,0.51,0.51,2.089,3.060,0.34,27
$GNSS,2024-10-11T18:42:12.400Z,34.7333086,-76.6561681,0.894,-0.18,0.68,0.63,2.080,3.046,0.36,27
$GNSS,2024-10-11T18:42:12.600Z,34.7333090,-76.6561668,0.834,0.54,0.38,0.41,2.070,3.031,0.39,27
$GNSS,2024-10-11T18:42:12.800Z,34.7333096,-76.6561658,0.781,0.17,0.18,0.39,2.056,3.017,0.40,27
$GNSS,2024-10-11T18:42:13.000Z,34.7333098,-76.6561655,0.738,0.05,-0.01,0.37,2.044,3.007,0.40,27
$GNSS,2024-10-11T18:42:13.200Z,34.7333099,-76.6561653,0.722,0.04,0.05,0.38,2.033,2.999,0.42,27
$GNSS,2024-10-11T18:42:13.400Z,34.7333100,-76.6561652,0.713,0.13,-0.07,0.33,2.019,2.990,0.40,27
$GNSS,2024-10-11T18:42:13.600Z,34.7333101,-76.6561649,0.687,0.05,0.13,0.27,2.006,2.981,0.41,27
$GNSS,2024-10-11T18:42:13.800Z,34.7333101,-76.6561643,0.710,-0.03,0.42,0.20,1.998,2.977,0.44,27
$GNSS,2024-10-11T18:42:14.000Z,34.7333104,-76.6561638,0.681,0.25,0.00,0.28,1.995,2.977,0.47,27
$GNSS,2024-10-11T18:42:14.200Z,34.7333106,-76.6561635,0.657,0.03,0.17,0.21,1.992,2.979,0.54,27
$GNSS,2024-10-11T18:42:14.400Z,34.7333103,-76.6561634,0.702,-0.25,-0.05,0.15,1.990,2.984,0.44,27
$GNSS,2024-10-11T18:42:14.600Z,34.7333099,-76.6561637,0.753,0.01,-0.08,0.15,1.990,2.990,0.58,27
$GNSS,2024-10-11T18:42:14.800Z,34.7333098,-76.6561636,0.851,-0.01,0.24,-0.07,1.990,2.996,0.53,27
$GNSS,2024-10-11T18:42:15.000Z,34.7333092,-76.6561634,0.939,-0.29,0.14,0.24,1.991,3.006,0.55,27
$GNSS,2024-10-11T18:42:15.200Z,34.7333086,-76.6561636,1.022,-0.12,-0.04,-0.01,1.990,3.014,0.44,27
$GNSS,2024-10-11T18:42:15.400Z,34.7333083,-76.6561640,1.096,-0.16,-0.21,-0.45,1.987,3.018,0.57,27
$GNSS,2024-10-11T18:42:15.600Z,34.7333082,-76.6561641,1.073,0.01,-0.11,0.05,1.983,3.019,0.39,27
$GNSS,2024-10-11T18:42:15.800Z,34.7333081,-76.6561640,1.091,0.03,0.02,-0.11,1.975,3.015,0.49,27
$GNSS,2024-10-11T18:42:16.000Z,34.7333083,-76.6561641,1.095,0.15,-0.06,0.00,1.968,3.011,0.34,27
$GNSS,2024-10-11T18:42:16.200Z,34.7333084,-76.6561640,1.124,0.08,0.05,0.11,1.960,3.007,0.45,27
$GNSS,2024-10-11T18:42:16.400Z,34.7333085,-76.6561642,1.164,0.07,-0.11,-0.01,1.953,3.005,0.38,27
$GNSS,2024-10-11T18:42:16.600Z,34.7333084,-76.6561645,1.253,0.10,-0.04,0.06,1.947,3.004,0.35,27
$GNSS,2024-10-11T18:42:16.800Z,34.7333083,-76.6561644,1.279,-0.09,0.13,0.06,1.941,3.002,0.43,27
$GNSS,2024-10-11T18:42:17.000Z,34.7333080,-76.6561643,1.333,0.04,-0.03,0.20,1.932,2.998,0.43,27
$GNSS,2024-10-11T18:42:17.200Z,34.7333078,-76.6561644,1.410,-0.02,0.00,0.01,1.923,2.993,0.32,27
$GNSS,2024-10-11T18:42:17.400Z,34.7333077,-76.6561644,1.443,0.07,0.01,0.13,1.914,2.986,0.40,27
$GNSS,2024-10-11T18:42:17.600Z,34.7333079,-76.6561644,1.438,0.22,-0.09,0.15,1.906,2.979,0.33,27
$GNSS,2024-10-11T18:42:17.800Z,34.7333079,-76.6561646,1.478,0.13,-0.05,0.26,1.898,2.974,0.39,27
$GNSS,2024-10-11T18:42:18.000Z,34.7333079,-76.6561646,1.476,0.13,0.04,0.30,1.890,2.969,0.42,27
$GNSS,2024-10-11T18:42:18.200Z,34.7333079,-76.6561646,1.464,0.11,-0.03,0.22,1.881,2.963,0.40,27
